"","SRS011061","SRS011084","SRS011134","SRS011239","SRS011271","SRS011302","SRS011405","SRS011452","SRS011529","SRS011586","SRS012273","SRS012902","SRS013158","SRS013215","SRS013476","SRS013521","SRS013687","SRS013800","SRS013951","SRS014235","SRS014287","SRS014313","SRS014459","SRS014613","SRS014683","SRS014923","SRS014979","SRS015065","SRS015133","SRS015190","SRS015217","SRS015264","SRS015369","SRS015578","SRS015663","SRS015782","SRS015794","SRS015854","SRS015960","SRS016018","SRS016056","SRS016095","SRS016203","SRS016267","SRS016335","SRS016495","SRS016585","SRS016753","SRS016954","SRS016989","SRS017103","SRS017191","SRS017247","SRS017307","SRS017433","SRS017521","SRS017701","SRS017821","SRS018133","SRS018313","SRS018351","SRS018427","SRS018575","SRS018656","SRS018817","SRS019030","SRS019161","SRS019267","SRS019397","SRS019582","SRS019601","SRS019685","SRS019787","SRS019910","SRS019968","SRS020233","SRS020328","SRS020869","SRS021484","SRS021948","SRS022071","SRS022137","SRS022524","SRS022609","SRS022713","SRS023346","SRS023526","SRS023583","SRS023829","SRS023914","SRS023971","SRS024009","SRS024075","SRS024132","SRS024265","SRS024331","SRS024388","SRS024435","SRS024549","SRS024625","SRS042284","SRS042628","SRS043001","SRS043411","SRS043701","SRS045004","SRS045645","SRS045713","SRS047014","SRS047044","SRS048164","SRS048870","SRS049164","SRS049712","SRS049900","SRS049959","SRS049995","SRS050299","SRS050422","SRS050752","SRS050925","SRS051031","SRS051882","SRS052027","SRS052697","SRS053214","SRS053335","SRS053398","SRS054590","SRS054956","SRS055982","SRS056259","SRS056519","SRS057478","SRS057717","SRS058723","SRS058770","SRS062427","SRS063040","SRS063985","SRS064276","SRS064557","SRS064645","SRS065504","SRS075398","SRS077730","SRS078176"
"k__Bacteria|p__Bacteroidetes|c__Bacteroidia|o__Bacteroidales|f__Tannerellaceae|g__Parabacteroides|s__Parabacteroides_merdae",21.25028,0,0.30353,0,1.00831,0.88339,8.99417,16.15991,3.5794,0.00019,0,0,0,0,2.82686,6.43151,7.32611,6.4115,1.63816,2.54684,2.90122,0,0.81728,4.30574,2.4376,1.07657,0.51524,1.14208,1.41769,0,0.60077,1.62762,2.03998,0,3.45217,8.49839,0,0,0,5.37442,2.78997,0.00017,3.29725,0,0.66866,0,0,22.40068,0,0.37578,1.70705,0,5.6624,0.20887,1.30812,9.4796,7.76892,4.38129,0.71599,0,0,0,6.53517,0,0,2.3883,3.72671,0.00111,6.02182,5.83797,0,1.50553,0,11.20361,13.58656,2.67579,1.66931,0,0,0,0,2.60734,6.79661,0.49112,0,0,1.88298,2.70685,0,15.4911,0,14.36138,2.42919,3.26236,0.59371,1.69011,0,4.97845,0,0,0,0.93778,0,0,0.00252,3.54563,4.62975,27.24419,0.58524,2.22294,4.79641,1.22805,0.71019,0.99213,0,5.16327,13.56085,1.3496,3.1946,4.32344,9.02677,1.69461,5.99132,0,4.57211,0,0.00228,9.5765,0,0,2.05611,0,5.82329,0,0,0,3.4401,8.29811,4.67932,3.71979,2.69364,1.44793,0,1.85395,0,0,3.45567
"k__Bacteria|p__Bacteroidetes|c__Bacteroidia|o__Bacteroidales|f__Bacteroidaceae|g__Bacteroides|s__Bacteroides_vulgatus",16.64597,18.0724,4.29878,27.45096,5.03531,6.15637,25.82763,0,13.40988,24.88539,0.32109,78.61214,51.90772,0,0,29.93533,1.57506,2.97213,1.43569,10.51594,25.47405,36.4674,7.31476,0,14.70315,0.82256,2.45455,13.79396,4.0217,46.08961,2.12827,39.0972,29.99009,49.04887,4.36335,8.0264,0.7736,26.86978,14.52301,0,13.71866,22.45197,19.18987,0,6.83082,2.53797,0.43223,53.08065,13.95463,33.53769,18.66633,31.11908,34.35774,6.91085,10.20778,29.11539,31.84523,10.34756,0,0,9.58057,14.31672,0,0.00331,9.18238,21.8407,8.41218,38.64112,19.08952,5.24894,4.93028,1.95996,0,35.13015,18.96666,12.21802,5.41654,13.5147,17.66991,11.97373,3.59439,19.14642,13.0641,2.15274,26.91256,0,9.64733,6.21712,55.0749,3.73314,35.90745,18.56674,36.98752,0,13.84109,23.55903,0,0.47582,0,26.78607,22.46318,0.01881,0,19.79615,38.12639,23.51352,31.49775,0,30.47517,4.50753,28.22416,6.27274,30.04925,7.31053,8.14449,4.72604,27.89201,25.09334,14.55161,20.06493,3.85788,13.27899,23.4147,30.89604,8.1811,27.98085,12.69148,16.8719,0,0,22.11477,19.40479,0,17.99279,0,61.92843,0,23.70247,15.63567,5.3329,0,23.03046,20.84736,29.18876,43.04874,16.2229,10.20975
"k__Bacteria|p__Bacteroidetes|c__Bacteroidia|o__Bacteroidales|f__Bacteroidaceae|g__Bacteroides|s__Bacteroides_cellulosilyticus",12.65408,0,0.07813,3.85113,0,0,0,0.33007,0.03244,0,0,0,0,0,12.68987,0,0,2.82701,0.48407,1.03538,3.95537,0,7.40865,0,0.01249,0.00482,0.84882,5.30136,0,5.43981,0,0.54514,0,0,0,0.49391,0,0,0,1.77623,0,9.99923,11.50166,0,0.07823,1.82187,8e-04,0,0,1.58613,0.18812,0.98308,0.13061,0.01542,0,0.0982,1.84948,0.30125,0.37381,0,0,3.58153,0,0.2634,0,0.19855,2.8746,3.5562,0,0,0.91345,4.90181,5.7288,0.0102,0,0.00883,0,0,0,0,0,0,0.94019,0.11884,0,0,0.02954,0.52539,0,0,0,0,2.82843,1.61931,0,1.62309,17.50156,0,0,0,0,0.3046,0,11.28049,0.75288,0.03668,0.01417,0.62204,0.1164,0.00847,0.01888,7.05532,0.12341,0.00106,0,0,0.00796,6.49818,0,0,0,0,0,0.38113,1.49961,16.85501,0,0.59329,21.93947,0,0,0,0,0,0,0.01157,1.23785,0.8847,2.38156,0,0,0,0,1.9777,0,3.3939,0.00894
"k__Bacteria|p__Bacteroidetes|c__Bacteroidia|o__Bacteroidales|f__Tannerellaceae|g__Parabacteroides|s__Parabacteroides_distasonis",11.64049,2.68634,4.8626,10.37525,1.89495,0.15585,0,0.96297,0.50113,3.11593,2.77478,0,0.83051,0,0,0.08542,0,9.74977,0.76087,3.02514,5.64446,12.55905,11.89295,0,0.33793,0.33877,1.12515,5.52615,0,8.34764,1.19727,2.88945,3.10865,0,2.58116,1.33488,2.03664,0,3.86182,0,1.49946,17.61196,0,24.82427,1.43127,0.43738,0.04561,0,0.49895,0.5818,3.63052,1.44417,0,0.43215,0.63725,0.60793,3.79292,0.08532,0.1435,4.07106,0.98904,0,5.61821,5.87127,0,0.61732,0.69153,1.67803,5.09445,0.97375,9.96271,3.12508,20.97018,8.54722,2.154,1.36366,2.07481,0,0.16803,1.51348,7.64814,0,1.53272,2.55151,1.12394,0,5.32634,1.15726,1.81103,0,4.74233,0,0,1.99942,0.59822,0.60666,0.78407,4.802,0,1.00614,0,0,0,11.36174,2.91744,0.62583,1.17881,2.22069,1.73423,0.34708,0.57139,1.34833,1.60243,0.63337,6.3903,0.79882,0.39703,4.5328,1.80054,3.75951,1.07049,0.73919,7.09155,5.39805,0.79122,3.85553,0,2.31971,9.80963,0,0,2.58129,4.91417,2.46079,0,8.41857,0.81355,0.58443,2.35286,0,0,4.71546,7.93834,2.65814,8.61548,5.07203,0.47008
"k__Bacteria|p__Bacteroidetes|c__Bacteroidia|o__Bacteroidales|f__Bacteroidaceae|g__Bacteroides|s__Bacteroides_sp_CAG_927",7.86965,0,8.23054,0,0,0,0,0,0,0,0,0,0,0,0,0,0,0,0,0,0,0,0,0,0,0,0,0,0,0,0,0,0,0,0,0,0,0,0,0,0,0,0,0,0,0,0,0,0,0,0,0,0,0,0,0,0,0,0,0,0,0,0,0,0,0,0,0,0,0,0,0,0,0,0,0,0,0,0,0,0,0,0,10.92004,0,0,0,0,0,0,0,0,0,0,0,0,0,0,0,0,0,0,0,0,0,0,0,0,0,0,0,0,0,0,0,0,0,0,0,0,0,0,0,0,0,0,0,0,0,0,0,0,0,0,0,0,0,0,0,0,0,0,0,0,0,0,0
"k__Bacteria|p__Bacteroidetes|c__Bacteroidia|o__Bacteroidales|f__Bacteroidaceae|g__Bacteroides|s__Bacteroides_ovatus",6.76322,1.52404,0.03113,0.31471,0.3915,0.72803,0.07549,4.04843,0.33886,0.70255,1.09884,9.09418,0,67.37939,2.62802,1.1891,1.40028,0.7553,0.27569,0,4.95143,0,5.7103,9.16416,14.459,1.36803,2.88271,5.0452,0,16.15621,0.74074,8.42048,31.35128,2.45946,0.59016,0.92358,12.1081,13.33553,24.27117,1.74747,0.90352,0.91706,5.22852,1.65768,0.11547,0,0.0687,4.78664,0.70917,9.03648,1.60567,31.92913,4.1925,0.59408,6.48692,0.74415,4.51718,6.20663,12.92988,23.00741,26.59979,10.54234,0,0,24.08646,6.70333,1.49944,0,0.82926,0.613,0.6007,0,3.49178,1.69474,13.84075,0,0.66476,0.85149,1.30476,0.09667,1.26562,0.55055,1.62852,0,9.86338,38.22418,0.83193,2.33036,23.55267,1.70407,0,0.24063,0.64874,1.00747,1.3943,5.73791,0.49097,0.74854,38.03785,1.5198,0,0.10064,17.21781,9.47484,16.98124,1.6051,8.82592,5.20018,0.00314,0.06832,0.34312,6.09251,0.0105,0.02651,0,2.3368,0.71718,22.2074,1.56049,0.36545,4.89733,0.51174,3.73415,8.793,4.17624,0,0,1.18455,0,47.11245,1.06888,11.75614,0,12.14666,47.09975,0,2.83764,9.51463,0.78267,0,2.4993,17.67477,0,11.00153,22.16146,0,0.22879
"k__Bacteria|p__Bacteroidetes|c__Bacteroidia|o__Bacteroidales|f__Bacteroidaceae|g__Bacteroides|s__Bacteroides_caccae",5.64582,0.94365,3.78341,0,2.52107,0.65669,0,0,0.04915,0,21.10653,0,0,0,1.97463,0.80552,9.52467,0.00468,0.82766,5.23781,3.86042,10.38185,1.02993,2.40155,6.58857,1.33482,0.81205,0.74391,0,0,0,2.01575,0,0,1.31485,4.68091,0,0,3.48199,1.59118,0.31687,0.70327,12.36814,0,9.31493,0,0.09263,0,0.46251,0.69706,5.68434,10.16375,0,0,1.62178,0,1.63424,3.02956,2.05134,59.35716,0,7.54607,0,0,0,2.83712,3.74399,30.62469,4.71022,1.66343,41.84889,2.20474,0,11.50034,0,0.99981,2.28829,0,1.50377,0.40639,2.216,1.02753,0,0.42337,0,0,4.77465,6.80492,0,3.32947,0,0,0,3.21721,3.62119,2.92686,0,0,0,1.36893,0,0.25935,5.50946,0,4.29524,1.69603,2.3902,0,1.02095,1.98719,3.804,0,1.04116,0.46156,0,0,2.02586,1.86272,2.60861,3.11323,2.97282,0.74392,4.31072,0.50038,1.28467,0,0.00503,2.26386,0,0,0.40838,6.07425,0,0,0,15.29971,3.78213,16.09723,0,0,4.29789,3.49843,0,3.90933,0,0,2.00048
"k__Bacteria|p__Bacteroidetes|c__Bacteroidia|o__Bacteroidales|f__Rikenellaceae|g__Alistipes|s__Alistipes_putredinis",5.59492,11.11784,8.37205,15.65988,4.68014,5.61802,0,0,1.46315,0,10.45531,0,0.07276,0,3.26905,2.94425,0,7.39032,1.57216,6.55319,9.03008,0,8.89315,8.40034,18.75444,4.11423,1.7489,7.63678,5.39779,3.38805,0.46747,5.22561,2.01924,0,12.92366,14.65327,12.74942,0.07894,10.36129,21.62047,2.42084,9.63562,10.56098,1.76222,11.84653,0.78404,0.1019,0,6.26804,0,9.38378,2.65298,4.22512,1.74176,11.54064,0,2.00511,4.12303,37.93045,0,0,6.93565,0,0,7.20307,8.67613,7.07992,7.11962,0,10.00517,0,11.95416,9.90628,2.95898,15.67292,9.94199,16.41449,0,13.42501,17.74705,21.93983,7.24645,7.40722,9.21808,0,0,7.86857,14.48492,0,0,7.92277,0,5.46369,5.26349,3.38415,5.4129,3.48656,11.8291,0,6.73561,0,3.24752,0,10.41297,7.02751,12.04631,8.74916,8.31704,4.31671,3.08554,4.93436,15.52696,2.82922,0.41313,0,0.09818,8.75273,9.80526,1.82198,0,11.14007,7.50972,5.0742,0,4.53963,10.62339,11.22023,6.99801,0,0,8.21505,2.43288,0,0,0,0,26.31256,9.65581,5.91028,5.84684,13.74262,3.31824,0,1.57178,0,40.28797,2.48802
"k__Bacteria|p__Proteobacteria|c__Betaproteobacteria|o__Burkholderiales|f__Sutterellaceae|g__Parasutterella|s__Parasutterella_excrementihominis",3.62621,0.51827,0.16657,0.67422,0.16177,0,0.05111,0,0.00275,0,0.17855,1.92746,0,0,0.29182,0.00269,0,0,0.02568,0.14279,0,0,1.75843,1.57939,0.4335,0.02146,0,2.21444,0.03089,0.24251,0.24588,0.02047,0,2.27615,0.01161,0.0425,0.84248,0,0.32801,0.42699,0.34905,0.29852,1.23568,1.68342,0.18962,0,0.00817,0,0.18336,0.08921,0.05195,0.15707,0,0,0.00068,0.06901,0.00742,0.16963,0.90123,0,2.58258,0.19688,0.75393,0,0.09346,2.37813,0.11329,0.45364,0,0.13088,0,0.49819,0.83733,0.00251,0.08925,0.03403,0.45374,0,0.57159,0.01474,0.72384,0.4069,0.1946,0.57477,0,0,0.69645,0.08221,0.71424,0,0,0.13632,0,0.85459,0,0.10499,0,0.02252,0,0.57914,1.37716,0.03766,0.02022,0.20517,0.53367,0.01452,0.00694,0.07183,0.14507,0.00258,0.01237,0.06107,0.16714,0.00693,0,0.38201,0.00742,0.00868,0.02353,0.20236,0.13438,0.01525,0.28819,0.23605,0.00042,0,0.09924,0.29863,0,0.02861,0.23115,0.16315,1.67932,0,0,0,0.62399,0,0.17945,0.09307,0.78996,0,0,0.07379,2.15416,0,0.01554
"k__Bacteria|p__Firmicutes|c__Clostridia|o__Clostridiales|f__Ruminococcaceae|g__Faecalibacterium|s__Faecalibacterium_prausnitzii",2.3744,6.11036,7.50534,2.55938,1.61243,12.97533,0.18109,0.00745,0.53311,3.43158,1.0907,0,0.53016,0.07969,4.22918,0.31787,2.20203,0.24853,14.50895,5.09529,15.96005,0.5355,10.98724,2.73274,2.13068,2.89632,2.74493,9.6249,18.96966,0.07404,1.34288,5.83379,0.09151,4.62392,9.09688,3.28861,0.51245,4.53932,1.03257,0.40137,0.26755,1.1397,6.15238,0.20123,4.92308,8.84759,0.02492,0.26715,7.99657,0.66204,1.70657,0.76665,0.6724,4.02065,0.79176,0.81743,0.41805,0.51184,0.14072,0.71017,5.83924,2.64887,2.4357,1.47408,4.06924,4.64624,7.20735,0.19304,2.09868,6.33967,0.33773,4.48883,3.77084,1.28196,1.38,3.6467,4.42486,3.63098,2.67973,1.30464,3.07422,0.84988,5.06345,2.43335,0,0.50338,2.19745,0.4541,0,2.89424,0.29441,0.48293,1.65714,4.19714,4.18225,1.02824,0.27091,2.7211,0.06359,3.42296,0.39317,14.89704,0.92016,0.83411,1.29972,0.93724,0.94261,0.24874,10.29193,0.60817,2.74707,1.80376,9.37358,1.05431,0.53806,6.88756,3.05761,0.07048,7.94569,5.25459,3.7872,4.90719,1.14139,1.24642,3.66692,1.64206,0.76018,3.80484,0,8.21897,0.441,1.30999,1.17887,0,0.07246,0.37149,0.43263,2.15515,4.77349,33.72444,7.38095,0.80522,0.81694,2.1423,0.06551,1.44459,1.88771
"k__Bacteria|p__Bacteroidetes|c__Bacteroidia|o__Bacteroidales|f__Rikenellaceae|g__Alistipes|s__Alistipes_shahii",0.9299,0.87151,0.7521,0.99484,0.06861,0.11521,0.35881,0,0.04265,3.62136,0.99473,0,0,0,0.3746,0.28407,0,0.24899,0.08635,0.262,0.03563,0.51009,0.16411,0.44419,0,0.04855,0.16145,0.10042,0.33603,0,0.04695,0.01952,0.0127,0,0.52228,0.78789,0.00058,0,0.2731,0.9716,0,0.00071,1.09258,0.01892,0.13651,0,0.00989,1.14762,1.33875,0,0.56624,0,0.03515,0.56383,0.19511,0,0.14656,0.2247,1.63234,0,1.01087,0.34361,0,0.99658,0.21415,0,0.3383,0.92048,0,1.06531,0.2416,0.63162,0.11944,0.06273,0.92674,0.19063,2.08724,0,0.93181,0.33505,3.26866,0.21578,0.75034,0.39457,0,0,0.38476,0.40722,0,0,0,1.04048,0.073,0.52721,0.1552,0.19873,0,0.56892,0,0.80718,0,0.25969,0,0,0,1.9945,3.01762,0.15948,0.05077,0.15254,0.14545,0,0.06501,0.01478,0,0.45607,1.20414,0.08378,0.11892,0,0.2301,0.60987,0.22066,0.02699,0.96337,0,0.58145,0.37768,0,0,0.19968,0.27473,0,0,0,0.24359,0.83203,0.15547,0.21496,0.35546,0.51401,0.11618,0,0.09721,0,0,0.14573
"k__Bacteria|p__Firmicutes|c__Clostridia|o__Clostridiales|f__Ruminococcaceae|g__Ruminococcus|s__Ruminococcus_bicirculans",0.90314,0.85902,0.05455,0.75767,0.08434,50.66316,1.19374,0.80583,0.0056,0.6112,0.69202,0,0,0,0.64963,0.01656,0.19448,0.16932,0.04865,5.86524,0.85428,24.64922,0,0,0.05988,8.70128,20.44628,0.11719,4.94951,0,0,0.08513,0,1.06831,1.10984,1.7278,0,0.70186,0,0.42913,0.11808,0,0.19464,0,0.32587,45.28151,0.10722,0.12095,1.30078,27.99032,0.95716,0.19152,0.07552,0.00169,0,0.20673,0.03777,0.55446,0.5113,1.24176,7.54602,2.48873,0,0.4398,1.06146,0.46933,0.19526,0.1108,0.01893,0,0,1.4054,0.03409,0.39803,0.42629,0.03031,0.25315,5.52094,0.02891,0.38352,0.97911,0,1.87988,0.02699,0,0.19744,0.11126,0,0,3.1155,0,2.61398,1.13477,0.10268,21.34168,1.76442,0.08537,0.03526,0,0.71599,0,46.29359,0,0,0.14587,0.02783,0.01716,0,2.51591,0.17886,0.30711,4.19471,2.45251,1.88919,0,0,0.00524,0.06402,0.06917,0.3484,0.26253,2.02675,1.30481,1.73653,0,0.11125,4.54165,0,0,0,0,0,0,0,0.02408,0.00085,0.16249,0.46624,2.88948,6.20293,0.85735,0,0,0.47047,0,0.06606,0
"k__Bacteria|p__Firmicutes|c__Clostridia|o__Clostridiales|f__Lachnospiraceae|g__Roseburia|s__Roseburia_intestinalis",0.70777,0.28772,0.00443,0.03452,0.02668,0.05857,0,0,0.19299,0.00684,0.08758,0,1.72179,0.01932,0.01094,6e-05,0.01074,0.04768,2.83253,0.31166,4.95105,0.21375,0.46381,1.19254,0,2.80805,0.33531,1.81476,0.29209,0.97216,0.0126,1.51,0,1.87787,0.16267,0,0,2.60824,1.06924,0.04138,0.02475,0,0.00167,0.4533,0.99413,0.1073,0,0.07682,0.24193,0.24603,0.00504,0.03484,0.30166,0.02964,0,0.13393,0.12642,0.60882,0.00339,0,0.04316,0.25789,0.03477,0.00576,0.62629,0,0.16758,0.40852,2.07464,0.03452,0,0.34255,0.60815,0.41768,0.06086,0.1575,0,0.38507,0.34681,0.26352,0.01673,0.58332,0.20829,0.37123,0,0.04816,0.07176,0,0,0.08779,0,0,0,0,0.1123,0.20066,0.39992,1.54983,0.99418,0.08108,0,0.06596,1.24584,0.71418,1.08971,0.0886,0.12604,0.2527,0.01458,0.0227,0.30055,0.00131,0.01224,0,0.52083,0.45982,0,0.03632,1.93241,0.48207,0.93782,0.1265,0.07895,6.00445,0.07427,0.1331,1.85011,0.03635,0,5.97395,0,0.29996,1.75601,0,0.1604,0,0.08458,0.8045,1.19941,0.02722,0.02129,0.24679,0.07135,0.45752,0,0.12618,0
"k__Bacteria|p__Firmicutes|c__Clostridia|o__Clostridiales|f__Lachnospiraceae|g__Lachnospira|s__Lachnospira_pectinoschiza",0.63803,0,0.35123,0.13717,0.01098,0.04572,0.52135,0.23271,0,0.1433,0,0,0,0,0.92743,0.18775,0.23406,0.08872,1.4653,2.11528,0,0.20007,0,0.11969,0,0.19942,1.09289,0,1.96094,0.46111,0.02471,0,0,2.06563,1.34068,0.43313,0,0.24562,0.0371,0,0.00044,0.00288,0,0.33697,0.06097,0,0.02825,0.27931,0.28432,0,0.27604,2.79088,0,0,0.20508,0,0.0509,0,7e-04,0,0.02862,0.4263,0.18985,0,0,0.143,1.52875,2.52222,0,0.36399,0,0.35117,1.07284,0.47104,0.15196,0,0.49735,0.47185,0,0,0,0,0.59336,0.08506,0,1.04061,0.00078,0,0,0,0,0.10301,0,0,0.00891,1.17554,0,0.21645,0,0.15295,0,0.00018,0,0.47335,0.75249,0.04095,0,0,0.35978,0.79897,0,0.36888,0.34235,0,0,0.95367,0.15081,0,0,0.24076,0.46989,1.64281,0.06511,7.29399,0,0,0,0.18668,0,0,0.00567,0.06714,1.01202,0,0,1.51369,0.0103,0,0.96518,0.43351,0.26482,0,0,1.21146,0,0.05888,0.50617
"k__Bacteria|p__Firmicutes|c__Clostridia|o__Clostridiales|f__Eubacteriaceae|g__Eubacterium|s__Eubacterium_sp_CAG_38",0.63574,0,0.00474,0.00462,0,0.03481,0.01764,0,0.08528,0,0,0,0.31266,0,0.02744,0,0,0.00079,0.00493,0.19882,0,0.02163,0.15047,0.46942,0.03088,0,0.44033,0.29249,0.06344,0,0,0,0.01903,0.87495,0.07597,0,0,0,0,0.02032,0,0,0.57083,0,3.4843,0,0.0116,0,0,0.08215,0,0.01362,0,0,0.04511,0.26125,0,0.05934,0,0,0.0213,0,0.08913,0,0.11041,0.0559,0.05684,0.02409,0.14053,0.00146,0.08115,0.01937,0,0,0,0.17697,0.03113,0.38637,0,0.04348,0,0.20413,0.11385,0.02661,0.00589,0,0,0,0,0,0.25939,0,0,0,0.029,0.02092,0,0.03613,0,0,2.45061,0.2645,0.18109,0,0.08627,0,0.2834,0,0.23044,0,0.15834,0.04855,0.16989,0,0,0.11781,0,0,0,0,0.16336,0,0,0.95224,0.20481,0.01355,0,0.00379,0,0,0.01487,0,0.31106,0.03105,0,0,0.00175,0,0.39254,0,0.15405,0.07233,0,0.10339,0,0.00235,0
"k__Bacteria|p__Proteobacteria|c__Proteobacteria_unclassified|o__Proteobacteria_unclassified|f__Proteobacteria_unclassified|g__Proteobacteria_unclassified|s__Proteobacteria_bacterium_CAG_139",0.3205,6.75791,0.75797,0.03792,0.90317,0,0.73956,0,0,0,0.01227,0.0979,0,0,0.19892,0,0,0,0,0.0249,0,0,2.13818,0.09819,0.03319,0.0081,0,4.22772,0.42971,2.38076,0.01523,0.02506,0,0.17443,0,0.00118,0.05981,0,0.02603,4.9093,3.33334,0.01709,0.07544,0.11995,0.08279,0,0.00583,0,0.01029,0.00691,0.00589,0.15877,0,0,0,0.92671,0,0.00976,0.0452,0,1.04963,0.0103,5.05616,0,1.05045,0.17651,0.00762,0.02387,0,0.01208,0,0.09611,0.04821,0,0.00421,0.00107,0.03371,0,7.36357,0,0.04618,0.37727,1.99073,0.69929,0,0,2.99296,0.00488,0.0317,0,0,0.15608,0,0.15929,0,0.01039,0,0,0,0.03011,0.10922,0.47564,0.25475,2.02676,0.227,7e-05,0,0.36883,0.66086,0,0,0.63284,0.82894,0.00099,0,0.04397,0,0.00013,0.07439,2.50967,0.04877,0.00011,0.01874,0.01211,0,0,1.24405,0.97802,0,0.00056,0.49732,0.01239,13.1697,0,0,0,0.0375,0,2.06725,0.48537,0.04952,0,0,0.00295,0.12821,0,0
"k__Bacteria|p__Bacteroidetes|c__Bacteroidia|o__Bacteroidales|f__Odoribacteraceae|g__Odoribacter|s__Odoribacter_splanchnicus",0.30649,1.07473,2.67263,2.4402,1.81082,0.36475,0.40308,0,0.31115,2.61329,0,0,0,0.04406,1.58059,0.51098,0,0.73891,0.25932,0,1.21809,0,1.21551,0,1.38952,0.64072,1.07683,0.94023,0.96048,0,0.15355,1.22993,0.70328,0,2.0065,1.82861,0,0,0.69669,0.88128,1.06836,3.56829,0,0.34238,1.91734,0.21434,0.00815,0,1.08579,0,0.63502,0.97065,1.55482,0.21965,1.64717,1.74827,0.14804,1.72324,1.14967,0,0.07532,0.44216,0,0,1.60622,0.86476,1.46906,0,2.87162,1.36474,4.35944,0,0.64376,0.91702,0.42639,0.71613,3.11438,0,1.95345,0.68641,0,2.19751,1.69995,2.25337,0,0,1.73666,0.53357,0,0,0,0.19699,2.72179,2.67896,0.70853,0.34314,0,2.1944,0.35832,0.76581,0,0.39596,1.58074,0,2.05997,0.48523,0.43401,0.5509,1.31338,0.38327,0.85644,0.89394,1.03488,0.30401,0.7945,0.3186,4.68728,0.83377,1.2337,0,1.64771,0.97524,0.86346,0,1.12626,1.4864,0,1.50612,0,0,1.30553,0.63302,0,0,0,0,2.75042,0.50586,1.89901,1.22209,0.85214,1.03257,1.94833,2.07377,0,4.25694,1.24458
"k__Bacteria|p__Firmicutes|c__Clostridia|o__Clostridiales|f__Oscillospiraceae|g__Oscillibacter|s__Oscillibacter_sp_57_20",0.17736,0.98062,0.92712,0.19237,0.27419,0.31294,0,0,0.22202,0,0.10086,0,0,0,0.69493,0.08858,0,0.2608,0.40838,0.30099,0,0,0.48003,0.78407,0.21072,0.18682,0.04416,0.8123,0.2881,0,0,0,0,0.19219,1.65675,0.26842,1.27662,0.60195,0.07113,1.43894,0.12086,1.98861,0.46154,0.00502,1.40901,0,0.01745,0,0.2614,0.28349,0.56699,0.75248,0.01436,0.62348,0,0.22052,0.14308,1.38286,0.01321,0.07882,1.38222,0,0,1.13712,0.23639,1.00945,0.61069,0,0.14141,0.92685,0.11123,1.01309,0.21713,0.88561,0.29304,1.06611,0.27257,0.28796,1.99835,1.9938,0.05507,0.63109,0.15324,1.31947,0,0,0.501,0.04667,0,0.01513,0,0,0.63659,0.40148,0.66614,0.47784,0,2.70274,0,0.46709,0,0.05769,0.13099,0,0.43339,1.06171,0.28747,0.38896,1.40054,0.02268,0.25818,1.21258,1.23634,0.11097,0,2.5986,0.19205,0,0.66931,1.72085,4.31726,0.7585,0,0,1.44213,0,0,0.32591,0,0.28815,0.56379,0.2973,0,0,0,0,0.18089,0,0.4754,0.13161,0.48662,0,0,1.27142,0,0,0.24654
"k__Bacteria|p__Proteobacteria|c__Betaproteobacteria|o__Burkholderiales|f__Sutterellaceae|g__Turicimonas|s__Turicimonas_muris",0.1616,0.31277,0.02149,0.01726,0.08422,0,0.03467,0,0,0.00076,0.00166,0.14065,0,0,0.04707,0,0,0,0.00259,0.0254,0,0,0.19096,0.06936,0.01844,0.00112,0,0.35915,0.02648,0.45433,0.00902,5e-04,0,0.06863,0.00171,0.00119,0.0225,0,0.02253,0.12325,0.26119,0.0077,0.06806,0.03921,0.01372,0,0.00099,0,0.01046,0.00875,0.00465,0.01006,0,0,0,0.04257,0,0.00954,0.04606,0,0.2903,0.01064,0.45897,0,0.08567,0.12323,0.00762,0.02634,0,0.00728,0,0.11889,0.02347,0,0.01811,0.01504,0.0285,0,0.36087,0,0.01807,0.02851,0.10142,0.0377,0,0,0.28944,0.00217,0.05055,0,0,0.01257,0,0.04691,0,0.00752,0,0.00051,0,0.03036,0.06371,0.00948,0.06442,0.31329,0.02869,0,0,0.01305,0.06902,0,0,0.009,0.07913,0,0,0.01345,0,0,0.00897,0.06965,0.00891,0.00114,0.00541,0.01872,0,0,0.03851,0.03774,0,0.00278,0.03692,0.01336,1.16602,0,0,0,0.0417,0,0.0859,0.05961,0.03052,0,0,7e-04,0.14214,0,0
"k__Bacteria|p__Verrucomicrobia|c__Verrucomicrobiae|o__Verrucomicrobiales|f__Akkermansiaceae|g__Akkermansia|s__Akkermansia_muciniphila",0.15903,0.236,1.04997,0.04444,0.00575,0.21693,0.13413,0,0,0.822,0.00499,0,0,1e-04,0.39367,0,2.9614,0,0.01947,0.05962,0,0,0.12359,0.11776,0,0.00055,13.87533,0.0645,3.53358,0,0.49419,0.15465,0,0,1.84072,0.00644,0,2.05535,0,0.89974,0,0.30999,0.51543,0.04041,0.75206,0,0.01559,0,0,0,1.81996,0.00791,0.10264,0,0,0.8806,0.00027,0,0,0.06243,0.40779,0,0,0.03094,0.13399,0,0.59022,0,0,0.5183,2.82907,0.00222,3.80996,0,0.71733,0.06969,6.28572,1.25004,0.24667,1.97369,0.00689,0.14309,0.53675,0.01026,6.6461,0,0.13673,0,0,0.73836,0,0.10646,0.88996,0.2831,0,0.30527,0,0.23512,0.007,0,0,0.7716,0,0.33832,0,0,0,0,0.01277,0.00072,0,0.63113,0.01638,0,0,0,0.04375,0.86125,0,3.27453,0.00206,0.63936,0.10537,0,0.00241,1.79995,0,0,0,0,0.01611,0.01666,0,0,0,0,0,3.12054,0.05988,1.66868,3.34951,0,0,1.07344,0,0.6936,0.38822
"k__Bacteria|p__Firmicutes|c__Clostridia|o__Clostridiales|f__Lachnospiraceae|g__Roseburia|s__Roseburia_hominis",0.13384,0.15999,0,0.00631,0.11166,0.07899,0.13464,0,0.12181,0.39119,0.76575,0,0,0.01217,0.08184,0.01063,0,0,0.19346,0.0971,0,0.03932,0.08968,0.0071,0.02597,1.47258,0.00241,0.09998,0.20626,0.0253,1.53202,0.01281,0,0.28087,0.05198,0.10836,0.0269,1.33712,0.02357,0.00247,0.00864,0.64728,0,0.0166,0.57008,0.03409,0.00829,0.00176,0.06556,0.01532,0.12941,0.26217,0,0.00474,0.04812,0,0.06867,0.00037,0,0,0.03486,0.13593,0.06875,0.29051,0.01561,0.03148,0.02112,0.03494,0.00155,0.31428,0,0.05788,0.1225,0.04581,0.02035,0.04459,0.00097,0.20852,0.0441,0.16787,0.01525,0,0.01605,0.0033,0.2053,0.01513,0.14333,0.03547,0,0,0.03027,0.13589,0.22779,0.16087,0.03173,0.14658,0.07611,0.07763,0.08267,0.00595,0,0.00707,0.22117,0.0785,0.06198,0.08788,0.11663,0.01069,0.87168,0.00103,0.03997,0.22141,0.88477,0.14912,0.03203,0.31231,0.04651,0,0.03242,0.59678,0.11214,0.26778,0.17037,0.07199,0.16887,0.03044,0.11019,0.02257,0,0.07628,0.33354,0.08371,0.11676,0.3985,0,0.04956,0.00419,0,0.05538,0.00505,0.00508,0.19894,0.0427,0.19525,0,0.00398,0.14145
"k__Bacteria|p__Firmicutes|c__Clostridia|o__Clostridiales|f__Lachnospiraceae|g__Coprococcus|s__Coprococcus_eutactus",0.13101,0.50206,0.31187,0,0.77772,0.49587,0,0,0,0,1.131,0,0,0,0.00536,0,0,0,0,0,0,0,1.20086,0,0,0.00119,0,2.07205,0,0,0,0.10988,0,0.37925,0,0,0,0,0.1902,0,0,0,0.27631,0,0.17372,0,0.0548,0,0,0,0.94872,0,0,0.01205,0,0,0.00043,0.06942,0.01425,0,0.26378,0.84238,0,0,0,0,0,0,0,0.09631,0,0,0,0,0,1.20838,0.0713,0.88958,0.2435,0,1.05901,0,0.14688,0.50071,0,0,0.47917,0,0,0,0,0,0.37901,0,0.17911,3.24782,0,0,0,0,0,0,0,0,0,0.43046,0.06741,0,5.8875,0,0,0,5.66376,0,0,0,0.17264,0.00488,0,0,0,0,0,0,0.85562,0,0,0,0,0,0,0.13059,0,0,0,0,0.02954,0,1.39386,0,0.2375,0,0,0,0,0,0.06885
"k__Bacteria|p__Firmicutes|c__Clostridia|o__Clostridiales|f__Lachnospiraceae|g__Lachnospiraceae_unclassified|s__Eubacterium_rectale",0.12595,0.4394,0.00029,0.27048,6.60839,0.04837,0.29301,1.34816,0.47182,1.09155,0.35798,0,0.85395,0,0.1094,0.23231,0.24307,0.07992,2.97863,5.86391,0.01047,1.90645,0.30113,5.32492,0.76908,0.15775,0,0.14643,0.6975,0.48483,20.19829,0.07718,0.41327,2.48545,0.00904,10.65088,0.90784,0.47418,0.1101,0.59347,0.27259,0,1.94835,0,0.82297,1.24494,0.00046,0.12959,0.10183,0.06822,1.15322,1.72797,0.03957,0.39403,0.473,0,0.09896,0.00028,0.01155,0.00509,0.00029,5.93052,0.26756,0.00091,0.35503,1.97243,0.75545,0.47503,0.54108,0.19642,4.70847,0.76761,0,0.00039,0.09419,0.27433,0.09055,0.94823,0.79358,0.00221,1.57386,2.48024,0.01695,0.56784,0.36464,1.16615,3.10178,0.06056,0,0.04595,0.08656,0.13769,0.40552,0.23717,0.03901,0.4653,0.06836,0.57327,0.09627,0.00137,3.56966,4.85765,0.42126,1.97561,1.2563,0.42739,0.08892,0.12231,0.20174,0.63014,2.85999,1.91757,0.26147,0.83049,0.29596,1.1961,0.20355,0.01335,27.50015,0.04868,6.33484,0.00389,0.42206,0.23327,8.70019,0.72787,8.86378,3.62061,2.877,0.03132,3.20125,0.23072,0.57017,0.90871,0.40514,1.80953,0.09118,0,0.01556,0.20311,16.12367,0.4757,0.66712,0.0036,0,0.13619,7.16788
"k__Bacteria|p__Bacteroidetes|c__Bacteroidia|o__Bacteroidales|f__Bacteroidaceae|g__Bacteroides|s__Bacteroides_fragilis",0.1006,0.95196,0,0.33174,0,0,0,1.73048,0,0.41679,0,6.64078,1.23958,5.62979,0.71154,0,0,0,0,0,0,0,1.9508,0.61438,0.02165,0.05002,0,0.64817,1.08386,1.8481,0,1.259,0,1.71343,0,0,0,1.47635,1.85969,0.29574,0.00284,2.11069,0,33.95086,0.29509,0.76001,0.0039,0.50512,0,0,0,0.31692,0.54338,0,0.72601,7.57151,0,0,0,5.24551,0,0,0.026,4.38941,8.10568,0,0,2.0115,3.52614,0,4.97474,0,5.11912,0,0,0.22656,0,1.19869,1.66008,0,0,0.15943,2.42522,0.00902,0,3.3023,0,0.429,13.64519,0,1.19894,0,3.3104,3.07892,0,0,1.54322,0,28.66956,0.00227,0,0.02703,0,2.0884,1.7265,0.03549,0.02275,0,0.03334,0,0.1723,0,0.02408,0,0,0,0,1.35278,0,0,0.09928,0,0,0.03031,0.00868,1.46331,0,0,0,0,0.21327,2.99626,0.03189,0,5.76616,1.08149,0.00364,0,1.81055,0.89958,3.61597,0,0,0,6.84503,3.42693,0
"k__Bacteria|p__Firmicutes|c__Clostridia|o__Clostridiales|f__Ruminococcaceae|g__Ruthenibacterium|s__Ruthenibacterium_lactatiformans",0.04932,0.01876,0.0695,0.02704,0.00847,0.11055,0.02315,0.08628,0.00888,0.08603,4.89555,0,0.04291,0,0.00454,0.00968,0.17917,0.00511,0.30928,0.18744,0.86841,0.00346,0.49932,0.02037,0.13265,0.48583,0.12799,0.24936,0.09628,0.04093,2.39328,0.20599,0.00681,0.05234,0.03738,0.09073,0.16382,0.02704,0.0584,0.03377,0.12944,0.07574,0.04585,0.00912,0.01322,0.67508,0,0.04035,0.03461,0.01991,0.01235,0.03074,0.06153,0.00341,0.08139,4.03111,0.0039,0.00383,0.05318,0.05611,0.04323,0.1107,0.35659,0.73494,0.01375,0.02825,0.01291,0.00458,0.0044,0.03619,2.57047,0.12636,0.05852,0.38719,0.02723,0.04249,0.56183,0.09112,0.02699,0.09204,0.02903,0.07317,0.11963,0.0184,0.49073,0.10206,0.1412,0.01726,0,0.0099,0.24647,0.03229,0.01537,0.02424,0.0126,0.00336,0.02207,0.01874,0.00141,0.04483,0.0137,0.19102,0.039,0.0784,0.07814,0.03189,0.0903,0.0213,0.03321,0.01187,0.01329,0.03652,0.04368,0.0076,0.30269,0.34487,0.10306,0.09582,0.06656,0.10549,0.07158,0,0.01757,0.08297,0.05046,0.22321,0.24607,0.02758,0.14718,0.01184,0.05084,0.04301,0.70546,4.44065,0.0132,0.00518,0.47593,0.13653,0.04312,0.02799,0.36748,0.02233,0.0832,0.0385,0,0.39028,0.04546
"k__Bacteria|p__Bacteroidetes|c__Bacteroidia|o__Bacteroidales|f__Rikenellaceae|g__Alistipes|s__Alistipes_indistinctus",0.03863,0.02323,0.18104,0.42663,0.01803,0.04699,0.02176,0,0.16968,0,0.31776,0,0,0,0,0.33547,0,0.06314,0.01276,0.00199,0.05788,0,0,0.01596,0,0.00532,0,0,0,0.15854,0.0052,0.04669,0,0,0.07477,0.28789,0,0,0.16376,0,0.0025,0.02572,0.36755,0,0.02323,0,0,0,0.00509,0,0.01213,0,0,0.03316,0,0,0.00872,0.02169,0.01156,0,0,0.22464,0,0,0,0.00827,0.01341,0.02048,0,0.33325,0,0.05956,0,0.72251,0.01644,0.06733,0,0.14412,0.01167,0.05992,0.26255,0,0.0204,0.05759,0.00123,0,0.24553,0.04131,0,0,0,0.07423,0,0.15165,0.04068,0,0,0.24431,0,0.04226,0,0,0.25683,0.30566,0,0.00875,0.00496,0.42892,0.00427,0.01696,0.03036,0.16447,0.00266,0.01318,0,0,1.26245,0.15912,0,2.28061,0.01082,0.01536,0.02133,0,0,0,0,3.13157,0,0,0,0.03219,0,0,0,0,0.01008,0.03972,0.00953,0,0.06162,0,0,0,0,0,0.47567
"k__Bacteria|p__Firmicutes|c__Clostridia|o__Clostridiales|f__Eubacteriaceae|g__Eubacterium|s__Eubacterium_ventriosum",0.03532,0.02065,0.08163,0,0,0,0,0,0.2036,0.05415,0,0,0,0,0.02193,0,0.09518,0.03129,0.01897,0.15108,0.18203,0,0,0.20576,0.08849,0.83203,0.52904,0,0.07857,0.03897,0.67448,0.54443,0,1.29716,0.95897,0.36348,0.01627,0.25869,0,0.00461,9e-05,0.08926,0.05228,0,0.2947,0,0,0.40331,0,0,0.02902,0,0,0.0057,0,0.10812,0.00781,0.0074,0.05556,0,0,0,0,1.04422,0.16338,0.03621,0.65761,0.01933,0.15674,0.09077,0.05623,0.05721,0,0.08517,0.04547,0,0,0.014,0.00015,0.47989,0.06185,0,0.06764,0.04639,0.0875,0,0.03749,0.02364,0,0.06897,0,0,0,0.38419,0,0.03334,0.01236,0.14129,0,0.01458,0,0.06371,0,0.06555,0,0.08494,0.00525,0.07328,0.05643,0.06994,0,0.14787,0.05763,0.16537,0,0.01228,0,0.01483,0,0.13236,0.10373,0.94593,0.15044,0,0.18049,0,0,0.01625,0,0,0,0,0.00735,0.0357,0,0,0.06771,0.09073,0.01305,0.35135,0.21065,0,0,0.06429,0,0,0
"k__Bacteria|p__Firmicutes|c__Clostridia|o__Clostridiales|f__Lachnospiraceae|g__Fusicatenibacter|s__Fusicatenibacter_saccharivorans",0.0323,0.02098,0.13999,0.04843,0.02065,0.01821,0.26265,0,0.00655,0.10653,1.95157,0,0.01987,0,0.28923,0.00774,0.07363,0.19777,0.13201,0.35914,0.47481,0.30023,0.01205,0.02883,0.12135,0.17659,0.54541,0.00858,0.10856,0,0.39921,0.0727,0,0.21815,0.13941,1.38104,0.00308,0.18136,0.03202,0.00373,0.00192,1.35935,0.5015,0.09832,0.41504,0.05702,0.00583,0.00201,0.0754,0.02021,0.43596,0.03203,0.00856,0.01312,0.21805,0.18707,0.02814,0.02555,0,0.08558,0.00251,0.23212,0.10017,0.01682,0.51695,0.03255,0.22608,0.06117,0.00206,0,0,0.13839,0.01405,0.15012,0.02473,0.04333,0.45262,0.52639,0.02674,0.0386,3.43104,0.0734,1.39775,0.02878,0.12247,0,0.05275,0.01587,0,0,0.03228,0.04116,0.08644,0.26548,0.04134,0.0726,0,0.28228,0,0.03176,0.31002,0.12854,0.0709,0,0.07178,0.03488,0.01901,0.00281,0.26674,0.06055,0.28691,0.07092,0.19035,0.21435,0.0771,0.29142,0.11747,0.03478,3.0053,0.50268,0.01841,0.03555,0.9271,0.02306,0.38227,0.05359,0.46763,0.11663,0,0.0721,0.09602,0.10166,0.06844,0.19279,0,0.01932,0.09114,0.6513,0.72502,0.21475,0.66476,0,0.05143,0.13561,0,0.00738,0.06525
"k__Bacteria|p__Firmicutes|c__Clostridia|o__Clostridiales|f__Ruminococcaceae|g__Gemmiger|s__Gemmiger_formicilis",0.02724,0.0231,0.02515,0.04709,0.01776,0.0138,0.00484,0,0.00492,0.04256,0.60302,0,0,0,0.15746,0.00385,0,0.00046,0.13592,0.1926,0.10048,0.00933,0.44418,0,0.48364,0.10285,0.48791,0.25018,0.68839,0.03559,0.06564,0.00992,0,0.16138,0.18065,0.48569,0.03868,0.02877,0.01016,0.09703,0.02325,0.00468,0.02732,0,0.00201,0.01877,0.00695,0,0.18243,0.03062,0.05537,0.02089,0.0059,0.00536,0,0.2305,0.0253,0.16114,0.00064,0.18518,0.06457,0.18114,0.0168,0,0.00096,0.09265,0.02846,0.01108,0.01475,0.04945,0,0.05292,0,0.00744,0.02113,0.04701,0.05693,0.53854,0.01767,0.04129,0.18729,0.04837,0.04409,0.00215,0,0.00339,0.01231,0.05827,0,0,0.00034,0.00701,0.009,0.15955,0.00381,0.01412,0.00131,0.00396,0,0.07141,0.00409,1.48811,0,0.0543,0.02009,0.01671,0.0025,0.01951,0.00069,0.05152,0.03619,0.02181,0,0.06654,0,0.11161,0.02255,6e-04,0.13659,0.02973,0.03676,0.08987,0.04808,0.11405,0.11083,0.05257,0.01698,0.02867,0,0.60926,0.00719,0.01661,0.01422,0,0,0.01027,0.05494,0.0173,0.04468,0.07897,0.10856,0,0,0.11417,0,0.03091,0.04669
"k__Bacteria|p__Firmicutes|c__Clostridia|o__Clostridiales|f__Eubacteriaceae|g__Eubacterium|s__Eubacterium_eligens",0.02665,0.3784,0.29346,0.2688,0.12097,0.07835,0,0.00043,0.54928,2.58809,0.86266,0,0,0.00708,0.9278,0.11254,0.87023,0.0594,3.01998,2.97876,0,0.16127,1.34974,0.16471,0.00852,1.19957,1.36025,6.04833,1.92821,0.23654,1.54646,0.05966,0,0.72267,0.52642,0.48016,0,0.29922,0.0484,0.0519,0.10064,2.94474,1.31331,0.59251,0.66891,0.01217,0.02608,0.11969,0.189,0.22944,0.13404,2.13699,0.47725,1.44816,0,0.04151,0.16242,0.09793,0.10482,0,0.37189,0.53916,0,0,0.02261,0.03534,0.29754,0.11345,0,1.50189,1.61521,1.0165,1.67591,0.06369,0.15775,0.73451,1.3025,0.88608,0.79458,0.12351,0.47083,0.19333,1.0194,0.21622,0,0,0.19579,0.31193,0,2.00492,0,0.1854,0.0018,1.53245,0.1242,0.24167,0.403,0.06551,0.11978,0.30601,0,1.9481,1.15163,0,0.22846,0.16499,0.37152,0.01223,0.80445,0.44834,0.13352,0,0.78282,0.84622,0,0.87267,0.30941,0.02184,0.0382,0.25813,0.47159,0.58789,0.1165,1.80245,3.00488,0,0.65259,0.23551,0,4.12881,0.03179,0.47994,0,0,0,1.54789,0.00777,0,1.71587,1.00587,0.01904,0,0,0.15399,0,0.00374,0.11496
"k__Bacteria|p__Bacteroidetes|c__Bacteroidia|o__Bacteroidales|f__Odoribacteraceae|g__Butyricimonas|s__Butyricimonas_synergistica",0.02464,0,0.07554,0.13973,0.00434,0.00403,0.05474,0,0.28938,0,0,0,0,0,0,0,0,0.13749,0,0,0,0,0,1.42076,0,0.03366,0,0,0,0,0,0.44212,0,0,0.00025,0.07981,0,0,0.00626,0.50294,0,0,0,0,0.77117,0,0.00064,0,0,0,0.04327,0,0,0.01255,0,0,0.47214,0.02372,0,0,0,0.02129,0,0,0.01617,0,0,0.3321,0,0.34109,0,0,0,0.00629,0.02532,0.00311,0.02587,0.52366,0,0.14136,0,0,0,0.07975,0,0,0.01065,0.00905,0,0,0,0.00827,0,0,0.01488,0.06401,0,0.11491,0,0,0,0.03565,0,0,0,0.08601,0.06661,0,0.08958,0.03295,0,0,0.08006,0.00121,0,0,2e-04,0.20935,0.07803,0,0.22351,0.00046,0,0,0.03666,0,0,0.2065,0,0,0,0.00844,0,0,0,0,0,0,0.00141,0,1.80588,0,0,0,0,0,7e-05
"k__Bacteria|p__Firmicutes|c__Clostridia|o__Clostridiales|f__Ruminococcaceae|g__Agathobaculum|s__Agathobaculum_butyriciproducens",0.02451,0.00034,0.0059,0.00738,0.02926,0.00489,0,0.00409,0.03622,0,0.11307,0,0.00203,0.01511,0.00618,0.00138,0.03577,0.01086,0.06245,0.02101,0.23716,0.01068,0.20847,0.06092,0.01945,0.12581,0.05182,0.07869,0.08845,0.01623,0.06102,0.22699,0,0.28387,0.02915,0.05977,0.00062,0.2573,0.00017,0.00434,0.00184,0.07348,0.17131,0.12716,0.00715,0,0,0.06452,0.01534,0.39768,0.04794,0.00674,0.00913,0.10756,0.01381,0,0.0058,0,0,0.17363,0.01414,0.09981,0,0.01033,0.03003,0.01136,0.01409,0.009,0.00183,0.00267,0,0.00766,0.01352,0.01643,0.01252,0.17378,0.00134,0.02153,0,0.06014,0.28328,0.02883,0.099,0.01006,0,0,0.02588,0.01684,0,0.09729,0.00051,0,0.01435,0.09888,0.00273,0.03414,0,0.15521,0.01833,0.01624,0.0193,0.00529,0.0188,0.05783,0.00148,0.00241,0.03921,0.00146,0.00717,0,0.00561,6e-04,0.00491,0.04569,0.00568,0.25158,0.01346,0,0.12611,0.03983,0.00823,0.00645,0.02828,0.03107,0.01604,0.03446,0,0.00732,0,0.0108,0.0224,0.00197,0.003,0,0,0.03138,0.00195,0,0.06384,0.00553,0.00822,0.00867,0,0.00299,0,0.00357,0.00857
"k__Bacteria|p__Bacteroidetes|c__Bacteroidia|o__Bacteroidales|f__Odoribacteraceae|g__Butyricimonas|s__Butyricimonas_virosa",0.02359,0,0.03184,0.6195,0.02711,0.0055,0.04881,0,0.38513,0,0,0,0,0,0,0.0592,0,0.51346,0,0,0,0,0,0.14256,0,0.00613,0,0,0,0,0,0.03467,0,0,0.20752,0.42832,0,0,0.72897,0.04105,0,0,0,0,0.0631,0,0.00128,0,0,0,0.0441,0,0,0.03591,0,0,0.09761,0.01351,0.00426,0,0.92411,0.02672,0,0,0.03736,0,0,0.02634,0.33033,0.12311,0,0,0,0.02165,0.02867,0.9152,0.00265,0.19414,0,0.88809,0,0,0.17019,0.0318,0,0,0.0817,0.03473,0,0,0,0.00877,0,0.35937,0.02632,0.05447,0,1.04423,0,0,0,0.0035,0,0,0,0.51652,0.37478,0,0.00554,0.1224,0.22959,0,0.00669,0.00572,0,1.70672,0.54105,0.01941,0.02593,0,0.07667,0.09892,0,0,0.23265,0,0,0.5926,0,0,0,0.85354,0,0,0,0,0.04707,0,0.21247,0,0.17279,0,0,0,0,0,0.1142
"k__Bacteria|p__Firmicutes|c__Clostridia|o__Clostridiales|f__Lachnospiraceae|g__Anaerostipes|s__Anaerostipes_hadrus",0.01967,0.01089,0.00229,0.01527,0.05116,0.00513,0.0086,0,0.00197,0.37157,0.52864,0,0.06152,0.11694,0.05615,0.00665,0.11609,0.00616,0.0119,0.05347,0.20698,0.13076,0.03126,0.0117,0.04395,0.06921,0.11205,0.08184,0.02023,0.01162,0.13011,0.08428,0,0.26964,0.00263,0.15142,0.01093,0.28698,0.02864,0,0.00511,0.0641,0.05624,0.09555,0.04277,0.09931,0.00836,0.00545,0.09285,0.03878,0.16076,0.00881,0.00659,0.00942,0.10629,0.17415,0.03072,0.01849,0,0.0659,0.00847,0.00419,0.03375,0.01825,0.18046,0.00124,0.01658,0.02161,0.03318,0,0.09527,0.01853,0.14744,1.17298,0.01567,0.20989,0.07183,0.49182,0.01458,0.00534,0.09927,0.19032,0.09503,0.01033,0.1062,0,0.19901,0.04355,0,0.12159,0.06555,0,0.01375,0.06154,0,0.00983,0.10782,0.10376,0.11953,0.11688,0,0.00922,0.05299,0.00256,0.0146,0.0049,0.00424,0.0036,0.00434,0.01452,0.11709,0.00103,0.0036,0.23568,0.06547,0.05798,0.03153,0.01992,1.99961,0.09975,0.00363,0.00464,0.03197,0.03891,0.09699,0.03721,0.10903,0.01204,0.00138,0.06095,0.03624,0.06943,0.30605,0.36959,0.11208,0.03258,0.22343,0.05265,0.18744,0.01807,0.05549,0.00185,0.00134,0.00094,0,0.07304,0.06869
"k__Bacteria|p__Firmicutes|c__Clostridia|o__Clostridiales|f__Lachnospiraceae|g__Dorea|s__Dorea_formicigenerans",0.01964,0.01864,1.38689,0.03989,0.40058,0.05694,0.02871,0,0.17607,0.04731,0.0514,0,0.04526,0,0.0536,0.02048,0.03693,0.00986,0.28592,0.26569,0.09115,0.00549,0.12727,0.06072,0.06322,1.59536,0.55732,0.14633,0.58372,0.0193,0.88809,0.26965,0.00679,0.07728,0.19851,0.14509,0.03363,0.42807,0.02192,0.01745,0.00996,0.73708,0.00045,0.03491,0.05118,0,0,0,0.00798,0.04471,0.06446,0.1669,0.04618,0.017,0.0802,0.30216,0.0766,0.0227,0.02503,1.38363,0.08579,0.45531,0.05926,0.32054,0.06917,0.11481,0.02101,0.04321,0.06216,0.07066,0,0.04645,0.0051,0.19878,0.07255,0.04435,0.01044,0.10324,0.01922,0.05109,0.01261,0.03693,0.10731,0.09112,0.02924,0,0.10767,0.0267,0,0.25319,0.06249,0.07697,0.03602,0.13098,0.09188,0.16754,0.01826,0.06039,0,0.00055,0.05404,0.02452,0,0.07789,0.23792,0.03496,0.03283,0.1152,0.04038,0.03213,0.04408,0.09111,0.06465,0.14707,0.05423,0.5754,0.10104,0.00806,0.33123,0.35328,0.0715,0.3055,0.18028,0.10043,0.37048,0,0.05289,0.06977,0,0.12336,0.05434,0.17512,0.01375,0.03799,0,0.00282,0.05871,0,0.10809,0.05833,0.09392,0.02298,0.09412,0.06952,0,0,0.03524
"k__Bacteria|p__Firmicutes|c__Bacilli|o__Lactobacillales|f__Streptococcaceae|g__Streptococcus|s__Streptococcus_parasanguinis",0.01958,0,0.07884,0.00033,0.02383,0.03254,0,0,0.02052,0.00055,0.02557,0.00043,0,0,0,0.00471,0,0,0.00938,0,0.00278,0,0.00915,0.00042,0.01896,0,0,0.02477,0.02657,0.00055,0.02416,0.16664,0.00019,0.03981,0.00905,0.01368,6e-04,0.01188,0,0.00105,0,0.01165,0,0,0.00703,0.00823,0,0,0,0,0.00134,0,0,0.00157,0,0.00166,0,0.00241,0,0.0024,0.00179,0.00122,0,0,0.00183,0.00103,0.00275,0.00068,0.01244,0,0,0,0,0.00057,0.00477,0.00369,0.01771,0.00852,0,0.04374,0,0.00058,0,0.00981,0,0,0.03068,0,0,0,0,0,0,0.0096,0.06766,0,0,0,0,0,0.01294,0.02446,0.00602,0.00034,0,0.00228,0.00045,0,0.02798,0,0.00061,0,0.03664,0.01395,0.00031,0,0,0,0.02686,0.00554,0.00013,0.02123,0,0,0.03109,0.00449,0.00484,0.00821,0.00517,0.34525,0.00598,0.00477,0.00583,0,0,0.0046,0,0,0,0.00399,0.00027,0.01286,0,0,0,0.00323,0.0026
"k__Bacteria|p__Firmicutes|c__Clostridia|o__Clostridiales|f__Eubacteriaceae|g__Eubacterium|s__Eubacterium_ramulus",0.01849,0,0.01882,0.00137,0.03219,0,0,0,0.00238,0.01687,0.15769,0,0,0,0.03467,0.00016,0.0087,0.0019,0.0652,0.04493,0,0,0.14155,0.00086,0.0357,0.26294,0.01844,0.01774,0.60825,0.01608,0.03751,0,0,0.22436,0.03814,0.04813,0.01859,0.20283,0.00903,0,0.00052,0.03498,0,0,0.01175,0,0,0,0.00495,0.02568,0.00256,0.01055,0,0.00187,0.01677,0.21351,0.00129,0.00023,0,0.0164,0.02772,0.00547,0.02088,0.24983,0.03658,0.00129,0,0.00663,0.00279,0.00994,0,0.00191,0,0.0488,0,0.39129,0,0.08152,0.0012,0,0.03071,0.01699,0,0.00555,0.00087,0,0.02402,0,0,0,0,0,0.00031,0.0298,0.00921,0.00514,0,0.01544,0,0,0,0.01011,0.02684,0.03148,0.02739,0.00422,0.00963,0.11636,0.00503,0.00359,0.02149,0.09161,0.00393,0.09367,0.01958,0.12247,0.02123,0,0.38353,0.06925,0.00049,0.03451,0.00976,0.14164,0.00191,0,0,0.00067,0,0,0.06116,0.06236,0.00452,0.02167,0,0,0.02015,0,0.05228,0.03258,0.0703,0,0.01453,0.02364,0,0,0.00053
"k__Bacteria|p__Firmicutes|c__Clostridia|o__Clostridiales|f__Oscillospiraceae|g__Oscillibacter|s__Oscillibacter_sp_CAG_241",0.01692,0.00019,0.00834,0.01916,0.0437,0.20664,0,0,0.01599,0.00746,0.06101,0,0,0,0.013,0,0,0,0.04014,0.1152,0,0,0.0508,0.02434,0,0,0.05654,0.03969,0.00127,0,0,0,0,0,0.01455,0.18915,0,0,0.00234,0,0.00164,0,0.02522,0,0.0022,0.00029,0,0,0.00904,0,0,0,0.00241,0.01623,0,0.00106,0.00389,0.00661,0,0,1e-04,0,0,0.35114,0.0144,0.06193,0.01801,0.003,0,0.0401,0,0.02856,0,0,0.5195,9e-05,0.02175,0,0.00327,0,0.02728,0,0,0.00175,0,0,0.24766,0.00631,0,0.00241,0,0,0.02042,0.09767,0.01485,0,0,0.02277,0,0.0042,0,0,0.07187,0,0,0.00457,0,0.01478,0.00044,0.02194,0.27737,0.00726,0,0.00234,0,0.23259,0,0,0.09762,0.36892,0,0.00155,0,0,0.02523,0,0,0.08288,0,0,0,0.00092,0,0,0,0,0,0,0,0.00057,0.43012,0,0,0.00181,0,0,0.00029
"k__Bacteria|p__Firmicutes|c__Firmicutes_unclassified|o__Firmicutes_unclassified|f__Firmicutes_unclassified|g__Firmicutes_unclassified|s__Firmicutes_bacterium_CAG_145",0.01663,0,0.01763,0,0,0.01574,0,0,0,0.38846,0,0,0,0,0,0,0,0,0.05413,0,0,0.04173,0.10789,0,0,2.10413,0.25934,0.11851,0,0,0,0.0228,0.00055,0,0,0.00683,0,0,0,0,0.00024,0,0,0,0.00437,0.15483,0,0,0,0,0,0.00602,0,0,0,0,0,0,0,0,0,0,0,0.06101,0,0.00047,0.00103,0.00193,0,0,0,0,0.0254,0,0,6e-04,0,0,0,0,0,0.00649,0.00829,0,0,0,0,0.00529,0,0.05824,0,0.09488,0,0,0,0,0.03932,0,0,0,0,0,0.01033,0.00597,0,0,0,0,0,0,9e-04,0,0,0,0,0,0,0,0,0,0.00259,0,0,0,0,0,0.32341,0,0,0,0.00082,0,0,0,0,0,0,0,0.03581,0,0,0.03233,0,0.00385,0,0,0
"k__Bacteria|p__Firmicutes|c__Negativicutes|o__Veillonellales|f__Veillonellaceae|g__Veillonella|s__Veillonella_dispar",0.01447,0,0.03606,0,0.03512,0.05015,0,0,0.00106,0,0.00135,0,0,0,0.00241,0.00997,0,0.00278,0,0,0,0,0,0.00076,0.02456,0.00418,0,0.00418,0,0.00157,0,0.02844,0,0.06344,0,0,0,0.01148,0,0,0,0.01843,0,0,0.00717,0,0,0.00422,0,0,0,0,0,0.00642,0,0,0,0.00133,0,0,0,0,0.00212,0,0,0,0,0,0.01136,0.02333,0,0,0,0,0.00086,0,0,0.00413,0,0.04922,0,0.00121,0,0.0057,0.00187,0,0.01715,0,0.00356,0,0,0,0,0,0.00228,0,0,0,0,0,0.00974,0,0.00091,0,0.00785,0.00071,0.01569,0,0.00883,0,0.00139,0,0.00404,0.01335,0,0,0,0.00422,0.0419,0,0,0,0,0,0.00164,0.00113,0,0,0.00457,0.02569,0.00071,0.00219,0,0,0,0.00629,0,0,0,0,0,0.00086,0.00497,0,0,0,0.00141
"k__Bacteria|p__Firmicutes|c__Clostridia|o__Clostridiales|f__Clostridiales_unclassified|g__Intestinimonas|s__Intestinimonas_butyriciproducens",0.01199,0.0036,0,0,0.02148,0.00746,0.00677,0.07009,0,0.05483,0.00074,0,0,0.0021,0.00175,0.00788,0.08636,0,0.00896,0.01197,0.09511,0.07805,0.02148,0.00055,0,0.00329,0.01279,0.02396,0.00154,0.11868,0.12359,0.00842,0,0.00612,0.00314,0.11871,0,0,0,0.03614,0.01488,0.14821,0,0,0.01084,0.03988,0,0,0,0.00708,0,0.00249,0.00765,0.00453,0,0.00865,0,0.00086,0.00852,0,0,0.16084,0,0,0.00572,0,0.00571,0,0,0,0.00427,0.01082,0.01222,0.00026,0.02338,0.06682,0.00061,0.00579,0.00904,0.00271,0.001,0.02439,0.1001,0.00045,0.00093,0,0.03028,0.0677,0,6e-04,0,0,0.02954,0.0051,0,0,0.01682,0.00736,0.00686,0,0,0.01064,0,0.46794,0.00036,0.00078,0.00074,0,0.00248,0.00308,0,0.03988,0.00024,0,0,0.00964,0.02929,0.00255,0.00268,0.01845,0.00213,0,0.13919,0,0.0102,0.11324,0.03192,0,0,0.00386,0.01848,0,0,0.00514,0,0,0.10611,0.01564,0.03323,0.01116,9e-05,0.00958,0,0,0,0.04467,0.00819
"k__Bacteria|p__Firmicutes|c__Clostridia|o__Clostridiales|f__Lachnospiraceae|g__Blautia|s__Blautia_obeum",0.0114,0.06631,0.0234,0.08664,0.38273,0.01754,0.03159,0,0.00665,0.42377,0.24826,0,0.00528,0,0.02541,0.00521,0.00876,0.00214,0.00528,0.13523,0.03963,0.13128,0.11968,0.17965,0.00903,0.15716,0.16378,0.15924,0.02322,0.00408,0.31459,0.00169,0.02341,0.16714,0.13206,0.01182,0.00732,0.15545,0,0,0,0.06707,0.09355,0.00347,0.04093,0.03298,0.00246,0.00035,0.04558,0.01392,0.01564,0.01108,0,0.01635,0.0364,0.38759,0.00474,0.00449,0,0.01216,0,0.1874,0.00761,0.03352,0.06552,0.02954,0.00616,0.0157,0.59991,0.00121,0.20699,0.03213,0,0.14565,0.00708,0.36717,0.17031,0.19592,0.04858,0.00218,0.08226,0.08981,0.05113,0.04726,0.03243,0.00256,0.2615,0.01409,0,0.00742,0.00058,0.00209,0.06939,0.03947,0.00815,0.01174,0.00282,0.02524,0,0.01489,0.05148,0,0.00184,0.03668,0.01643,0.00568,0.00896,0,0.01301,0.0016,0.02039,0.03664,0.01502,0.01924,0,0.01955,0.0376,0,0.12665,0.03642,0.06711,0.03657,0.05882,0.00204,0.02545,0.00719,0.02744,0.04816,1.68487,0.1612,0.13255,0.00264,0,0.13055,0.00018,0.00186,0.01972,0,0.27189,0.04394,0.4192,0.00317,0,0.08479,0,0.00454,0.03953
"k__Bacteria|p__Bacteroidetes|c__Bacteroidia|o__Bacteroidales|f__Bacteroidaceae|g__Bacteroides|s__Bacteroides_galacturonicus",0.01039,0,0,0,0,0,0,0,0,0.002,0,0,0,0,0.02976,0.00239,0.00025,0,0.01217,0.04063,0,0.05135,0,0.00172,0,0,0,0,0.04091,0.02309,0,0,0,0.02551,0,0.03384,0,0.04659,0,0,0,0,0,0,0.02194,0,0,0.01196,0.01696,0,0,0,0,0,0.00961,0,0.00145,0,0,0,0,0,0,0,0,0,0.21766,0,0,0.00904,0,0.00721,0,0.00545,0,0,0.10868,0,0,0,0,0,0.06126,0.00886,0,0,0,0,0,0,0,0,0,0,0,0,0,0,0,0.00886,0,0,0,0.01185,0,0,0,0,0.07726,0.0049,0,0.00221,0.06264,0,0,0.14895,0.0028,0,0,0.00487,0.00096,0.00087,0,0,0,0,0,0.00474,0,0,0.00605,0,0,0,0,0.09795,0,0,0.06512,0.00975,0.0051,0,0,0,0,0.00695,0.00316
"k__Bacteria|p__Firmicutes|c__Negativicutes|o__Veillonellales|f__Veillonellaceae|g__Veillonella|s__Veillonella_atypica",0.0095,0,0.04245,0,0.01808,0,0,0,0.0029,0,0,0.02631,0,0.00056,0,0,0,0.02148,0,0,0,0,0,0,0.00256,0.00375,0,0,0,0,0,0.09758,0,0.14885,0,0,0,0.00232,0,0,0,0.01109,0,0,0,0,0,0.006,0,0,0,0,0,0.00555,0,0,0,0.00549,0,0,0,0,0,0,0,0,0,0,0.00405,0,0,0,0,0,0,0,0,0,0,0.0052,0,0,0,0,0,0.00474,0.02142,0,0.00359,0,0,0,0,0,0.00064,0,0,0,0.00312,0,0.02551,0.00127,0,0,0,0,0,0,0.00035,0,0.00282,0,0,0.0183,0,0,0,0,0.00993,0,0,0,0,0,0.00421,0,0,0.00041,0,0.00395,0,0.00396,0,0,0.00608,0.00281,0,0,0,0,0,0,0,0,0.01667,0,0
"k__Bacteria|p__Firmicutes|c__Negativicutes|o__Veillonellales|f__Veillonellaceae|g__Veillonella|s__Veillonella_parvula",0.00872,0,0.0463,0,0.00801,0.06211,0,0,0.00518,0,0.05032,0.02462,0,0,0.00038,0,0,0.00619,0.00274,0,0,0,0,0,0.08668,0.54207,0,0,0,0,0,0.03289,0,1.18788,0.01066,0.00372,0,0.01841,0,0,0,0.02272,0,0,0.00145,0,0,0.01009,0,0.00476,0,0,0,0.00979,0,0,0,0.00358,0.00053,0.00303,0,0,0.01546,0.002,0,0,0,0,0.00556,0.02775,0.00025,0,0,0,0,0.01276,0,0.00039,0,0.03778,0,0.00699,0,0,0,0.00375,0.04283,0.00027,0.00143,0.01317,0,0.00609,0,0.00082,0,0,0,0.00159,0.00091,0,0.02867,0,0.00101,0,4.35124,0.00137,0.03442,0,0.03788,0,0.0046,0,0.04601,0.00398,0,0,0,0,0.02641,0,0.0138,0.00918,0,0.00138,0.00237,0.00059,0,0,0.00905,0.24697,0,0,0.00294,0,0.00113,0.01481,0.00853,0,0,0,0,0,0,0,0.0148,0,0
"k__Bacteria|p__Bacteroidetes|c__Bacteroidia|o__Bacteroidales|f__Rikenellaceae|g__Alistipes|s__Alistipes_inops",0.00682,0,0,0,0,0.1462,0.95786,0,0.1435,0,0,0,0,0,0,0,0,0.14986,0,0,0,0,0,0,0,0,0,0,0,0,0,0,0,0,0,0,0,0,0,0,0,0,0,0,0,0,0,0,0,0,0,0,0,0,0,0.235,0,0,0,0,4.79551,0,0,1.50443,0,0,0,0,0,0.42377,0,0,0,0,0,0.08048,0,0,0,0,0,0,0,0,0,0,0,0,0,0,0,1.50953,0,0,0.01276,0,0,0.01806,0,0,0,0,0,0,0,0,0,0,0,0,0,0,0,0,0,0,0,0,0,0,0,0,0,0,0.79092,0,0,0,0,0,0,0,0,0,0,0,0,0,0,0,0,0,0,0,0,0,0
"k__Bacteria|p__Proteobacteria|c__Gammaproteobacteria|o__Pasteurellales|f__Pasteurellaceae|g__Haemophilus|s__Haemophilus_parainfluenzae",0.00606,0.00482,0.0245,0,0.04408,0.00532,0.00947,0,0.04598,0,0.00452,0.11377,0,0,0.01964,0.04155,0,0,0,0,0,0,0,0.04002,0,0,0,0,0,0,0,0.00115,0,0.4203,0,0,0.00245,0.29655,0,0,0.00975,0.03373,0,0,0.04654,0,0,0.01296,0,0.01705,0.01175,0,0.00205,0.00883,0.00158,0,0,0.11284,0.01684,0.00126,0.02251,0,0.00247,0,0,0,0,0,0.17767,0.03771,0.00036,0,0,0,0.00322,0.00596,0.00044,0.01283,0,0.08402,0,0.00894,0,0.05602,0.00366,0,0.08317,0,0,0.00163,8e-04,0,0,0.00685,0.00384,0.04427,0,0,0.00325,0,0.02379,0,0,0,0.19434,0.00326,0.14476,0,8e-04,0,0.00521,0,0,0.0035,0.00463,0,0,0,0.01202,0,0.00324,0.00857,0,0.10685,5e-04,0.00551,0,0.00119,0.15826,0.20233,0.00361,0.00455,0,0,0,0.08241,0.01426,0,0,0,0.00125,0.00215,0,0,0,0.00286,0.0012
"k__Bacteria|p__Firmicutes|c__Bacilli|o__Lactobacillales|f__Lactobacillaceae|g__Lactobacillus|s__Lactobacillus_rogosae",0.00581,0,0.52332,0.01509,0.00026,0,0,0.00132,0,0,0,0,0,0,0.21072,0,0.00243,0,0.03631,0.05334,0,0.00234,0,0.0065,0,0.02664,0.00179,0,0.03267,0.00552,0.00113,0,0,0.07572,0.01144,0.00838,0,0.00402,0,0,0,0,0,0,0,0,0,0,0.00223,0,0,0.01445,0,0,0,0,0,0,0,0,0.00112,0.00112,0.00475,0,0,0.00035,0.10263,0.10117,0,0.0398,0,0.00917,0,0.00274,0,0,0.00315,0,0,0,0,0,0,0.00739,0,0,0,0,0,0,0,0,0,0,0,0,0,0.00225,0,0.00364,0,0,0,0.04596,0.00377,0.00154,0,0,0.00072,0.00656,0,0.01483,0.005,0,0,0.03349,0,0,0,0.00944,0.03855,0.01331,0.00319,0.07266,0,0,0,0.03802,0,0,0,0,0.13421,0,0,0.0159,0,0,0.00335,0.00812,0.00408,0,0,0.01168,0,0.00655,0.00036
"k__Bacteria|p__Lentisphaerae|c__Lentisphaeria|o__Victivallales|f__Victivallaceae|g__Victivallis|s__Victivallis_vadensis",0.00393,0,0,0,0,0,0,0,0.00104,0,0,0,0,0,0,0.00408,0,0,0,0,0,0,0.0255,0,0,0,0,0.00654,0,0,0,0,0,0,0.00011,0,0,0,0,0,0,0,0,0,0,0,0,0,0,0,0,0,0,0,0,0.00813,0.02154,0,0,0,0,0,0,0,0,0,0,0,0.001,0,0,0,0,0,0,0,0,0,0,0.01941,0,0,0,0,0,0,0,0,0,0,0,0,0,0,0,0,0,0.01888,0,0,0,0,0,0,0,0,0,0,0,0,0.01956,0,0,0,0,0,0.89307,0,0,0,0,0.01697,0,0,0,0,0,0,0,0,0,0,0,0,0,0,0,0,0,0,0,0,0,0,0,0,0.04947
"k__Bacteria|p__Firmicutes|c__Erysipelotrichia|o__Erysipelotrichales|f__Erysipelotrichaceae|g__Dielma|s__Dielma_fastidiosa",0.00369,0.00011,0,0,0,0,0.00287,0,0,0,0,0,0,0,0,0,0.03426,0.03249,0,0.00498,0.03729,0,0,0,0.00581,0.00207,0,0,0.00037,0,0.20328,0.00729,0.03006,0,0.0071,0.0095,0,0.00597,0,0,0.00146,0.00398,0,0,0,0.02048,0,0,0,0,0,0,0.00623,0,0,0.03182,0,0,0,0,0,0.00437,0.0067,0.11511,0,0,0,0,0.00215,0,0,0,0,0.00874,0,0,0.00601,0.00022,0.00336,0,0,0,0,0,0.00594,0,0.00256,0,0,0.01342,0,0,0,0.00048,0,7e-05,0.00354,0.00269,0,0,0,0,0.01113,0.00713,0.00187,0,0,0,0,0.00054,0.00376,0.00291,0,0,0,0.02355,0,0,0,0,0,0,0,0.01948,0.00461,0,0.06678,0,0,0,0,0,0.00053,0.03228,0,0.00502,0.02623,0,0,0,0.0162,0.00441,0,0,0.08741,0,0.01089
"k__Bacteria|p__Bacteroidetes|c__Bacteroidia|o__Bacteroidales|f__Prevotellaceae|g__Prevotella|s__Prevotella_disiens",0.00307,0,0,0,0,0,0,0,0,0,0,0,0,0,0,0.00265,0,0,0,0,0,0,0,0,0,0,0,0,0,0,0,0,0,0,0.00887,0,0,0,0,0,0,0,0,0,0,0,0,0,0,0,0,0,0,0,0.00282,0.63222,0,0,0,0,0,0,0,0,0,0,0,0,0,0,0,0,0,0,0,0,0.00109,0,0,0,0,0,0.00951,0,0,0,0,0,0,0,0,0,0.02798,0,0,0,0,0,0,0,0,0,0,0,0,0,0,0,0,0,0,0,0,0,0,0.00033,0,0,0,0,0,0,0,0,0.02598,0,0,0,0,0,0,0,0,0,0,0,0,0,0,0,0,0,0,0,0,0,0
"k__Bacteria|p__Bacteroidetes|c__Bacteroidia|o__Bacteroidales|f__Tannerellaceae|g__Parabacteroides|s__Parabacteroides_goldsteinii",0.00271,0,0.04379,1.14435,0.01893,0,0,0,0.00298,0,0,0,0,0,0,0,0,0.01367,0,0,0.06624,0,0,0,0,0,0.03679,0,0,0,0,0,0,0,0,0,0,0,0.24882,0,0,0,0,0,0.01981,0,0,0,0,0,0,0,0,0,0,0,0.02695,0,0,0,0,0,0,0,0,0,0,0,0,0,0,0,0,0,0,0.13506,2.10585,0.00138,0,0.10529,0,0,0,0.03233,0,0,0.01766,0,0,0,0,0,0,0,0,0,0,0.1588,0,0,0,0,0,0,0,0,0,0,0.00967,0,0,0,0.00831,0,0,1.50287,0,0,0,0,0,0,0,0,0,0,0,0,0,0,0,0.65148,0,0,0,0,0.01005,0.00591,0,0,0,0,0,0.18986,0,0,0
"k__Bacteria|p__Proteobacteria|c__Betaproteobacteria|o__Burkholderiales|f__Oxalobacteraceae|g__Oxalobacter|s__Oxalobacter_formigenes",0.00238,0,0.00243,0,0,0.10456,0.00058,0,0,0,0,0,0,0,0.06491,0,0,0.00265,0,0,0,0,0,0,0,0,0.19985,0.00125,0.00483,0,0,0,0,0,0,0,0,0,0,0,0,0,0,0,0,0,0,0,0,0,0,0,0,0,0,0,0,0,0,0,0,0,0,0,0,0.03676,0,0,0,0,0,0,0,0,0.0036,0.32561,0,0.09516,0,0,0,0,0.19172,0,0,0,0,0,0,0,0,9e-05,0,0.0364,0.00769,0,0,0.00491,0,0,0,0,0,0,0,0.00397,0,0,0,0,0,0,0,0,0,0,0.00094,0,0,0,0,0,0,0,0,0,0,0,0,0,0,0,0,0,0,0,0,0,0.17499,0.00261,0,0,0,0.06241,0,0,0
"k__Bacteria|p__Actinobacteria|c__Coriobacteriia|o__Coriobacteriales|f__Coriobacteriaceae|g__Collinsella|s__Collinsella_aerofaciens",0.00198,0.54612,0.04215,0.00033,0.0758,0,0,0.05439,0.09054,0.10229,0.72239,0.09368,0,0,0.04948,0.0469,1.13119,0.02373,0.49686,1.19901,0,0.07279,0.12769,0.01672,0.35693,0.36181,2.18531,0.12909,0,0.05494,0.45196,0.21388,0.01635,0.42452,0.23912,1.08916,0.13458,0.03218,0,0,0,0.02828,0.20262,0.07962,0.11471,0.06178,0.0026,0,0,0.02832,0.88766,0.17573,0.03276,0.07469,0.20291,1.39869,0.0235,0.00687,0,0.25814,0.65986,0,0.00102,1.1684,0.0388,0.1985,0.29479,0.03361,0.04358,0.17155,0.10059,0.37991,0.02524,0.1805,0.02491,0.85271,1.65414,0.72593,0.15355,0.0893,0.66697,0.07295,0.48034,0.05957,0,0,0.28211,0.05905,0.02107,0.76518,0,0,0.02014,0.39593,0,0.15192,0,0.1101,0,0,0,0.00065,0,0.47206,0.08827,0.16135,0.11279,0.00369,0.81099,0.04048,0.07179,0.23956,1.09883,0.03939,0,0.14877,0.10519,0.0343,2.10844,0.37296,0.04027,0.04857,0.02114,0.06642,0.15918,0.1411,0,0.20414,0,0.15155,0.0594,0,0.00036,0,0,0.05843,0,0,0.23638,0,0.29705,0.01621,0,0.71648,0.2103,0.10344,0.05695
"k__Bacteria|p__Firmicutes|c__Clostridia|o__Clostridiales|f__Clostridiales_unclassified|g__Lawsonibacter|s__Lawsonibacter_asaccharolyticus",0.00195,0.00544,0,0.0229,0.00074,0.00231,0.00298,0.47363,0,0.03001,0.02973,0,0.00029,0,0,0.00246,0.05801,0,0.00238,0.01021,0.09581,0,0.09573,0,0.00601,0.02288,0.03859,0.09338,0.02202,0.02571,0.00691,0.73326,0.00316,0.01441,0,0.0321,0.02783,0.01461,0.02307,0.07412,0.00972,0.00569,0.01969,0.1743,0.01612,0.0024,0,0,0.02646,0,0.00368,0.02633,0.00372,0.00137,0.00365,0.65983,0,0,0,0.00292,0.0017,0.01612,0.01702,0,0.00469,0.00097,0,0.00554,0,0.05027,0,0.01676,0.16829,0.06406,0.00338,0.03098,0.07191,0.01316,0.01945,0.04242,0.02382,0.00311,0.02533,0.00095,0.00377,0,0.01233,0.00543,0,0.01643,0,0.00299,0.00589,0.00367,0,0.00247,0,0,0,0.02104,0,0.00734,0.02635,0.03168,0.00128,0.00342,0.01783,0.00066,0.00042,0,0.0065,0.00015,0,0.00126,0.00013,0.12805,0.00192,0.11412,0.02122,0.05452,0.01666,0.00047,0.00642,0.00188,0.00227,0,0.1887,0.01338,0.04926,0.01827,0.00124,0.00662,0.02216,0.01478,0.00051,0.02025,0.00029,0,0.02074,0.01124,0.01168,0.01177,0,0.04519,0.01402,0,0.00486
"k__Bacteria|p__Firmicutes|c__Clostridia|o__Clostridiales|f__Ruminococcaceae|g__Flavonifractor|s__Flavonifractor_plautii",0.00187,0.00515,0,0.00691,0.00398,0.00414,0.02473,0.44203,0,0.0609,0.01724,0.17038,0.07438,0.1409,0,0.00122,0.14724,0.004,0.04597,0.03372,1.02392,0.04638,0.34604,0.00568,0.24728,0.01718,0.00214,0.27066,0.03977,0.10002,0.32695,0.69785,0.0723,0.08351,0.03841,0.02212,0.17605,0.02486,0.01084,0.01408,0.19489,0.01013,0.00189,0.30639,0.00509,0.0647,0,0.08115,8e-05,0.01503,0.00163,0.0116,0.00758,0.00154,0.08767,1.64179,0,0,0.00026,0.0371,0,0.06293,0.2191,0.32709,0.00984,0.02601,0.01645,0.00452,0.03654,0.00428,1.72071,0.03356,0.08517,0.19102,0.00665,0.01924,0.06815,0.00421,0.01741,0.01609,0.0074,0.01569,0.42636,0.00231,0.2616,1.01674,0.01189,0.00344,0.06152,0.0371,0.1212,0.1215,0.03203,0.00235,0,0.00504,0.01031,0.0084,0.17567,0.00167,0.23836,0.00324,0.01898,0.33621,0.00277,0.00162,0.0013,0.06368,0.00332,0,0.15254,0.01145,0.00609,0.01912,0.24132,0.04067,0.00138,0.16203,0.04642,0.02607,0.00698,0.00435,0.07043,0.08811,0.01828,0.78167,0.05382,0.02931,0.25364,1.10591,0.00475,0.00102,0.21972,0.48895,0.17095,0.17191,0.29548,0.03482,0.09034,0.03438,0.08753,0.05345,0.15256,0.0039,0.72283,0.89852,0.01424
"k__Bacteria|p__Firmicutes|c__Bacilli|o__Lactobacillales|f__Streptococcaceae|g__Streptococcus|s__Streptococcus_salivarius",0.00161,0,0.02552,0.01134,0.02899,0,0,0,0.02401,0,0.22222,0,0,0,0,0,0.00787,0,0,0,0,0,0,0,0.00116,0.00989,0.00251,0,0.0066,0,0.00793,0.11669,0,0.02619,0.0104,0,0,0.03478,0,0,0,0.00903,0,0,0.00034,0.00963,0,0,6e-04,0,0.00317,0,0,0.00075,0,0,0,0.01506,0,0,0,0,0,0,0,0,0,0.00037,0.0024,0.02598,0,0,0,0,0.00058,0.02951,0.00108,0.12119,0,0.0167,0.0092,0.00043,0,0.01315,0,0,0.0703,0,0,0,0,0,0,0.05675,0,8e-05,0,0,0,0,0,0.00717,0,0,0,0,0.00072,0,0.00998,0,0,0,0.00924,0.0024,0,0,0,0.00068,0.00152,0.00088,0,0.00126,0,0.00024,0.11438,0.00308,0,0,0,0.0468,7e-04,0.00046,0,0,0,0,0,0,0.00635,0,0.00156,0.00067,0,0,0.00045,0,0.00922
"k__Bacteria|p__Firmicutes|c__Negativicutes|o__Veillonellales|f__Veillonellaceae|g__Dialister|s__Dialister_invisus",0.00121,0,0,0.03364,0,0.551,0.03049,0.00996,0.35441,0.0292,0,0,0.03582,0.05093,0.21769,0,1.63578,0,0.01131,0,0,0.09389,0.60143,0.32085,0,2.13397,0,1.20612,1.12004,0,0,0.5041,0,0.30425,0.61846,0,1.47738,0,0,0,0,0,0,0,0,0,0,0,0.00546,0,0,0,0.03782,0,0,0.2159,0,0.03123,0.01412,0,0.20684,0.88039,0,5.78801,0,0,0.11889,0,1.23312,0,0.00077,0,0,0,0,0,0.13048,0.00278,0,0,0.08924,0.04049,0,0,0.01433,0.53262,0,0.14048,0,3.3669,0,0.13261,0.05753,0.40616,0.52446,0,0,0,0.09473,0,0.04854,0,0,0,0,0.16118,0.04044,0,0,0,0,0,0,0,0.16809,0,0,0.05487,0,0,0.089,0.12095,0,0,0.21722,0.00646,0,0,0.17929,0,0.01623,0,0,0.00265,0,0,0.05316,0,0,0.59973,0.09111,0,0.22245,0,0,6e-04,0
"k__Bacteria|p__Firmicutes|c__Negativicutes|o__Veillonellales|f__Veillonellaceae|g__Veillonella|s__Veillonella_sp_T11011_6",0.00072,0,0.00095,0,0.00167,0.00406,0,0,0,0,0,0,0,0,0,0.00069,0,0,0,0,0,0,0,0,0.00346,0,0,0,0,0,0,0.00178,0,0.01064,0,0,0,0,0,0,0,0.0022,0,0,0,0,0,0,0,0,0,0,0,0,0,0,0,0,0,0,0,0,0,0,0,0,0,0,0,0,0,0,0,0,0,0,0,0,0,0.00333,0,0,0,0,0,0,0.00276,0,0,0,0,0,0,0,0,0,0,0,0,0,0,0,0,0,0,0,0.00054,0,8e-04,0,0,0,0,0.00437,0,0,0,0,0.00096,0,0,0,0,0,0,0,0,0,0,0,0,0,0,0,0,0,0,0,0,0,0,0,0,0,0,0,0
"k__Bacteria|p__Firmicutes|c__Negativicutes|o__Veillonellales|f__Veillonellaceae|g__Veillonella|s__Veillonella_infantium",6e-04,0,0.00871,0,0.00423,0.00604,0,0,0.00025,0,0,0,0,0,0.00084,0.00212,0,0,0,0,0,0,0,0,0.00056,0.00198,0,0,0,0,0,0.01558,0,0.03433,3e-04,0,0,0.00231,0,0,0,0.00975,0,0,0,0,0,0.00285,0,0,0,0,0,0.00196,0,0,0,0,0,0,0,0,0,0,0,0,0,0,0.00292,0.00535,0,0,0,0,0,0,0,0,0,0.00686,0,0.00226,0,0,0,0,0.00801,0,0,0,0,0,0,0,0,0,0,0,0,0,0.00067,0,0,0,0.00557,0,0.01183,0,0.00358,0,0,0,0.00278,0.00533,0,0,0,0,0.0046,0,0,0.00031,0,0,0.00136,0,0,0,0,0.00741,0,0,0,0,0,0.00243,0,0,0,0,0,0,0,0,0,0.00021,0
"k__Bacteria|p__Bacteroidetes|c__Bacteroidia|o__Bacteroidales|f__Bacteroidaceae|g__Bacteroides|s__Bacteroides_stercoris",0,23.86569,0.02182,0,2.02053,2.77041,0,0,2.0233,0.95292,4.87608,0,4.14948,0,0,1.30023,2.41548,5.86111,0.58724,2.27378,0,0,12.49864,0,18.86296,10.95426,0,8.9509,0,0,0,0,0,0,1.86417,2.59724,5.88017,4.44503,3.40582,0,45.58213,0.02772,1.73111,0,5.39933,0,0,1.59663,17.25334,0,22.26226,0,8.40698,0.00096,8.18897,7.49895,1.15477,17.93352,2.80238,0,0,0,0,0,13.36463,19.41638,1.54433,0,33.29199,0.6253,0,0.74471,0,0.22026,2.54076,1.21527,4.37942,28.15058,14.67076,7.28008,11.91031,18.39846,0,0.07701,34.62922,0,3.24488,4.50297,0,1.88889,1.86928,0,8.89057,0,11.09323,19.04231,34.6805,1.97998,0,10.40854,0,0.00162,9.88082,0,0,12.30923,9.09712,0,4.52796,0.59565,13.61747,0,4.1336,1.23324,11.67989,0.3319,1.82405,0,0,2.71604,14.52194,1.85933,0,0,8.70383,0,0.00023,4.30665,0,0,24.88413,13.89877,0,41.5399,0,0,13.48594,0,0,0,0,0,10.46646,0,0,0,0.77274
"k__Bacteria|p__Bacteroidetes|c__Bacteroidia|o__Bacteroidales|f__Bacteroidaceae|g__Bacteroides|s__Bacteroides_uniformis",0,7.52979,7.51405,18.0348,1.13581,4.06123,14.88762,15.21917,5.3522,8.49411,2.01375,0,4.81441,0,5.79214,0.41088,4.91013,8.55681,4.69949,14.61534,2.79463,3.70045,3.24183,14.81351,4.34869,5.5127,14.84132,4.26148,0.07538,6.76349,3.97887,11.84954,15.34009,7.7298,1.02401,5.28119,1.94314,11.47148,9.45641,11.61694,18.90083,1.91465,12.38235,0,8.97519,2.95646,0.47151,4.33947,23.82934,10.57094,9.68677,0,1.40068,1.56669,13.59759,6.53718,26.08603,13.31178,3.47246,0,2.05391,29.38907,9.99472,0,17.33391,5.61586,18.02333,9.34121,3.07032,8.9815,3.86721,31.6468,0,6.77462,7.49899,14.49503,3.08476,0,20.22684,11.92128,4.681,24.99476,30.60728,3.19541,8.63589,0,2.37497,22.13751,0,1.44567,9.89397,43.31161,10.61215,3.86755,9.06127,10.10462,0,2.14034,0,25.11234,32.53283,2.12844,18.41545,17.08865,0,14.81644,9.74078,2.6183,8.62719,0.69249,10.13278,31.74169,9.81854,0.58142,2.28546,0.79518,3.94634,12.56212,8.76814,3.02293,12.01508,14.14351,7.29748,4.99629,17.99942,11.28433,17.82503,0.58628,0,18.96577,13.5145,5.77021,12.79816,10.23118,0,3.67869,12.65178,4.41705,20.55135,0.05502,4.39986,35.74879,5.53635,17.40089,0,8.29512,1.80959
"k__Bacteria|p__Bacteroidetes|c__Bacteroidia|o__Bacteroidales|f__Barnesiellaceae|g__Barnesiella|s__Barnesiella_intestinihominis",0,4.87297,0,0,0,1.93801,0,0,0.03878,0,0,0,0,0,0,3.80015,0,1.95141,0.42158,0,0,0,0,0,0,0,0.414,0,0,0,0,0,5.07195,0,4.22766,0.64324,16.30623,0,6.42045,9.31504,2.35249,0.00267,0,1.95196,0.00203,0,0.04833,0,2.50111,4.23183,2.51687,0,0,8.30711,0,4.08377,2.32827,4.46871,2.77393,0,1.99894,0,0,0,0,0,2.32521,0,9.00662,0,0,0,2.78148,4.51311,10.12617,6.18809,14.37565,0,4.11458,4.55052,0,0,3.96355,0.86118,0,0,0,0,0,0,0,0,0,3.28925,1.55342,2.35626,0,2.45157,0,2.02869,0,2.51244,0,0,0,0,0,0,0,0.04911,0.86118,0,0,0.59614,0,0,5.62173,0,0,8.80022,0,4.25275,0,2.13561,3.64495,0,0,3.35152,0,0,0,1.92817,0,0,0,0,1.30245,0,2.55486,0,0,3.30016,0,2.51111,0,0,1.93716
"k__Bacteria|p__Firmicutes|c__Clostridia|o__Clostridiales|f__Ruminococcaceae|g__Ruminococcus|s__Ruminococcus_bromii",0,2.30079,0.05694,2.48249,1.77534,1.74235,0.60211,1.49312,0.03229,16.37624,4.86567,0,0.67816,0,2.23501,0,2.51169,0,1.27158,4.51895,4.10252,0,0,0,0,17.84793,0,0,9.54243,2.4613,0,0,0,0.44182,4.61126,0,0,4.9221,2.72142,0.81268,0.00916,0.0044,4.13793,0,1.49817,2.66707,0.01877,0,2.47659,0,0.1623,0,0,0.26594,0,0.08855,0.6031,1.09763,0,0,5.86428,2.74781,0,11.11268,1.08625,0.83641,0.74175,0,0,0.47286,3.4409,1.45801,0,0,3.04474,4.23047,12.89667,0,0.97009,0,1.3727,0,0,0.02308,0,0.89422,0.92016,0,0,3.36453,1.50993,0.58468,0,0.72317,1.33571,1.72536,0,0,0,0,0,2.05979,0,1.285,0,0.24705,0.09894,0.01834,0.15619,0,0,0,0.21499,0.00027,0,0,0,0,2.7482,0,1.49681,6.77344,3.11495,0,0,1.20087,1.72073,0,0,2.45328,0,7.39908,0,0,0,0.05452,0,0,0,0.63269,5.22799,0,0,2.90942,0,0.43033,0
"k__Bacteria|p__Bacteroidetes|c__Bacteroidia|o__Bacteroidales|f__Bacteroidaceae|g__Bacteroides|s__Bacteroides_thetaiotaomicron",0,2.08284,2.032,0.09777,2.3188,0.21833,3.36819,4.29754,2.62432,6.07686,0.46622,0,0,2.14974,0.72274,0.01558,1.20735,2.67977,0.57881,0,0.01017,0,0.38419,11.63431,0.71708,0.32593,0.31345,0.46629,0,0,0.73819,1.40622,3.96694,4.28109,0.25122,0.63244,13.12658,6.23002,3.38693,2.00658,0.24202,14.21538,0,8.14806,4.08871,0.33769,0.00312,1.77512,4.97387,3.65537,0.62706,0,24.15206,0.01747,0,2.76838,2.01866,1.15745,2.17916,0,3.83806,0,15.85537,0,4.67809,0.53757,0.92911,0,1.5185,2.89971,0,0.99737,9.48936,0,1.78063,2.01842,2.34269,0,2.49996,1.59144,0.29708,3.6939,1.054,1.74156,7.17656,39.93007,2.42642,0.63811,0,1.92104,0,2.61769,15.37888,1.09468,0.08691,2.06451,9.43107,0.51729,5.03422,1.66759,4.18258,0.08084,11.32011,0,0,2.46078,3.29805,7.17661,0.20616,0.2889,0.03937,3.82078,0.23246,0.22618,0,4.07586,0.00985,2.16388,0.03687,0,0.54189,0.27045,1.45644,5.9406,2.92379,4.31792,0,0.03758,0,0,3.59519,9.70008,8.44277,6.16717,23.3533,0,1.34387,0.05976,0.86985,0,2.20386,0.64934,0,3.72986,0,3.69976,0.0278
"k__Bacteria|p__Bacteroidetes|c__Bacteroidia|o__Bacteroidales|f__Tannerellaceae|g__Parabacteroides|s__Parabacteroides_johnsonii",0,1.24047,0,0,0,0,0,0,0,4.11722,0,0,0,0,0,0,0,0,0,0,0,0,0,0,0,0,0.00299,0,0,0,0,0,0,0,0,0,0,0,2.04324,1.53495,0,0,0,0,0,0,0,0,2.41381,0,0,0,0,0,0,0,0.0047,0,0,0,0,0,0,0,0,0,0,0,0,0,0.36473,0,0,0,0,0.02039,0,0,0.97138,5.07228,0,0,0,0,0,0,0,0,0,0,0,0,0,0,0,0,0,0,0,1.37804,0,0.43205,0,0,0,0,0,0,0,0,0,0,0,0.00296,0,0,0,0,0,0,0,0,0,0,0,0,0,0,0,0,0,1.49999,0,0,0,0,0,0,0,0,0,0,0,0.00297,0,0,0
"k__Bacteria|p__Firmicutes|c__Negativicutes|o__Acidaminococcales|f__Acidaminococcaceae|g__Phascolarctobacterium|s__Phascolarctobacterium_faecium",0,0.63794,0.00047,0.36572,0.71598,0,0,0,0,0,0.73201,1.38218,0.01113,0,0.26,0,0,0.37003,1.54276,0,2.252,0,0,0,0.00222,0.00317,1.061,0,0,0.00904,0.35666,0,0.32982,0,0,0.86708,0,0.11789,0.02446,0.70246,0.02413,0.3545,0,0.08148,0.00044,0.17356,0,0.11271,0.03871,0,0,0,0,0.94075,0.12461,0,0.11727,0.00171,0,0.54221,0,0,0.02723,0,0.07791,0.26316,0.43762,0,0,0.01185,0.08057,0,0.18751,0.00182,0,0.00501,0,0,0.36494,0.43854,0.28045,0.99819,0.40912,0.00013,0.44379,0,4.35369,0,2.45877,0,0.01027,0,0,0.60057,0,0.00024,0.06853,1.32165,0,0.17913,0,0.83596,0.06039,0.06457,0,0,0,0,0,0.38372,0,0,0,0,0,0,0,0,0.25356,0.00336,0.00028,0,0.71127,0,0.09938,0.61906,0.50604,0.00331,0,0,0.1611,0.04035,0.10662,0.27287,0,0,0,0.23354,0.75084,0,0,0.1238,0,0.22617,2.67173,0.47001,0
"k__Bacteria|p__Firmicutes|c__Clostridia|o__Clostridiales|f__Lachnospiraceae|g__Roseburia|s__Roseburia_inulinivorans",0,0.4938,0.04146,0.02883,0.0918,0.52621,1.19375,0.24919,0.14878,0.02251,0.01991,0,0,0,0.07857,0.02339,0.06101,0.01748,3.02338,0.70577,0,0.07449,3.48878,0.06431,0.03211,2.61891,0.21291,2.79731,1.09143,0.04873,0.07354,0.66733,0,2.19175,1.0868,0.13796,0.03445,1.00575,0,0.22502,0.05515,0.60096,0.01391,0.14322,1.24725,0.0435,0.04273,0.55142,1.3435,0.19825,0.09456,0.05759,0,0.00523,1.89723,0.00435,0.06387,0.16184,0.10531,0.02441,0.01448,0.0285,0.36077,0.02559,0.12802,0.20586,1.48311,0.09793,1.24173,1.52359,0,0.52197,0.43159,0.85655,0.1305,0.32934,0.05965,0.33354,0.10532,0.23093,0.01663,0.42685,1.16505,0.24902,0,0.95444,0.11331,0.01107,0,0.05616,0,0.20146,0.24736,0.36839,0.11291,0.57076,0.38855,0.18916,0,0.18532,0,0.70642,0,0.03854,0.17288,0.12574,0.35733,0.24184,0.72742,0.08369,1.64682,0.65422,0.7311,0.0024,0.2742,1.7873,0.01546,0.14933,0.0867,0.28037,0.32986,2.02503,0.31321,1.39784,0.20472,0.20598,0,0.21307,0,0.21697,0,0,0.56879,0,0,0.20321,1.15166,0.01689,1.3263,0.12771,2.72227,0,2.66319,0.70512,0,0.38244,0.07486
"k__Bacteria|p__Bacteroidetes|c__Bacteroidia|o__Bacteroidales|f__Bacteroidaceae|g__Bacteroides|s__Bacteroides_clarus",0,0.18819,0,0,0.05414,0,0,0,0,0,0,0,0,0,0,0,0,0,0,0,0,0,0,0,0,0,0,0,0,0,0,0,0,0,0,0,0,0,0,0,0,0,0,9.76127,0.0315,0,0,0,0,0,0.0549,0,0,0,0,0,0,0.02315,0,0,0,0,0,0,0,0,0,0,0,0,0,0,9.34237,0,0,0,0,0,0.3545,0.18899,0,0,0,0,0,0,0.08436,0,0,0,0,0,0,0,0,0.1045,0,0,0,0,0,0,0,0,0,0,0,0,0.19887,0,0.12758,0,0.17964,0,0,0,0,0,0,0,0,0,0,0,0,0,0,0,0,0,0,0,0,0,0,0,0,0,0,0,0,0,0,0,0,0,0
"k__Bacteria|p__Firmicutes|c__Clostridia|o__Clostridiales|f__Lachnospiraceae|g__Roseburia|s__Roseburia_faecis",0,0.17125,0.8083,0.29373,1.70823,0.3604,0.3065,0.32839,0.43599,0,1.16429,0,0.02752,0,0.34155,0.08898,0.41749,0.14356,4.22814,0.68609,0,2.42384,0.47266,0.49787,0,0.77224,4.32128,2.14905,2.79135,0,0.08793,0,0.13508,4.90018,1.77751,0,0.02554,6.32827,0,0.07479,0.00799,0,0.21374,0.29023,0.00092,0.62412,0,0,0.08123,1.16925,0,0.23323,0,0.00173,0.89884,0.29079,0,1.74487,0.01422,0,0.23021,0,0.57658,0.09841,0.65431,0,4.73425,0.07211,0.32001,0.08511,0,0.52634,0.97675,0.00525,0.01774,0.31483,0.00322,2.41622,0.32124,1.07641,0.37165,0,0.12951,0,0.01751,0.20796,0.95117,0,0,0.12498,0.07997,0,0,3.21506,0.19916,0,0,0.62183,0.00057,0.26482,0,0.42452,0,0.00135,0.04083,0.03992,0.0749,0.24653,1.35175,0,0.02687,0,1.42674,0,0.50091,0.24263,0.12631,0,0.93356,0,1.34781,2.02244,1.1342,3.2137,0,2.63323,0.00214,0.21655,0,3.76003,0.14854,0,0,0.00967,0.02219,0.91541,0.14286,0,1.00019,0.17109,0,0.58811,1.79952,1.49316,0,2.27177,0.08528
"k__Bacteria|p__Firmicutes|c__Firmicutes_unclassified|o__Firmicutes_unclassified|f__Firmicutes_unclassified|g__Firmicutes_unclassified|s__Firmicutes_bacterium_CAG_110",0,0.15115,0.00929,0,0.04679,0.07046,0,0,0.07133,0.66746,2.32874,0,0,0,0.72722,0,0,0.00012,0,0.32771,0,0,0,1.16249,0,0,1.05893,0,0,0,0,0,0,0,0.06891,0.27164,0,0,0,0.00959,0.00291,0.00241,0.27203,0,0.19406,0,0.01744,0,0.00383,0,0,0,0,0.05917,0,0,0.03235,0.40443,0,0,0,0,0,0.00041,0.02468,0,0.17131,0,0,0.29061,0,0.09714,0,0,0.1475,0.06251,0.49859,1.16105,0.05,0,4.25126,0,0,0.00159,0,0,0.03424,0,0,0,0,0,0,0.59752,0.01459,0,0,0.76499,0,0.00234,0,0.40857,0,0,0.05699,0.02844,0.00023,0,0.64324,0.0135,0,0.04214,0.5431,0,0,0.03366,0,0,0.00834,0,0,0.17516,0,0,0.07635,0,0,0.20417,0,0,0,0,0,0,0,0,0,0,0,0,1.55106,0,0,1.81334,0,0,0
"k__Bacteria|p__Bacteroidetes|c__Bacteroidia|o__Bacteroidales|f__Bacteroidaceae|g__Bacteroides|s__Bacteroides_xylanisolvens",0,0.15052,0.52627,0.15944,0.4708,0.07517,10.49873,3.55754,2.89726,0.26371,0,0,31.41815,0,0,0.21276,1.67895,0.54095,0.68386,1.29396,0,0,0,0,0.00076,0.16047,0.06206,0,0.01927,0,0.21144,0.37453,0,0,0,0.51758,0,0,0.0665,0.11877,0.0107,0.77112,0,9.26553,7.10397,1.05278,0,3.12567,5.16748,1.91766,0.42026,0,10.99717,1.38642,0.30329,3.88369,0.12386,0,7.07657,0,12.72294,0,0,0,0.08409,0.16795,4.17734,0,0.00118,6.73522,1.06385,1.72995,10.88163,0,0.36308,0.93933,0.00668,0,0.15913,0.2215,0,0.01025,0,0.5946,0,0,0.9147,0.43405,0,1.50826,34.712,6.9436,2.92752,0,0.16099,1.37328,0.54309,0.06333,0,7.68613,4.45251,0.12677,16.16992,0,0,0.2201,0.71903,7.57755,1.18315,0.20205,1.21174,0.40217,1.50432,0.00775,0,0,0.14239,0.46898,0.00574,0,0.77554,0,1.76555,7.25173,0.16806,6.88819,7.95507,0.07791,0,0,0.0055,0.6628,0,0,0,0,3.75684,0,0.00165,0.12527,0,0,0,0.7014,0,5.44592,0.10368
"k__Bacteria|p__Firmicutes|c__Firmicutes_unclassified|o__Firmicutes_unclassified|f__Firmicutes_unclassified|g__Firmicutes_unclassified|s__Firmicutes_bacterium_CAG_95",0,0.12462,1.03812,0,0.00183,0,0,0,0.00912,0.00043,0.07444,0,0,0,0.3111,0,0,0,0.01242,0.04718,0,0,0.01823,0,0,0,0.09082,0.0032,0.05212,0,0,0,0,0,0.00435,0.0471,0,0,0,0,0,0.21516,0,0,0.00986,0,0.00631,0,0.00102,0,0,0,0,0.03103,0,0,0.02857,0.00584,0,0,0,0,0,0,0.00714,0,0.00982,0,0,0.34893,0,0.02279,0,0,0,0.00651,0.0147,0,0.00865,0,0.42171,0,0,0.13431,0,0,0,0,0,1.72889,0,0,0,0.17529,0,0,0,0.16234,0,0,0,0,0,0,0.00029,0,0,0,0.0076,0.01355,0,0.00076,0.00772,0,0,1.11237,0,0,0,0.08154,0,0.01147,0,0,0.01593,0,0,0,0,0,0,0.11038,0,0,0,0,0,0,0.03032,0.04251,0,0,0,0.42915,0,0,0
"k__Bacteria|p__Firmicutes|c__Clostridia|o__Clostridiales|f__Clostridiales_unclassified|g__Monoglobus|s__Monoglobus_pectinilyticus",0,0.12317,0,0.09181,0,0.01015,0.03187,0.02684,0.02132,0.02955,0,0,0,0,0.08468,0,0.01394,0,0.19954,0.53652,0.24657,0,0.20598,0.05301,0,2.9693,1.58735,0.00939,0.55627,0,1.3515,0.10525,0,0.00384,0,0,0,0.04742,0.01962,0.03471,0.00404,0.05232,0.03129,0.02023,0.05396,0.06389,0,0,0,0.01326,0,0.0057,0,0,0,0.01179,0,0.02122,0,0.06477,0,0.01995,0.00095,0.16263,0.00867,0.0539,0.05139,0.02508,0,0,0.15348,0.0364,0,0,0.04514,0.09218,0.25655,0.01442,0.02441,0,0,0,0.06161,0,0,0,0,0,0,0.68157,0,0.03223,0,0,0.00684,0,0.10358,0,0,0,0,0.03852,0,0,0.00696,0,0,0,0.12768,0,0,0.01524,0.18511,0,0,0,0,0.01891,0,0,0.02485,0,0.10747,0,0,0.36558,0.77309,0,0,0,0,0.02769,0.16123,0,0,0,0,0.02502,0.08399,0.0597,0.07691,0,0,0.10543,0,0.09278,0
"k__Bacteria|p__Bacteroidetes|c__Bacteroidia|o__Bacteroidales|f__Bacteroidaceae|g__Bacteroides|s__Bacteroides_dorei",0,0.10894,1.66744,0,0.05129,0,0,40.10729,0.74083,0,8.76024,0,0,22.93342,22.28856,0,0,16.5895,3.91848,3.54235,0,0,0,24.21015,0,6.74973,0.04714,0,9.20937,0,0,5.31044,0,0,0,0,2.79609,0,2.55683,12.54098,0,0.00426,0,0,0.08175,0,0,0,0.04307,0.20725,5.31981,5.53759,0,0,0,0,2.76838,6.6273,12.86168,0,0.00886,0,42.76024,0,0.00068,0,13.54296,0,0,0.13702,0,8.79323,0,0,0.15753,9.48941,0.29841,13.34244,0.0256,0,6.04147,9.32572,4.60688,2.04517,0,8.94895,0.01881,8.03868,0,0,0,0,0,13.05775,0,5.77747,0.42668,26.10277,24.06418,0.12434,0,3.45467,9.42085,0,10.64895,0,0,18.43844,0.00416,0,0,5.65465,0.01119,0.00064,0,0,0,6.73105,0.56374,0,7.123,0,0,0.23789,0,0,0,0,56.01851,0,8.85378,4.67494,36.81272,0,13.62923,0,16.06967,0,11.06114,9.35115,12.91167,0,0,2.00288,0,0,0
"k__Bacteria|p__Firmicutes|c__Clostridia|o__Clostridiales|f__Lachnospiraceae|g__Blautia|s__Ruminococcus_torques",0,0.08156,0.26618,0.26287,0.1184,0.15111,0,0,0.05695,1.21783,0,0,0.1233,0,0.05609,0.07442,0,0.01048,0.46081,0.19915,0.44773,0,0.12366,0.01798,0.12548,0.5535,0.77021,0.08031,0,0,1.82456,0.25501,0.14834,1.19138,0.28275,0.85627,0,0.22537,0.14016,0.00383,0,2.13144,0.11883,0,0.19409,0.32671,0.00232,0.13542,0.08031,0.03447,0.08882,0.09873,0.03911,0.04865,0.24742,0.29656,0.04197,0.01997,0.00014,0.53061,1.05653,0.61704,0.2553,0.3329,0.27133,0.14143,0.61025,0.02098,0.1059,0.26389,0,0.07395,0,0.20928,0.00917,0.43689,0.1088,0.49361,0.03906,0.07085,0,0.15951,0.26561,0.09429,0.08167,0.14825,0.18841,0.00855,0,0,0.26302,0,0.11768,0.2175,0.06935,0.14906,0,0.17606,0,0.14304,0,0.41428,0,0,0.14704,0.11291,0.08314,0.07935,0.0524,0.11144,0.40128,0.51872,0.05282,0.50842,0.04941,2.25034,0.27478,0.01312,1.25384,0.23808,0.09386,0.21309,0.30279,0.28966,0.22889,0.11086,0,0.09747,0,0.09638,0.20191,0.11519,0.49468,0.13261,0,0.04886,0.03345,0.15456,0.16569,0,0.14953,0.22574,0.0767,0.35706,0,0.17575,0.05863
"k__Bacteria|p__Firmicutes|c__Clostridia|o__Clostridiales|f__Clostridiaceae|g__Clostridium|s__Clostridium_sp_CAG_58",0,0.06655,0,0.01254,0,0,0,0,0,0,0.0412,0.00139,0,0.07163,0.0075,0,0.21781,0.00481,0.03291,0.13605,0,0,0.72357,0.00093,0,0.01494,0.0235,0.79461,0.01756,0,0,0,0.01039,0.00914,0,0.00621,0.03009,0.20685,0.06293,0.00189,0.01354,0.11655,0.01552,0.00676,0.04703,0,0,0.0319,0,0.0095,0,0,0,0,0.00965,0.05138,0,0,0,0,0,0.06336,0.03256,0,0,0,0.00717,0.00191,0.01824,0.00718,0.01238,0.02964,0.00478,0.06009,0.0015,0.00779,0.07315,0.09367,0.33865,0.0828,0.00373,0.00438,0,0.00189,0.03288,0.0205,0,0,0,0.06679,0,0,0,0.01513,0,0,0,0.02697,0.42544,0,0,0,0.01235,0,0,0,0,0,0.01262,0,0,0,0.00909,0.04378,0,0.1706,0.00111,0,0.13282,0.08395,0.02323,0,0.02266,0,0,0.05243,0.1399,0.08247,0,0.22405,0.00271,0.04333,0.08802,0.08199,0.0041,0,0.00461,0.06283,0.00256,0.0019,0.07473,0.01915,0,0.09408,0.13441,0,0.00357
"k__Bacteria|p__Bacteroidetes|c__Bacteroidia|o__Bacteroidales|f__Rikenellaceae|g__Alistipes|s__Alistipes_timonensis",0,0.06489,0.00026,0,0,0,0,0,0,0,0.00306,0,0,0,0,0,0,0,0.01565,0,0,0,0,0,0,0,0,0,0,0,0,0,0,0,0,0,0.01294,0,0.03656,0,0,0,0,0,0,0,0,0,0,0,0.79827,0,0,0,0,0,0.00104,0,0,0,0,0,0,0,0,0,0.07282,0,0,0,0,0,0,0,0,0.1149,0,0,0.07562,0,0.00713,0,0.05765,0.00547,0,0,0,0,0,0,0,0,0,0,0,0.22543,0,0,0,0,0,0,0,0,0,0,0,0,0,0,0,0,0,0,0,0,0,0,0,0,0,0,0,0,0,0,0,0,0,0,0,0.01303,0,0,0,0,0,0,0.03829,0,0,0,0,0,0,0,0
"k__Bacteria|p__Firmicutes|c__Firmicutes_unclassified|o__Firmicutes_unclassified|f__Firmicutes_unclassified|g__Firmicutes_unclassified|s__Firmicutes_bacterium_CAG_83",0,0.03227,0.00061,0.17678,4e-04,0,0,0.12644,0.01202,0.057,0.07479,0,0,0,0.00506,0.15057,0,0.06251,0.04595,0.02211,0.10065,0,0.06444,0.00649,0.25837,2.9837,0,0.0605,0.04812,0,1.17382,0,0,0.06315,0.09276,0.04825,0,0.26069,0.04934,0.09992,0.03956,0.1396,0,0,0.03793,3.5949,0,0,0.11597,0.02162,0.01147,0.06758,0.02644,0.00635,0.09659,0.44151,0.00193,0.01894,0,0.02685,0.85252,2.04818,0.31421,0.00853,0.01514,0.14099,0.02188,0.00502,0.01074,0.05989,0.89221,0.00999,0,0.03173,0.01942,0.00446,1.14444,0.02518,0.02542,0.04908,0.0031,0.48731,0,0,0.15074,0,0.008,0.00139,0,0.18645,0,0,0,0.00767,0,0.02216,0.03457,0.00858,0,0.02449,0.00221,1.32562,0,0,0.06978,0.07405,0.01519,0.07148,0.01382,0,0.14924,0.03387,0.0155,0,0,0,0.04568,0,0.54272,0.01801,0.49292,0.03309,0.63609,0.02505,0.01868,0,0,0.00374,0,0.05258,0.0506,0.00649,0.08423,0.09376,0,0,0,0.12906,0,0.01373,0.01883,0.04551,0,0,0,0,0.03747
"k__Bacteria|p__Bacteroidetes|c__Bacteroidia|o__Bacteroidales|f__Rikenellaceae|g__Alistipes|s__Alistipes_finegoldii",0,0.02497,0.17606,0.08872,0.00504,1.3718,0,0,0.06092,5.77029,6.93969,0,0,0.25992,0.65033,0.00597,0,0.07025,0.29217,0.10483,0.19428,3.79396,0.57557,1.14966,0.53149,0.22671,12.59449,0.27834,0.0021,0.83486,0.99654,0.04275,0,0,0.13816,0.40814,2.8999,4.77393,0.31471,3.3583,1.02573,0.40776,0.24629,0.75814,2.24204,0.11894,0.02993,0,0.03042,0,0.60326,2.64949,2.04606,0.07514,0,2.02184,0.49205,0.24873,0.05128,0.85347,3.20461,1.07979,6.79466,54.05577,0.8199,5.81137,2.10964,0.54181,0,0.95437,3.03617,0.26028,3.42779,0.14552,3.46203,1.29099,0.00428,0,0.03737,3.62852,3.86632,0,2.30905,0.04677,0,0,0.02077,0.26023,0,0,0,0,0.99158,0.59749,1.92477,1.5194,3.99777,1.65245,0.43863,0.09082,0.71486,0.6685,0,2.58832,2.72004,0.41714,0.39779,0,1.58712,0.04959,0.00307,1.15015,1.53584,0.12052,2.27013,1.23232,0.61421,0.1138,0.17247,0,2.10313,0.04692,1.53459,0,1.52623,0.64171,0.29906,0.55371,5.9776,0.39727,0,0.03237,6.65183,0,0,1.2551,0.10932,0.08438,1.59815,0.00464,2.42277,0,3.69945,1.16429,0,1.03545,0.20542
"k__Bacteria|p__Firmicutes|c__Clostridia|o__Clostridiales|f__Lachnospiraceae|g__Dorea|s__Dorea_longicatena",0,0.02047,0.21785,0.10498,0.08205,0.02217,0.03535,0,0.04703,0.52536,0.23399,0,0.13827,0,0.05325,0.0149,0,0.00615,0.08954,0.16425,0,0,0.11496,0.03162,0.10236,0.41527,0.56584,0.12722,0.02941,0,0.6472,0.13365,0.03076,0.2622,0.03564,1.69996,0.07664,0.0834,0.00616,0.00767,0.00241,1.01982,0.19416,0.07305,0.0478,0.03408,0.00234,0.05414,0.05465,0.01532,0.0256,0.01984,0.00177,0.01506,0.11313,0.67587,0.04265,0.00824,0,0.2033,0.06689,0.17526,0.05467,0.03364,0.12729,0.03907,0.04339,0.01136,0.07176,0.01257,0.08218,0.02808,0.00073,0.2327,0.0079,0.20986,0.04227,0.85711,0.02191,0.07197,0.14882,0.09651,0.2398,0.03375,0.08213,0,0.19547,0.0082,0,0,0.02163,0.00488,0.03243,0.16808,0.01331,0.02499,0.03612,0.17201,0,0.03211,0.17274,0.09125,0.02081,0,0.04711,0.01362,8e-04,0.10375,0.03107,0.04278,0.095,0.04745,0.04274,0.64892,0.15298,0.05423,0.12478,0.01102,0.67984,0.26863,0.03532,0.10838,0.11083,0.03387,0.28808,0.03823,0.07026,0.03874,0,0.03127,0.13096,0.00121,0.06011,0.13357,0,0,0.05731,0,0.46429,0.04656,0.53665,0.01407,0.0633,0.06799,0,0.02279,0.05101
"k__Bacteria|p__Firmicutes|c__Clostridia|o__Clostridiales|f__Eubacteriaceae|g__Eubacterium|s__Eubacterium_hallii",0,0.01807,0.01691,0.01139,0.35325,0.01977,0.00321,0,0.01652,0.05054,0.12976,0,0.0192,0.00219,0.03416,0.00024,0.00074,0.00325,0.0159,0.00347,0.06702,0.06461,0.00212,0.00334,0.02248,0.26447,0.25077,0.00225,0,0.00067,0.08322,0.01212,0.00012,0.03219,0.0537,0.11991,0,0.09675,0.00798,0,0,0.08219,0.00948,0.03603,0.01802,0.15303,0.00161,0.00155,0.01292,0.02336,0.1375,0.07595,0.00022,0.00346,0.05812,0.59794,0.00663,0.01,0,0.05605,0.02227,0.51438,0.01321,0.08663,0.03041,0.01037,0.01108,0.00762,0.00115,0,0.04763,0,0.00096,0.11816,0.03133,0.03729,0.00913,0.11838,0.00138,0.07153,0.05601,0.01412,0.17169,0.04175,0.25708,0.02352,0.16611,0.02294,0,0.04292,0.0062,0,0.0238,0.08855,0.03037,0.05422,0.00053,0.01346,0.02198,0.00051,0.04783,0.00665,0.00196,0.00226,0.02994,0.04006,0.0468,0,0.01076,0.00287,0,0.00305,0.00688,0.17671,0.05719,0.03615,0.04634,0.00064,0.59847,0.14572,0.00547,0.0506,0.07361,0.07263,0.02109,0.38326,0.00244,0.00242,0.00634,0.00258,0.02239,0.004,0.00359,0.34745,0,0.00159,0.00378,0.00346,0.27488,0.11395,0.02195,0.00084,0.15421,0.00655,0,0.02187,0.07306
"k__Bacteria|p__Actinobacteria|c__Coriobacteriia|o__Eggerthellales|f__Eggerthellaceae|g__Gordonibacter|s__Gordonibacter_pamelaeae",0,0.01679,0,0.00341,0,0.00298,0,0,0,0.00292,0.04886,0,0.00214,0.00295,0.01785,0,0.0037,0,0.00084,0,0.01308,0,0.01025,0,0.00235,0.01227,0.02431,0.02681,0.01358,0.00116,0.14886,0.00174,0,0.00512,0,0.00912,0.00028,0.0623,0.00532,0.00318,0.00587,0.02717,0,0.00486,0,0.00451,0,0,0,0,0.00873,0.00342,0,0,0.0016,0.03286,0,0,0.00051,0.01006,0.00614,0.02234,6e-04,0.07998,0.00217,6e-04,0,1e-04,0,0,0.05621,0,0.0043,0.00127,0.00773,0.01987,0.01475,0.00751,0.02372,0.00018,0.02047,0.00246,0,0,0.00846,0,0,0.00044,0,0.02283,0.00093,0.00144,0.00148,0.01044,0,0.00335,0.00019,0,0,0,0.00302,0.00324,0.00159,0.04547,0.00235,0.00065,0.00754,0,0.00014,0,0.00139,0.00112,0.00022,0,0.00236,0,0.00589,0.00129,0.00988,0.00323,0,0,0,0,0,0.05627,0.00207,0.00235,0,0.00854,0.00449,0.00059,0.00137,0.01302,0,0.00787,0.00802,0,0.00107,0,0.00468,0,0,0.00422,0,0.00859,0
"k__Bacteria|p__Firmicutes|c__Erysipelotrichia|o__Erysipelotrichales|f__Erysipelotrichaceae|g__Erysipelatoclostridium|s__Clostridium_spiroforme",0,0.01309,0.00742,0.01742,0.00043,0,0.01838,0,0,0.11689,0.03484,0,0.0632,0,0,0.06008,0,0,0.1695,0.09892,0.45425,0.7432,0,0.00718,0.01152,0.62432,0.34997,0,0,0.00828,0.30187,0.01553,0,0.0325,0.03163,0.00793,0.01695,0.02784,0,0.0046,0.00644,0,0.02197,0.03844,0.04952,0.42047,0,0,0,0,0.00656,0.03959,0,0,8e-05,0.0737,0,0.00852,0.00053,0.28119,0.0331,0,0.0297,0.52507,0.02356,0,0.05442,0.02498,0.00261,0.04668,0.11222,0.01032,0.00867,0.0246,0.02587,0.02352,0.00521,0.02009,0,0.01276,0,0.05246,0.07331,0.00115,0,0.00989,0,0.00391,0,0,0.00103,0.01379,0,0,0,0.00948,0.01268,0,0,0,0.00313,0.08241,0,0.00616,0.00634,0.00286,0.00204,0,0.00133,0,0.07938,0,0,0.00236,0.02891,0,0.00813,0,0.02817,0,0.01389,0.01557,0.03715,0.01139,0.06228,0.00899,0.01567,0,0.03117,0.11913,0.05915,0,0.00605,0,0.0149,0.02313,0,0.05298,0.02893,0,0.03306,0,0.01283,0.047,0,0.09645,0.00206
"k__Bacteria|p__Firmicutes|c__Clostridia|o__Clostridiales|f__Lachnospiraceae|g__Coprococcus|s__Coprococcus_comes",0,0.00738,0.02337,0.18815,0.01756,0.02659,0.01755,0,0.05066,0.17073,0.7715,0,0.04617,0,0.3942,0.00345,0.0566,0.17323,0.29414,0.28108,0.41064,0,0.28354,0.11143,0.23862,0.48838,0.58971,0.28464,0.42308,0.05604,0,0.08526,0,0.44046,0.06267,0.46339,0.02063,0.18456,0.01486,0,0,0.02389,0.20443,0.04784,0.11133,0.13797,6e-05,0,0.07175,0.01594,0.02985,0.03098,0,0.06148,0.16151,0,0.06786,0.02883,0,0.05214,0.07685,0.17243,0.08951,0.58973,0.1168,0.05101,0.34979,0.02266,0.01934,0.01178,0.01341,0.05046,0.01585,0.12782,0.00303,0.16597,0.85296,0.68729,0.00622,0.03971,0.45246,0.03194,0.14247,0.02941,0.10711,0.02865,0.0687,0.01046,0,0.00782,0,0.00303,0.03445,0.73516,0.03325,0.0222,0,0.782,0,0.00514,0.09481,0,0.04055,0.14419,0.02999,0.00927,0.00233,0.60225,0.03225,0.02333,0.21267,0.08194,0.02434,0.59446,0,1.16332,0.10493,0,0.76151,0.28653,0.02485,0.07793,0,0,0.47336,0.33414,0,0.03067,0,0.86032,0.15716,0.04478,0.08247,0.07796,0,0,0.06096,0.17267,0.12645,0.15941,0.41498,0,0,0.06242,0,0.32479,0.02013
"k__Bacteria|p__Firmicutes|c__Clostridia|o__Clostridiales|f__Oscillospiraceae|g__Oscillibacter|s__Oscillibacter_sp_PC13",0,0.00706,0,0,0,0,0,0,0.00136,0,0,0,0,0,0,0,0,0.00067,0.00168,0.00034,0,0,0,0,0,0,0,0,0,0,0,0,0,0,0,0,0,0,0,0,0,0,0,0,0.00687,0,0,0,0,0,3e-04,0,0,0,0,0,0,0,0,0,0,0.01091,0,0,3e-04,0,0,0,0,0,0,0.00715,0,0,0,0.00429,0,0,0.00804,0,0,0,0,0,0,0,0,0,0,0,0,0,0,0,0,0,0,0,0,0,0,0,0,0,0,0,0,0,0.00027,0,0.00112,0,0,0,0,0,0,0,0.00116,0,0,0,0,0,0,0,0,0.00136,0,0,0,0,0,0,0,0,0,0,0,0,0.00114,0,0,0,0,0,0
"k__Bacteria|p__Firmicutes|c__Erysipelotrichia|o__Erysipelotrichales|f__Erysipelotrichaceae|g__Holdemania|s__Holdemania_filiformis",0,0.007,0,0.01055,0.00723,0,0.0037,0,0,0.00091,0.0191,0,0.00015,0,0.00051,0,0,0.00699,0.03123,0.04862,0,0,0,0.00191,0.00427,0.1079,0.02206,0,0,0.00129,0.04923,0.02735,0.00298,0.0023,0.00715,0.01655,0,0.00574,0,0,0,0.01016,0.00284,0.02029,0,0.01145,0,0.00494,0.00332,0,0,0.00226,0,0.00277,0.0092,0.04643,0,0,0,0.0858,0,0,0.02567,0.02482,0,0.02332,0.01138,0.00065,0.01946,0,0.01492,0.00413,0.036,0.01914,0.00888,0.00162,0.00212,0,0.00802,0.01485,0.00096,0,0,0.00027,0,0,0.03965,0,0,0,0.0061,0,0,0,0,0,0.02098,0.01655,0,0.0035,0,0.02943,0,0.00234,0.00062,0.00115,0,0,0,9e-04,0.00888,0,0,0,0.00023,0.04755,0.0016,0,0.01169,0.00727,0,0,0,0,0.00608,0,0.00922,0.01215,0.08441,0,0,0,0.00774,0,0,0,0.00379,0,0.00305,0,0.03789,0.00369,0,0.00611,0,0,0.01588
"k__Bacteria|p__Actinobacteria|c__Coriobacteriia|o__Eggerthellales|f__Eggerthellaceae|g__Adlercreutzia|s__Adlercreutzia_equolifaciens",0,0.00497,0,0.00466,0.00131,0,0.00074,0,0.00304,0.00922,0.05418,0,0,0,0,0,0,4e-04,0.00281,0.00582,0.00347,0,0.01078,7e-04,0.00043,0.01798,0.03623,0.01943,0.02342,0.00026,0.00035,0.01777,0,0.02225,0.00317,0.01367,0.00043,0,0.00137,0.00083,0.00237,0.00038,0.00375,0.0017,0,0,0,0,0.00126,0.00139,0.01567,0.00025,0,0.00048,0.00156,0,0,0,0,0.00078,0,0.01626,0.00023,0.02089,0.00034,0,0.00065,0,0,0.0094,0.00656,0,0,0,0,0.00846,0.02045,0.00411,0.00386,0.0049,0.02148,0.00375,0.03183,0,0,0,0.01053,0.00138,0,0,0,0.00083,0,0.01843,0,0.00738,0,0,0,0,0,0.00084,6e-05,0.01842,0.00057,0,0.00351,0,0.00137,0,0,0,0.00239,0,6e-05,0.00548,0.0013,0.00125,0.00705,0.00785,0.00066,0.00067,0,0,0.01657,0.00891,0.00118,0.00196,0,0.00537,0.00017,0,0.00158,0,0,0,0.01695,0,0.01891,0.00114,0.02876,0,0,0.00056,0,0.00713,0
"k__Bacteria|p__Firmicutes|c__Clostridia|o__Clostridiales|f__Christensenellaceae|g__Christensenella|s__Christensenella_minuta",0,0.00455,0,0,0,0,0,0,0.00091,0,0,0,0,0,0,0,0,0,0.01011,0,0.05748,0,0,0,0,0.16299,0,0,0,0,0.39572,0,0,0,0,0.00021,0,0,0,0,0,0.00016,0,0,0,0,0,0,0,0,0,0,0,0,0,0,0,0,0,0,0,0,0,0.00519,0,0,0,0,0,0,0,0,0.00038,0,0,0.00163,0,0,0.00182,0,0,0,0,0,0,0,0,0,0,0,0,0,0,0.00194,0,0,0,0,0,0,0,0,0,0,0,0,0,0,0,0,0,0,0,0,0,0,0,0,0,0,0,0.00589,0.01327,0,0,0,0,0,0,0,0.00048,0,0.00238,0,0,0,0,0,0.00151,0,0,0,0,0,0,0,0
"k__Bacteria|p__Actinobacteria|c__Coriobacteriia|o__Eggerthellales|f__Eggerthellaceae|g__Asaccharobacter|s__Asaccharobacter_celatus",0,0.00355,0,0.01225,0.00242,7e-04,0.00136,0,0.0026,0.02826,0.02501,0,0,0,0,0.00022,0,0.00425,0.00231,0.00362,0.00915,0,0.01294,0,0.00155,0.03042,0.05318,0.02199,0.02364,0,0.00044,0.02815,0,0.02143,0.00231,0.04179,0.00013,0,0.00249,0.00156,0.01071,0.00014,0.01391,0.00664,0,0,0,0,0.00013,0.002,0.00689,0,0,9e-04,0,0,0,0,0,0.00081,0,0.01504,0.00087,0.01317,0.00156,0,0.00035,0,0,0.00907,0.00687,0,0.00107,0,0,0.0113,0.01921,0.01082,0.00296,0.01278,0.00946,0.01291,0.04374,0,0,0,0.01275,0.00204,0,0,0,0.00082,0,0.01493,0,0.00366,0,0,0,0,0,0.00018,0.00099,0.01082,0.00029,0,0.00169,0,0.00247,0,0,0,0.00303,0,0.00167,0.0086,0.00136,0.00331,0.01852,0.01413,0.00131,0.00024,0,0,0.00566,0.00868,0.00117,0.00314,0,0.0054,0.0027,0.0012,0.00226,0,0,0,0.01751,0,0.02449,0.00062,0.01505,0,0,0.00158,0,0.00658,0
"k__Bacteria|p__Firmicutes|c__Clostridia|o__Clostridiales|f__Ruminococcaceae|g__Ruminococcaceae_unclassified|s__Clostridium_leptum",0,0.00303,0.00043,0.00312,0.05308,0.02655,0.00955,0.04436,0.0235,0.02059,0.12506,0,0.00665,0.02596,0,0.00339,0.00421,0,0.42351,0.00758,0.09275,0.06465,0.01007,0.05163,0.00486,0.23105,0.30529,0.03093,0.0204,0.01016,0.49448,0.09887,0.00564,0.04246,1.03359,0.01985,0.03332,0.07743,0,0,0.00058,0.07686,0.02304,0,0.03282,0.02973,0,0,0.00324,0,0.0032,7e-04,0.00752,0,0.00101,0.10643,0.03578,0.00658,0,0.00054,0.00245,0.04472,0.02383,0.02744,0.0096,7e-05,0.02496,0.00015,0,0.00654,0.05215,0.00676,0.00035,0.28398,0.00424,0.08826,0.70404,0.06327,0,0.01689,0.04685,0.00241,0.05088,0.00426,0.00338,0,0.01883,0.0037,0,0.04091,0.12421,0.00444,0.0014,0.02224,0.00058,0,0.04347,0.00951,0.00496,0.0011,0,0.01888,0,0.06248,0.00294,0.00143,0.015,0.00949,0.00308,0,0.01657,0,0.00367,0,0.00358,0.01823,0.0035,0.05438,0.00674,0.09271,0.00479,0.27326,0.05014,0,0.00264,0.03067,0.01134,0.00807,0.14259,0.02882,0.14757,0,0.02289,0.03933,0.06751,0.02433,0.02645,0.0051,0.04573,0.00166,0.12792,0.02917,0,0.07925,0,0.00293,0.00397
"k__Bacteria|p__Actinobacteria|c__Coriobacteriia|o__Eggerthellales|f__Eggerthellaceae|g__Eggerthella|s__Eggerthella_lenta",0,0.00289,0,0,0,0,0.00094,0,0,0.00242,0.00953,0,0.01093,0.02404,0,0,0,0,0,0,0.04016,0.0013,0.0115,0,0,0.04906,0.00269,0.01357,0,0,0.22527,0.00346,0,0.00162,0,0,0,0.03481,0,0,0,0.07058,0,0.02088,0,0.00474,0,0.00669,0,0,0,0,0,0,0.00499,0.10467,0,0,0,0.0078,0.00846,0.01837,0.00058,0.00723,0,0,0,0.00371,0.00217,0,0.21932,0,0.00557,0,0.00051,0,0.00794,0.00117,0,0,0.00069,0.00545,0,0,0.02436,0.00871,0,0,0,0.0065,0.00382,0.00394,0.00054,0,0,0,0,0,0.00382,0,0.03166,0,0.00488,0.00556,0,0,0,0,0,0,0.00236,0,0,0,0.01253,0,0,0,0,0,0.001,0,0.00068,0,0,0.01883,0.00781,0,0.00257,0.00478,0.01176,0,0.00035,0.02633,0.00351,0.00376,0.00269,0,0,0,0.00037,0.00393,0,0,0.00767,0.00429,0
"k__Bacteria|p__Actinobacteria|c__Coriobacteriia|o__Coriobacteriales|f__Coriobacteriaceae|g__Collinsella|s__Collinsella_intestinalis",0,0.00274,0,0,0.00047,0.04064,0,0,0,0.00029,0.00171,0,0,0,0.00089,0,0.00429,0,0.00617,0.00201,0,0,0,0.00065,0.00302,0.00042,0.00152,0.00066,0,0.00056,0.00074,0.00917,0,0.00102,0,0.00298,0,0,0,0,0,0,0,0,0,0.00103,0,0.03276,0,0,0.00331,0.00193,0,0.00016,0.00098,0.02721,0,0,0,0.00088,0.00575,0,0.0024,0.07796,0,0.00019,0.00075,0,0,0.00119,0.00105,0.0023,0,0,0,0.00309,0.00389,0.00212,0,0.00542,0.00177,0.04278,0,0.00085,0,0,0.00115,0,0,0.00238,0,0,0,0.00203,0,0.00071,0,0,0,0,0,0,0,0.00035,0.00535,0.00019,0.00024,0.63164,0.00307,0,0.00073,0,0.00597,0.00046,0.11888,0,0,0.00114,0.28497,0.00256,0.00086,0,0,0,0,0.00683,0,0.00077,0,0.00027,0.06827,0,0.00208,0,0,0,0,0,0.00026,0,0.0033,0,0.17057,0.00088,0,0.0013,0.00038
"k__Bacteria|p__Proteobacteria|c__Deltaproteobacteria|o__Desulfovibrionales|f__Desulfovibrionaceae|g__Bilophila|s__Bilophila_wadsworthia",0,0.00196,0,0.03284,0.00297,0,0.0047,0,9e-05,0.00076,0.00674,0,0.00482,0,0.00057,0,0.01172,0.0057,0.01552,0.01105,0.0744,0,0.04287,0,0,0,0,0.04664,0.0253,0,0.00799,0,0.00483,0,0.01721,0.06757,0.00097,0.03803,0.02511,0.01287,0.00299,0.00999,0,0.03672,0,0,0,0.00239,0.00011,0.00693,0.03237,0,0,0.00034,0.0191,0,0,0,0,0.00157,0,0.02717,0.01191,0,0.00876,0.01454,0.00453,0.00382,0.00505,0,0.01983,0.00443,0.00208,0.0684,0.00155,0,0,0,0.00145,0.00016,0.04417,0.01634,0.05037,0,0,0.01115,0.02069,0,0,0.05718,0.00085,0,0,0.03899,0,0.00061,0,0.01075,0,0.00187,0,0,0.00075,0.06338,0.00376,0.00036,0,0.00108,0.00106,1e-04,0.00377,0.00755,0.00071,0.01779,0.00382,0,0.00354,0,0.02826,0.03202,0,0.0046,0.00602,0,0.00032,0.00502,0,0.01185,0.00169,0,0,0,0.0082,0.11586,0.0127,0,0,0,0.05329,0.01668,0.0184,0.00246,0,0.00198,0,0.00053,0.0031
"k__Bacteria|p__Firmicutes|c__Clostridia|o__Clostridiales|f__Lachnospiraceae|g__Blautia|s__Blautia_wexlerae",0,0.00168,0.07974,0.01466,0.02057,0.0378,0,0.1923,0.00143,0,0.023,0.02871,0.1103,0.00815,0.08605,0.00123,0.01862,0.1237,0.01486,0.00364,0.1402,0.06634,0.00066,0.00544,0.01248,0.11619,0.01181,0.00509,0.01953,0.02202,0.09302,0.03471,0.08797,0.00773,0.07578,0.03277,0.00433,0.05913,0.01623,0.14742,0.00538,0.02202,0.00893,0.01192,0.05531,0.04306,0,0.10409,0.01456,0.0422,0.04772,0.10771,0.06555,0.06618,0.01791,0.00532,0.00184,0.01017,0.04569,0.12977,0.70183,0.07225,0.02855,0.25702,0.3585,0.00499,0.01902,0.01346,0,0.06448,0.02141,0.01407,0.01384,0.06441,0,0.04513,0,0.15924,0.02759,0.07235,0.02831,0.05441,0.00606,0.03911,0.00107,0.11132,0.15353,0.00622,0.01654,0.04244,0.08044,0.00751,0.01791,0.01744,0.00138,0.04417,0,0.00251,0.04672,0.00452,0.27291,0.17538,0,0.09774,0.03213,0.00033,0.00192,0.00996,0.04779,0.00136,0.00685,0.00096,0.04283,0.1118,0.21178,0.02756,0.01332,0.02567,0.34571,0.35175,0.01606,0.11226,0.08258,0.2036,0.05425,0.00773,0.04727,0.01558,0.00868,0.01065,0.27152,0.03064,0.05412,0.01139,0.08808,0.03285,0.02581,0.2036,0.11493,0.0341,0.017,0.03816,0.21343,0.00046,0.24149,0.00249,0.01517
"k__Bacteria|p__Firmicutes|c__Bacilli|o__Lactobacillales|f__Streptococcaceae|g__Streptococcus|s__Streptococcus_mitis",0,0.00167,0.10427,0,0,0.02829,0,0,0,0.04896,0.00036,0.00016,0.02911,0,0,0.04179,0,0.00397,0.00386,0,0,0,0,0,0,0.00195,0,0.00391,0,0,0.01073,0,0,0.00202,0,0,0.00066,0,0,0,0.00066,0.00026,0,0,0.00024,0,0,0.00421,0.00013,0.00117,0,0,0,0,0,0,0,0,0,0.04625,0.0072,0.0039,0,0.00749,0,0.00142,0,0.00075,0.00878,0,0,0.00706,0,0,0.00045,0,0.0136,0,0,0.00392,0,0.00102,0,0,0,0.01227,0,0,0,0,0.00362,0.00515,0,0,0.07561,0.00024,0.00037,0,0,0,0.01366,0.12536,5e-04,0.00457,0.01367,0.01112,0.00014,0,0.01367,0,0,0,0.00938,0.00567,0.00218,0,0,0,0,0.00346,0.00332,0.00174,0,0.00117,0.02788,0,0,0.05023,0.00335,0.0131,0,0,0.00564,0,0.00966,0.00289,0.00168,0,0,0,0,0.00013,0,0,0,0,0
"k__Bacteria|p__Firmicutes|c__Clostridia|o__Clostridiales|f__Lachnospiraceae|g__Lachnoclostridium|s__Clostridium_citroniae",0,0.00157,0,0,0.00682,0,0,0,0,0,0.13947,0,0,0,0,0,0.00106,0,0,0,0.10505,0,0.0164,0,0,0.01339,0,0.00357,0,0,0.0057,0.01397,0,0,0,0.00511,0,0,0,0,0,0.01509,0,0.00039,0,0,0,0,0,0,0,0,0,0,0.00128,0.01525,0,0,0,0,0,0.00011,0,0,0,0,0,0,0.00097,0,0.01385,0,0,0.00824,0,0,0.01241,0.00341,0,0,0,0,0,0,0.00547,0,0.00466,0,0,0.00113,0.00102,0.00018,0,0.00285,0,0,0,0,0,0,0,0,0,0,0,0,0,0,0,0,4e-04,0,0,0.0031,0,0.00492,0,0,0,0,0,0,0,0,0,0,0.00606,0,0,0,0,0.00194,0.00102,0.00173,0,0,0,0,0,0,0.00137,0,0,0,0,0,0
"k__Bacteria|p__Firmicutes|c__Bacilli|o__Lactobacillales|f__Streptococcaceae|g__Streptococcus|s__Streptococcus_infantis",0,0.00125,0.01579,0,0,0.00575,0,0,0,0.00169,0.00785,0,0.00124,0,0,0,0,0,0,0,0,0,0,0,0,0.00355,0,0,0,0,0,0,0,0,0,0,0,0,0,0,0,0,0,0,0,0.01342,0,0,0,0,0,0,0,0,0,0,0,0,0,0.00072,0.00048,0,0,0,0,0,0,0,0.00532,0,0,0.00159,0,0,0,0,0,0,0,0,0,0,0,0,0.00181,0,0,0,0,0,0,0,0,0.00344,0.00235,0,0,0,0,0,0,0.0316,0,0,0.00125,0,0,0,0.00309,0,0,0,0,0.00117,0,0,0,0,0,0,0,0.00111,0,0.00157,0,0,0,0.00102,0,0.00834,0,0,0,0,0,0,0,0,0.00037,0,0,0,0,0,0,0.00208,0
"k__Bacteria|p__Actinobacteria|c__Coriobacteriia|o__Coriobacteriales|f__Coriobacteriaceae|g__Enorma|s__Enorma_massiliensis",0,9e-04,0,0,0,0,0,0,0,0,0.00096,0,0,0,0,0,0.00151,0,0.00076,9e-04,0,0,0,0,0.00055,0,0.00236,0,0,0,0,0.00032,0,0.00029,0,0,0,0,0,0,0,0,0,0,0,0,0,0,0.00666,0,0.00177,0,0,0,0.00016,0.00388,0,0,0,0,0.00212,0,0,0.00145,0,0,0.00043,0,0,0,0,0.00026,0,0,0,0.00019,0.00175,0.00026,0,0,0.00088,0,0,0,0,0,0.00055,0,0,0.00093,0,0,0,0.0014,0,0,0,0,0,0.00761,0,0,0,5e-04,0,0.00028,0,0.00214,0.00072,0,0,0,0.00254,0,0,0,0.00016,0,0.00228,0.00023,0,0,0,0,0.00024,0.00044,0,0,0,0,0,0,0,0,0,0,0,0,0,0,0,0,0,0.00075,0,0,0
"k__Bacteria|p__Firmicutes|c__Bacilli|o__Bacillales|f__Bacillales_unclassified|g__Gemella|s__Gemella_sanguinis",0,6e-04,0,0,0,0,0,0,0,0,0,0,0,0,0,0,0,0,0,0,0,0,0,0,0,0,0,0,0,0,0.00067,0,0,0,0,0.00086,4e-04,0,0,0,0,0,0,0,0,0.0046,0,0,0,0,0,0,0,0,0,0,0,0,0,0,0,0,0,0,0,0,0,0,0.00179,0,0,0,0,0,0,0,0,0,0,0.00149,0,0,0,0,0,0,0,0,0,0,0,0,0,0,0,0,0,0,0,0,0,0,0,0,0,0,0,0,0,0,0,0,0,0,0,0,0,0,0,0,0,0,0,0,0,0.00125,0,0,0,0.00133,0,0,0,0,0,0,0,0,0,0,0,0,0,0,0,0,0
"k__Bacteria|p__Firmicutes|c__Erysipelotrichia|o__Erysipelotrichales|f__Erysipelotrichaceae|g__Erysipelatoclostridium|s__Clostridium_innocuum",0,4e-04,0,0,0,0,0,0,0,0.00332,0.06738,0.00068,0,0.00073,0,0,0,0,0,0.00209,3e-04,0,0,0,0,0,0.01934,0,0,0,0.02043,0,0.00642,0.00512,0,0.0065,0.00579,0,0,0,0,0,0,0,0,0.00406,0,0.001,0,0,0,0,0,0,0.00573,0.24935,0,0,0,0,0,0.00068,0,0,0,0,0,0,0,0,0.12187,0,0,0.00326,0,0.0055,0.0065,0,0,0,0.00088,0,0,0,0.00789,0.02066,0,0,0.00356,0.00117,0,0,0,0,0,0,0,0,0,0,0,0.00388,0,0.00335,0,0,0,0,0,0,0,0,0,0,0,0,0,0,0.00115,0,0,0,0,0,0,0.00258,0,0,0.02383,0,0,0,0,0.01794,0,0.02415,0.00182,0,0,0,0.00226,0,0,0,0.05791,0.00073,0
"k__Bacteria|p__Actinobacteria|c__Coriobacteriia|o__Eggerthellales|f__Eggerthellaceae|g__Enterorhabdus|s__Enterorhabdus_caecimuris",0,0.00037,0,6e-05,0,0,0,0,0,0.00106,0.00365,0,0,0,0,0,0.00302,0,0,0,0,0,0.00029,0,0,0.0028,0.00326,0.00115,0.00147,0,0.00201,3e-04,0,7e-04,0,0.00105,0,0,0,0,0,0,0,0,0,0,0,0,0,0,0.00056,0,0,0,0,0.00061,0,0,0,0,0,0.00083,0,0,0,0,0,0,0,0,0.0011,0,0,0,0,0.00063,0.00199,0,0,0.00051,0.00095,0,0,0,0,0,0,0,0,0.00251,0,0,0,0.00063,0,0,0,0,0,0,0,0,0,0.00071,0,0,0,0,0,0,0,0,0,0,0,0,0,0,0.00103,0.00026,0,0,0,0,0,0.00024,0,0,0,0,0,0,0,0,0,0,6e-04,0,0.00077,0,7e-04,0,0,0,0,0,0
"k__Bacteria|p__Actinobacteria|c__Coriobacteriia|o__Coriobacteriales|f__Atopobiaceae|g__Olsenella|s__Olsenella_scatoligenes",0,0.00034,0,0,0,0,0,0,0,0,0,0,0,0,0,0,8e-05,0,0,0,0,0,0,0,0,0,0.00044,0,0,0,0,0,0,0,0,0,0,0,0,0,0,0,0,0,0,0,0,0,0,0,0.00021,0,0,0,0,0.00048,0,0,0,0,0,0,0,0,0,0,0,0,0,0,0,0,0,0,0,0.00017,0,0.00036,0,0,0,0,0,0,0,0,0,0,0,0.00043,0,0,0,9e-05,0,0,0,0,0,0,0,0,0,0,0,0,0,0,0.00045,0,0,0,0.00053,0,0,0,0.00181,0,0.00112,0,0,0,0,0,0,0,0,0,0,0,0,0,0,0,0,0,0,0,0,0,0,0,0,0,0,0,0
"k__Bacteria|p__Synergistetes|c__Synergistia|o__Synergistales|f__Synergistaceae|g__Fretibacterium|s__Fretibacterium_fastidiosum",0,0.00019,0,0.00037,0,0.00046,0,0,0,0,9e-04,0,0,0,0,0,0.00072,0,0.00126,0.00105,0,0,0,0,0,0,0,0,0.00053,0,0,0,0,0,0,0,0,0,0,0,0,0,0,0,0.00076,0,0,0,0,0,0,0,0,0,0,0,0,0,0,0,0.00053,0.00155,0,0,0,0,0,0,0,0.00075,0,0,0,0,0,0,0.00047,0.00465,0,0,0.00084,0,0,0,0,0,0,0.00034,0,0.00053,0,0,0,0,0,0,0,0,0,0,0,0,0,0.00059,0,0,0,0,0,0,0.00038,0.00042,0,0,0,0.00146,0,0,0.00044,0,0,0,0,0,5e-04,0,0,0,0,0,0,0.00037,0,0,0,0,0,0,0,0,0.00088,0,0,0,0,0,0
"k__Bacteria|p__Actinobacteria|c__Actinobacteria|o__Micrococcales|f__Micrococcaceae|g__Rothia|s__Rothia_mucilaginosa",0,0,0,0,0,0,0,0,0,0,0.01791,0,0,0,0,0,0,0,0,0,0,0,0,0,0,0,0,0,0,0,0,0,0,0,0,0,0,0,0,0,0,0,0,0,0,0,0,0,0,0,0,0,0,0,0,0,0,0,0,0.00039,0.00191,0,0,0,0,0,0,0,0,0,0,0,0,0,0,0,0,0,0,0,0.00056,0,0,0,0.00122,0,0,0,0,0,0,0,0,0,0,0,0,0,0,0,0,0,0,0,0,0,0,0,0,0,0,0,0,0,0,0,0,0,0,0,0,0,0,0,0.00045,0,0,0,0,0,0,0,0,0,0,0,0,0,0,0,0,0,0,0,0,0,0
"k__Bacteria|p__Actinobacteria|c__Actinobacteria|o__Actinomycetales|f__Actinomycetaceae|g__Actinomyces|s__Actinomyces_sp_ICM47",0,0,0.00017,0,0,0,0,0,0,0,0,0,0,0,0,0,0,0,0,0,0,0,0,0,0,0,0,0,0,0,0,0,0,0,0,0,0,0,0,0,0,0,0,0,0,0,0,0,0,0,0,0,0,0,0,0,0,0,0,0,0,0,0,0,0,0,0,0,0,0,0,0,0,0,0,0,0,0,0,0,0,0,0,0,0,0,0,0,0,0,0,0,0,0,0,0,0,0,0,0,0,0,0,0,0,0,0,0,0,0,0,0,0,0,0,0,0,0,0,0,0,0,0,0,0,0,0,0,0,0,0,0,0,0,0,0,0,0,0,0,0,0,0,0,0,0,0
"k__Bacteria|p__Bacteroidetes|c__Bacteroidia|o__Bacteroidales|f__Prevotellaceae|g__Prevotella|s__Prevotella_melaninogenica",0,0,0,0,0,0,0,0,0,0,0,0,0,0,0,0,0,0,0,0,0,0,0,0,0,0.00099,0,0,0,0,0,0,0,0,0,0,0,0,0,0,0,0,0,0,0,0,0,0,0,0,0,0,0,0,0,0,0,0,0,0,0,0,0,0,0,0,0,0,0,0,0,0,0,0,0,0,0,0,0,0,0,0,0,0,0.0037,0,0,0,0,0,0,0,0,0,0,0,0,0,0,0,0,0,0,0,0,0,0,0,0,0,0,0,0,0,0,0,0,0,0,0,0,0,0,0,0,0,0,0,0,0,0,0,0,0,0,0,0,0,0,0,0,0,0,0,0,0,0
"k__Bacteria|p__Actinobacteria|c__Actinobacteria|o__Actinomycetales|f__Actinomycetaceae|g__Actinomyces|s__Actinomyces_sp_oral_taxon_181",0,0,0,0,0,0,0,0,0,0,0,0,0,0,0,0,0,0,0,0,0,0,0,0,0,0,0,0,0,0,0,0,0,0,0,0,0,0,0,0,0,0,0,0,0,0,0,0,0,0,0,0,0,0,0,0,0,0,0,0,0,0,0,0,0,0,0,0,0,0,0,0,0,0,0,0,0.00063,0,0,0,0,0,0,0,0,0,0,0,0,0,0,0,0,0,0,0,0,0,0,0,0,0.00191,0,0,0,0,0,0,0,0,0,0,0,0,0,0,0,0,0,7e-04,0,0,0,0,0,0,0,0,0,0.00119,0,0,0,0,0,0,0,0,0,0,0,0,0,0,0,0,0
"k__Bacteria|p__Actinobacteria|c__Actinobacteria|o__Actinomycetales|f__Actinomycetaceae|g__Actinomyces|s__Actinomyces_graevenitzii",0,0,0,0,0,0,0,0,0,0,0,0,0,0,0,0,0,0,0,0,0,0,0,0,0,0,0,0,0,0,0,0,0,0,0,0,0,0,0,0,0,0,0,0,0,0,0,0,0,0,0,0,0,0,0,0,0,0,0,0,3e-04,0,0,0,0,0,0,0,0,0,0,0,0,0,0,0,0,0,0,0,0,0,0,0,0,0,0,0,0,0,0,0,0,0,0,0,0,0,0,0,0,0,0,0,0,0,0,0,0,0,0,0,0,0,0,0,0,0,0,0,0,0,0,0,0,0,0,0,0,0,0,0,0,0,0,0,0,0,0,0,0,0,0,0,0,0,0
"k__Bacteria|p__Bacteroidetes|c__Bacteroidia|o__Bacteroidales|f__Prevotellaceae|g__Prevotella|s__Prevotella_salivae",0,0,0,0,0,0,0,0,0,0,0,0,0,0,0,0,0,0,0,0,0,0,0,0,0,0,0,0,0,0,0,0,0,0,0,0,0,0,0,0,0,0,0,0,0,0,0,0,0,0,0,0,0,0,0,0,0,0,0,0,0,0,0,0,0,0,0,0,0,0,0,0,0,0,0,0,0,0,0,0,0,0,0,0,0,0,0,0,0,0,0,0,0,0,0,0,0,0,0,0,0,0,0,0,0,0,0,0,0,0,0,0,0,0,0,0,0,0,0,0,0,0,0,0,0,0,0,0,0,0,0,0,0,0,0,0,0,0,0,0,0,0,0,0,0,0,0
"k__Bacteria|p__Bacteroidetes|c__Bacteroidia|o__Bacteroidales|f__Prevotellaceae|g__Prevotella|s__Prevotella_histicola",0,0,0,0,0,0,0,0,0,0,0,0,0,0,0,0,0,0,0,0,0,0,0,0,0,0.00395,0,0,0,0,0,0,0,0,0,0,0,0,0,0,0,0,0,0,0,0,0,0,0,0,0,0,0,0,0,0,0,0,0,0,0,0,0,0,0,0,0,0,0,0,0,0,0,0,0,0,0,0,0,0,0,0,0,0,0,0,0,0,0,0,0,0,0,0,0,0,0,0,0,0,0,0,0,0,0,0,0,0,0,0,0,0,0,0,0,0,0,0,0,0,0,0,0,0,0,0,0,0,0,0,0,0,0,0,0,0,0,0,0,0,0,0,0,0,0,0,0
"k__Bacteria|p__Firmicutes|c__Clostridia|o__Clostridiales|f__Lachnospiraceae|g__Oribacterium|s__Oribacterium_sinus",0,0,0,0,0,0,0,0,0,0,0,0,0,0,0,0,0,0,0,0,0,0,0,0,0,0,0,0,0,0,0,0,0,0,0,0,0,0,0,0,0,0,0,0,0,0,0,0,0,0,0,0,0,0,0,0,0,0,0,0,0,0,0,0,0,0,0,0,0,0,0,0,0,0,0,0,0,0,0,0,0,0,0,0,0,0,0,0,0,0,0,0,0,0,0,0,0,0,0,0,0,0,0,0,0,0,0,0,0,0,0,0,0,0,0,0,0,0,0,0,0,0,0,0,0,0,0,0,0,0,0,0,0,0,0,0,0,0,0,0,0,0,0,0,0,0,0
"k__Bacteria|p__Actinobacteria|c__Actinobacteria|o__Actinomycetales|f__Actinomycetaceae|g__Actinomyces|s__Actinomyces_sp_HMSC035G02",0,0,0.00048,0,0,0,0,0,0,0,0,0,0,0,0,0,0,0,0,0,0,0,0,0,0,0,0,0,0,0,0,0,0,0,0,0,0,0,0,0,0,0,0,0,0,0,0,0,0,0,0,0,0,0,0,0,0,0,0,0,0,0,0,0,0,0,0,0,0,0,0,0,0,0,0,0,0.00046,0,0,0,0,0,0,0,0,0,0,0,0,0,0,0,0,0,0,0,0,0,0,0,0,0,0,0,0,0,0,0,0,0,0,0,0,0,0,0,0,0,0,0,0,0,0,0,0,0,0,0,0,0,0,0,0,0,0,0,0,0,0,0,0,0,0,0,0,0,0
"k__Bacteria|p__Firmicutes|c__Negativicutes|o__Veillonellales|f__Veillonellaceae|g__Veillonella|s__Veillonella_rogosae",0,0,0,0,0.00451,0,0,0,0,0,0,0,0,0,0,0,0,0,0,0,0,0,0,0,0,0,0,0,0,0,0,0,0,0,0,0,0,0,0,0,0,0,0,0,0,0,0,0,0,0,0,0,0,0,0,0,0,0,0,0,0,0,0,0,0,0,0,0,0,0,0,0,0,0,0,0,0,0,0,0,0,0,0,0,0,0,0.00821,0,0,0,0,0,0,0,0,0,0,0,0,0,0,0,0,0,0,0,0,0,0,0,0,0,0,0,0,0,0,0,0,0,0,0,0,0,0,0,0,0,0,0,0,0,0,0,0,0,0,0,0,0,0,0,0,0,0,0,0
"k__Bacteria|p__Proteobacteria|c__Epsilonproteobacteria|o__Campylobacterales|f__Campylobacteraceae|g__Campylobacter|s__Campylobacter_concisus",0,0,0,0,0,0,0,0,0,0,0,0,0,0,0,0,0,0,0,0,0,0,0,0,0,0,0,0,0,0,0,0,0,0,0,0,0,0,0,0,0,0,0,0,0,0,0,0,0,0,0,0,0,0,0,0,0,0,0,0,0,0,0,0,0,0,0,0,0,0,0,0,0,0,0,0,0,0,0,0,0,0,0,0,0,0,0,0,0,0,0,0,0,0,0,0,0,0,0,0,0,0,0,0,0,0,0,0,0,0,0,0,0,0,0,0,0,0,0,0,0,0,0,0,0,0,0,0,0,0,0,0,0,0,0,0,0,0,0,0,0,0,0,0,0,0,0
"k__Bacteria|p__Firmicutes|c__Negativicutes|o__Veillonellales|f__Veillonellaceae|g__Megasphaera|s__Megasphaera_micronuciformis",0,0,0,0,0,0,0,0,0,0,0,0,0,0.25829,0,0,0,0,0,0,0,0,0,0,0,0,0,0,0,0,0,0,0,0,0,0,0,0,0,0,0,0,0,0,0,0,0,0,0,0,0,0,0,0,0,0,0,0,0,0,0,0,0,0,0,0,0,0,0,0,0,0,0,0,0,0,0,0,0,0,0,0,0,0,0.06076,0,0,0,0,0,0,0,0,0,0,0,0,0,0.02408,0,0,0,0,0,0,0,0,0,0,0,0,0,0,0,0,0,0,0,0,0,0,0,0,0,0,0,0,0,0,0.00155,0,0,0,0,0,0,0,0,0,0,0,0,0,0,0,0,0
"k__Bacteria|p__Fusobacteria|c__Fusobacteriia|o__Fusobacteriales|f__Fusobacteriaceae|g__Fusobacterium|s__Fusobacterium_periodonticum",0,0,0,0,0,0,0,0,0,0,0,0,0,0,0,0,0,0,0,0,0,0,0,0,0,0.00288,0,0,0,0,0,0,0,0,0,0,0,0,0,0,0,0,0,0,0,0,0,0,0,0,0,0,0,0,0,0,0,0,0,0,0,0,0,0,0,0,0,0,0,0,0,0,0,0,0,0,0,0,0,0,0,0,0,0,0.00103,0,0,0,0,0,0,0,0,0,0,0,0,0,0,0,0,0,0,0,0,0,0,0,0,0,0,0,0,0,0,0,0,0,0,0,0,0,0,0,0,0,0,0,0,0,0,0,0,0,0,0,0,0,0,0,0,0,0,0,0,0,0
"k__Bacteria|p__Actinobacteria|c__Actinobacteria|o__Actinomycetales|f__Actinomycetaceae|g__Actinomyces|s__Actinomyces_odontolyticus",0,0,0.00089,0,0,0,0,0,0,0,0,0,0,0,0,0,0,0,0,0,0,0,0,0,0,0,0,0,0,0,0.00148,0,0,0,0,0,0,0,0,0,0,0,0,0,0,0,0,0,0,0,0,0,0,0,0,0,0,0,0,0,0,0,0,0,0,0,0,0,0,0,0,0,0,0,0,0,0.00142,0,0,0,0,0,0,0,0,0,0,0,0,0.0015,0,0,0,0,0,0,0,0,0,0,0,0,0,0,0,0,0,0,0,0,0,0,0,0,0,0,0,0,0,0,0,0,0,0,0,0,0,0,0,0,0,0,0,0,0,0,0,0,0,0,0,0,0,0,0,0,0
"k__Bacteria|p__Actinobacteria|c__Coriobacteriia|o__Coriobacteriales|f__Atopobiaceae|g__Atopobium|s__Atopobium_parvulum",0,0,0.00109,0,0,0,0,0,0,0,0,0,0,0,0,0,0,0,0,0,0,0,0,0,0,0,0,0,0,0,0,0,0,0,0,0,0,0,0,0,0,0,0,0,0,0,0,0,0,0,0,0,0,0,0,0,0,0,0,0,0,0,0,0,0,0,0,0,0,0,0,0,0,0,0,0,0.00147,0,0,0,0,0,0,0,0,0,0,0,0,0,0,0,0,0,0,0,0,0,0,0,0,0,0,0,0,0,0,0,0,0,0,0,0,0,0,0,0,0,0,0,0,0,0,0,0,0,0,0,0,0,0,0,0,0,0,0,0,0,0,0,0,0,0,0,0,0,0
"k__Bacteria|p__Bacteroidetes|c__Bacteroidia|o__Bacteroidales|f__Prevotellaceae|g__Prevotella|s__Prevotella_pallens",0,0,0,0,0,0,0,0,0,0,0,0,0,0,0,0,0,0,0,0,0,0,0,0,0,0,0,0,0,0,0,0,0,0,0,0,0,0,0,0,0,0,0,0,0,0,0,0,0,0,0,0,0,0,0,0,0,0,0,0,0,0,0,0,0,0,0,0,0,0,0,0,0,0,0,0,0,0,0,0,0,0,0,0,0,0,0,0,0,0,0,0,0,0,0,0,0,0,0,0,0,0,0,0,0,0,0,0,0,0,0,0,0,0,0,0,0,0,0,0,0,0,0,0,0,0,0,0,0,0,0,0,0,0,0,0,0,0,0,0,0,0,0,0,0,0,0
"k__Bacteria|p__Firmicutes|c__Clostridia|o__Clostridiales|f__Lachnospiraceae|g__Stomatobaculum|s__Stomatobaculum_longum",0,0,0,0,0,0,0,0,0,0,0,0,0,0,0,0,0,0,0,0,0,0,0,0,0,0,0,0,0,0,0,0,0,0,0,0,0,0,0,0,0,0,0,0,0,0,0,0,0,0,0,0,0,0,0,0,0,0,0,0,0,0,0,0,0,0,0,0,0,0,0,0,0,0,0,0,0,0,0,0,0,0,0,0,0,0,0,0,0,0,0,0,0,0,0,0,0,0,0,0,0,0,0,0,0,0,0,0,0,0,0,0,0,0,0,0,0,0,0,0,0,0,0,0,0,0,0,0,0,0,0,0,0,0,0,0,0,0,0,0,0,0,0,0,0,0,0
"k__Bacteria|p__Fusobacteria|c__Fusobacteriia|o__Fusobacteriales|f__Leptotrichiaceae|g__Leptotrichia|s__Leptotrichia_wadei",0,0,0,0,0,0,0,0,0,0,0,0,0,0,0,0,0,0,0,0,0,0,0,0,0,0.00486,0,0,0,0,0,0,0,0,0,0,0,0,0,0,0,0,0,0,0,0,0,0,0,0,0,0,0,0,0,0,0,0,0,0,0,0,0,0,0,0,0,0,0,0,0,0,0,0,0,0,0,0,0,0,0,0,0,0,0,0,0,0,0,0,0,0,0,0,0,0,0,0,0,0,0,0,0,0,0,0,0,0,0,0,0,0,0,0,0,0,0,0,0,0,0,0,0,0,0,0,0,0,0,0,0,0,0,0,0,0,0,0,0,0,0,0,0,0,0,0,0
"k__Bacteria|p__Actinobacteria|c__Actinobacteria|o__Actinomycetales|f__Actinomycetaceae|g__Actinomyces|s__Actinomyces_sp_S6_Spd3",0,0,0.00546,0,0,0,0,0,0,0,0.00371,0,0,0,0,0,0,0,0.00263,0,0,0,0,0,0,0,0,0,0,0,0.00043,0,0,0,0,0,0,0,0,0,0,0,0,0,0,0,0,0,0,0,0,0,0,0,0,0,0,0,0,0,0,0,0,0.00247,0,0,0,0,0,0,0,0,0,0,0,0,0,0,0,0,0,0,0,0,0,0,0,0,0,0,0,0,0,0,0,0,0,0,0,0,0,0.00268,0,0,0,0,0,0,0,0,0,0,0,0,0,0,0,0,0,0,0,0,0,0,0,0,0,0,0,0.00382,0,0,0,0,0,0,0,0,0,0,0,0,0,0,0,0,0
"k__Bacteria|p__Firmicutes|c__Bacilli|o__Lactobacillales|f__Streptococcaceae|g__Streptococcus|s__Streptococcus_thermophilus",0,0,0,0,0.00497,0,0,0,0,0,0,0.0221,0,0.01582,0,0,0.00675,0,0.0124,0,0,0,0.03481,0,0,0.01723,0,0.00577,0,0,0.00517,0.00448,0.00108,0.06756,0.00143,0.00082,0,0.2445,0.00161,0,0,0.01577,0,0,0.00058,0,0,0,0.00753,0,0.09874,0,0.01297,0,0,0,0.0079,0,0,0.0056,0,0.13333,0,0,0,0,0,0,0,0,0,0,0,0.07922,0,0.00662,0,0,0,0.00792,0,0,0,0,0.00283,0,0.00587,0,0.00149,0.00348,0,0,0,0.00915,0,0,0,0,0.02257,0,0,0.02581,0,0,0,0.0038,0,0,0.00681,0,0,0,0.01027,0.00696,0.0529,0,0,0,0.00393,0.00518,0,0.01721,0,0,0,0,0,0.00065,0,0.01247,0,0,0,0,0,0,0,0,0.01105,0,0,0.00029,0,0,0,0,0
"k__Bacteria|p__Proteobacteria|c__Betaproteobacteria|o__Neisseriales|f__Neisseriaceae|g__Neisseria|s__Neisseria_flavescens",0,0,0,0,0,0,0,0,0,0,0,0,0,0,0,0,0,0,0,0,0,0,0,0,0,0,0,0,0,0,0,0,0,0,0,0,0,0,0,0,0,0,0,0,0,0,0,0,0,0,0,0,0,0,0,0,0,0,0,0,0,0,0,0,0,0,0,0,0,0,0,0,0,0,0,0,0,0,0,0,0,0,0,0,0.00551,0,0,0,0,0,0,0,0,0,0,0,0,0,0,0,0,0,0,0,0,0,0,0,0,0,0,0,0,0,0,0,0,0,0,0,0,0,0,0,0,0,0,0,0,0,0,0,0,0,0,0,0,0,0,0,0,0,0,0,0,0,0
"k__Bacteria|p__Firmicutes|c__Bacilli|o__Lactobacillales|f__Streptococcaceae|g__Streptococcus|s__Streptococcus_oralis",0,0,0.01265,0,0,0,0,0,0,0.00947,0.0011,0,0.00544,0,0,0,0.00141,0,0.00243,0,0,0,0,0,0,0,0,0.00171,0,0,0.00407,0,0,0.00285,0,0,0,0,0,0,0,0,0,0,0,0.0021,0,0,0,0,0,0,0,0,0,0,0,0,0,0.00349,0,0,0,0.00265,0,0,0,0,0,0,0,0,0,0,0,0,0,0,0,0,0,0,0,0,0.00053,0,0,0,0,0,0,0,0,0.00148,0.00399,0,0,0,0,0,0.00874,0.01375,0,0,0,0,0,0,0.0013,0,0,0,0,0.00366,0,0,0,0,0,0,0,0,0,0,0,0.00044,0,0.00108,0,0,0,0,0,0,0,0,0,0,0,0,0,0,0,0,0,0,0
"k__Bacteria|p__Proteobacteria|c__Betaproteobacteria|o__Neisseriales|f__Neisseriaceae|g__Neisseria|s__Neisseria_subflava",0,0,0,0,0,0,0,0,0,0,0,0,0,0,0,0,0,0,0,0,0,0,0,0,0,0,0,0,0,0,0,0,0,0,0,0,0,0,0,0,0,0,0,0,0,0,0,0,0,0,0,0,0,0,0,0,0,0,0,0,0,0,0,0,0,0,0,0.00039,0,0,0,0,0,0,0,0,0,0,0,0,0,0,0,0,0,0,0,0,0,0,0,0,0,0,0,0,0,0,0,0,0,0,0,0,0,0,0,0,0,0,0,0,0,0,0,0,0,0,0,0,0,0,0,0,0,0,0,0,0,0,0,0,0,0,0,0,0,0,0,0,0,0,0,0,0,0,0
"k__Bacteria|p__Firmicutes|c__Clostridia|o__Clostridiales|f__Lachnospiraceae|g__Lachnoanaerobaculum|s__Lachnoanaerobaculum_saburreum",0,0,0,0,0,0,0,0,0,0,0,0,0,0,0,0,0,0,0,0,0,0,0,0,0,0,0,0,0,0,0,0,0,0,0,0,0,0,0,0,0,0,0,0,0,0,0,0,0,0,0,0,0,0,0,0,0,0,0,0,0,0,0,0,0,0,0,0,0,0,0,0,0,0,0,0,0,0,0,0,0,0,0,0,0,0,0,0,0,0,0,0,0,0,0,0,0,0,0,0,0,0,0,0,0,0,0,0,0,0,0,0,0,0,0,0,0,0,0,0,0,0,0,0,0,0,0,0,0,0,0,0,0,0,0,0,0,0,0,0,0,0,0,0,0,0,0
"k__Bacteria|p__Firmicutes|c__Bacilli|o__Lactobacillales|f__Streptococcaceae|g__Streptococcus|s__Streptococcus_sanguinis",0,0,0.00698,0,0,0.00146,0,0,0,0,0,0,0,0,0,0,0,0,0,0,0,0,0,0,0,0.01381,0,0,0,0,0,0,0,0.00393,0,0,0,0,0,0,0,0,0,0,0,0,0,0,0,0,0,0,0,0,0,0,0,0,0,0.00142,0,0,0,0.00409,0,0,0,0,0,0,0,0,0,0,0.00021,0,0,0,0,0,0,0,0,0,0,0,0,0,0,0,0,0,0,0.00272,0.00633,0,0,0,0,0,0,0.01194,0,0,0,0,0,0,0.00511,0,0,0,0.00754,0.00174,0,0,0,0.00025,0,0,0,0,0,0,0,0,0,0,0,0,0,0,0,0,0.00025,0,0,0,0,0,0,0,0,0,0,0,0
"k__Bacteria|p__Firmicutes|c__Bacilli|o__Lactobacillales|f__Streptococcaceae|g__Streptococcus|s__Streptococcus_australis",0,0,0,0,0,0,0,0,0.00013,0,0.00244,0,0,0,0,0,0,0,0.00468,0,0,0,0,0,0,0.00455,0,0,0,0,0,0,0,0,0,0,0,0,0,0,0,0,0,0,0,0,0,0,0,0,0,0,0,0,0,0,0,0,0,0,0,0,0,0,0,0,0,0,0,0,0,0,0,0,0,0,0,0,0,0,0,0,0,0,0,0,0,0,0,0,0,0,0,0,0,0,0,0,0,0,0,0.02651,0,0,0,0,0,0,0,0,0,0,0,0,0,0,0,0,0,0,0,0,0,0,0,0,0,0,0.00042,0.00226,0,0,0,0,0,0,0,0,0,0,0,0,0,0,0,0,0
"k__Bacteria|p__Firmicutes|c__Bacilli|o__Lactobacillales|f__Streptococcaceae|g__Streptococcus|s__Streptococcus_gordonii",0,0,0.01286,0,0,0,0,0,0,0,0.03331,0,0,0,0,0,0,0,0,0,0,0,0,0,0,0.01271,0,0,0,0,0.00442,0,0,0,0,0,0,0,0,0,0,0,0,0,0,0,0,0,0,0,0,0,0,0,0,0,0,0,0,0,0,0,0,0,0,0,0,0,0,0,0,0,0,0,0,0,0,0,0,0,0,0,0,0,0,0,0,0,0,0,0,0,0,0,0,0,0,0,0,0,0,0,0,0,0,0,0,0,0,0,0,0,0.00177,0,0,0,0,0,0,0,0,0,0,0,0,0,0,0,0,0,0,0,0,0,0,0,0,0,0,0,0,0,0,0,0,0,0
"k__Bacteria|p__Fusobacteria|c__Fusobacteriia|o__Fusobacteriales|f__Leptotrichiaceae|g__Leptotrichia|s__Leptotrichia_sp_oral_taxon_215",0,0,0,0,0,0,0,0,0,0,0,0,0,0,0,0,0,0,0,0,0,0,0,0,0,0,0,0,0,0,0,0,0,0,0,0,0,0,0,0,0,0,0,0,0,0,0,0,0,0,0,0,0,0,0,0,0,0,0,0,0,0,0,0,0,0,0,0,0,0,0,0,0,0,0,0,0,0,0,0,0,0,0,0,0,0,0,0,0,0,0,0,0,0,0,0,0,0,0,0,0,0,0,0,0,0,0,0,0,0,0,0,0,0,0,0,0,0,0,0,0,0,0,0,0,0,0,0,0,0,0,0,0,0,0,0,0,0,0,0,0,0,0,0,0,0,0
"k__Bacteria|p__Firmicutes|c__Bacilli|o__Lactobacillales|f__Streptococcaceae|g__Streptococcus|s__Streptococcus_sp_F0442",0,0,0,0,0,0,0,0,0,0,0,0,0,0,0,0,0,0,0,0,0,0,0,0,0,0,0,0,0,0,0,0,0,0,0,0,0,0,0,0,0,0,0,0,0,0,0,0,0,0,0,0,0,0,0,0,0,0,0,0,0,0,0,0,0,0,0,0,0,0,0,0,0,0,0,0,0,0,0,0,0,0,0,0,0,0,0,0,0,0,0,0,0,0,0,0,0,0,0,0,0,0.00058,0,0,0,0,0,0,0,0,0,0,0,0,0,0,0,0,0,0,0,0,0,0,0,0,0,0,0,0.0072,0,0,0,0,0,0,0,0,0,0,0,0,0,0,0,0,0
"k__Bacteria|p__Bacteroidetes|c__Bacteroidia|o__Bacteroidales|f__Porphyromonadaceae|g__Porphyromonas|s__Porphyromonas_somerae",0,0,0,0,0,0,0,0,0,0,0,0,0,0,0,0,0,0,0,0,0,0,0,0,0,0,0,0,0,0,0,0,0,0,0,0,0,0,0,0,0,0,0,0,0,0,0,0,0,0,0,0,0,0,0,0,0,0,0,0,0,0,0,0,0,0,0,0,0,0,0,0,0,0,0,0,0,0,0,0,0,0,0,0,0,0,0,0,0,0,0,0,0,0,0,0,0,0,0,0,0,0,0,0,0,0,0,0,0,0,0,0,0,0,0,0,0,0,0,0,0,0,0,0,0,0,0,0,0,0,0,0,0,0,0,0,0,0,0,0,0,0,0,0,0,0,0
"k__Bacteria|p__Proteobacteria|c__Betaproteobacteria|o__Neisseriales|f__Neisseriaceae|g__Kingella|s__Kingella_oralis",0,0,0,0,0,0,0,0,0,0,0,0,0,0,0,0,0,0,0,0,0,0,0,0,0,0,0,0,0,0,0,0,0,0,0,0,0,0,0,0,0,0,0,0,0,0,0,0,0,0,0,0,0,0,0,0,0,0,0,0,0,0,0,0,0,0,0,0,0,0,0,0,0,0,0,0,0,0,0,0,0,0,0,0,0,0,0,0,0,0,0,0,0,0,0,0,0,0,0,0,0,0,0,0,0,0,0,0,0,0,0,0,0,0,0,0,0,0,0,0,0,0,0,0,0,0,0,0,0,0,0,0,0,0,0,0,0,0,0,0,0,0,0,0,0,0,0
"k__Bacteria|p__Bacteroidetes|c__Bacteroidia|o__Bacteroidales|f__Prevotellaceae|g__Prevotella|s__Prevotella_sp_oral_taxon_299",0,0,0,0,0,0,0,0,0,0,0,0,0,0,0,0,0,0,0,0,0,0,0,0,0,0,0,0,0,0,0,0,0,0,0,0,0,0,0,0,0,0,0,0,0,0,0,0,0,0,0,0,0,0,0,0,0,0,0,0,0,0,0,0,0,0,0,0,0,0,0,0,0,0,0,0,0,0,0,0,0,0,0,0,0,0,0,0,0,0,0,0,0,0,0,0,0,0,0,0,0,0,0,0,0,0,0,0,0,0,0,0,0,0,0,0,0,0,0,0,0,0,0,0,0,0,0,0,0,0,0,0,0,0,0,0,0,0,0,0,0,0,0,0,0,0,0
"k__Bacteria|p__Firmicutes|c__Clostridia|o__Clostridiales|f__Lachnospiraceae|g__Oribacterium|s__Oribacterium_asaccharolyticum",0,0,0,0,0,0,0,0,0,0,0,0,0,0,0,0,0,0,0,0,0,0,0,0,0,0,0,0,0,0,0,0,0,0,0,0,0,0,0,0,0,0,0,0,0,0,0,0,0,0,0,0,0,0,0,0,0,0,0,0,0,0,0,0,0,0,0,0,0,0,0,0,0,0,0,0,0,0,0,0,0,0,0,0,0,0,0,0,0,0,0,0,0,0,0,0,0,0,0,0,0,0,0,0,0,0,0,0,0,0,0,0,0,0,0,0,0,0,0,0,0,0,0,0,0,0,0,0,0,0,0,0,0,0,0,0,0,0,0,0,0,0,0,0,0,0,0
"k__Bacteria|p__Actinobacteria|c__Actinobacteria|o__Micrococcales|f__Micrococcaceae|g__Rothia|s__Rothia_dentocariosa",0,0,0,0,0,0,0,0,0,0,0,0,0,0,0,0,0,0,0.00011,0,0,0,0,0,0,0,0,0,0,0,0,0,0,0,0,0,0,0,0,0,0,0,0,0,0,0,0,0,0,0,0,0,0,0,0,0,0,0,0,0,0,0,0,0.00417,0,0,0,0,0,0,0,0,0,0,0.00142,0,0,0,0,0,0,0,0,0,0,0,0,0,0,0,0,0,0,0,0,0,0,0,0,0,0,0,0,0,0,0,0,0,0,0,0,0,0,0,0,0,0,0,0,0,0,0,0,0,0,0,0,0,0,0,0,0,0,0,0,0,0,0,0,0,0,0,0,0,0,0,0
"k__Bacteria|p__Firmicutes|c__Erysipelotrichia|o__Erysipelotrichales|f__Erysipelotrichaceae|g__Solobacterium|s__Solobacterium_moorei",0,0,0,0,0,0,0,0,0,0,0.02348,0,0,0,0,0,0,0,0,0,0,0,0,0,0,0,0,0.00032,0,0,0.00506,0,0,0,0,0,0,0,0,0,0,0,0,0,0,0,0,0,0,0,0,0,0,0,0,0,0,0,0,0,0,0,0,0,0,0,0,0,0,0,0.00252,0,0,0,0,0,0,0,0,0,0,0,0,0,0.08786,0,0,0,0,0,0,0,0,0,0,0,0,0,0,0,0,0.00207,0,0,0,0,0,0,0,0,0,0,0,0,0,0,0,0,0,0,0,0,0,0,0,0,0,0,0,0,0,0,0,0,0,0,0,0,0,0,0,0,0,0,0,0,0
"k__Bacteria|p__Proteobacteria|c__Gammaproteobacteria|o__Pasteurellales|f__Pasteurellaceae|g__Haemophilus|s__Haemophilus_sputorum",0,0,0,0,0,0,0,0,0,0,0,0,0,0,0,0,0,0,0,0,0,0,0,0,0,0,0,0,0,0,0,0,0,0,0,0,0,0,0,0,0,0,0,0,0,0,0,0,0,0,0,0,0,0,0,0,0,0,0,0,0,0,0,0,0,0,0,0,0.00564,0,0,0,0,0,0,0,0,0,0,0,0,0,0,0,0,0,0,0,0,0,0,0,0,0,0,0,0,0,0,0,0,0,0,0,0,0,0,0,0,0,0,0,0,0,0,0,0,0,0,0,0,0,0,0,0,0,0,0,0,0,0,0,0,0,0,8e-04,0,0,0,0,0,0,0,0,0,0,0
"k__Bacteria|p__Firmicutes|c__Bacilli|o__Bacillales|f__Staphylococcaceae|g__Staphylococcus|s__Staphylococcus_aureus",0,0,0,0,0,0,0,0,0,0,0,0,0,0,0,0,0,0,0,0,0,0,0,0,0,0,0,0,0,0,0,0,0,0,0,0,0,0,0,0,0,0,0,0,0,0,0,0,0,0,0,0,0,0,0,0,0,0,0,0,0,0,0,0,0,0,0,0,0,0,0,0,0,0,0,0,0,0,0,0,0,0,0,0,0,0,0,0,0,0,0,0,0,0,0,0,0,0,0,0,0,0,0,0,0,0,0,0,0,0,0,0,0,0,0,0,0,0,0,0,0,0,0,0,0,0,0,0,0,0,0,0,0,0,0,0,0,0,0,0,0,0,0,0,0,0,0
"k__Bacteria|p__Firmicutes|c__Bacilli|o__Lactobacillales|f__Streptococcaceae|g__Streptococcus|s__Streptococcus_sp_HPH0090",0,0,0,0,0,0,0,0,0,0,0,0,0,0,0,0,0,0,0,0,0,0,0,0,0,0,0,0,0,0,0,0,0,0,0,0,0,0,0,0,0,0,0,0,0,0,0,0,0,0,0,0,0,0,0,0,0,0,0,0,0,0,0,0,0,0,0,0,0,0,0,0,0,0,0,0,0,0,0,0,0,0,0,0,0,0,0,0,0,0,0,0,0,0,0,0,0,0,0,0,0,0,0,0,0,0,0,0,0,0,0,0,0,0,0,0,0,0,0,0,0,0,0,0,0,0,0,0,0,0,0,0,0,0,0,0,0,0,0,0,0,0,0,0,0,0,0
"k__Bacteria|p__Firmicutes|c__Bacilli|o__Bacillales|f__Bacillales_unclassified|g__Gemella|s__Gemella_haemolysans",0,0,0,0,0,0,0,0,0,0,0.00048,0,0,0,0,0,0,0,0,0,0,0,0,0,0,0,0,0,0,0,0.00439,0,0,0,0,0,0,0,0,0,0,0,0,0,0,0,0,0,0,0,0,0,0,0,0,0,0,0,0,0.02586,0,0,0,0,0,0,0,0,0,0,0,0,0,0,0,0,0,0,0,0,0,0,0,0,0,0,0,0,0,0,0,0,0,0,0,0,0,0,0,0,0,0,0,0,0,0,0,0,0,0,0,0,0,0,0,0,0,0,0,0,0,0,0,0,0,0,0,0,0,0,0,0,0,0,0,0,0,0,0,0,0,0,0,0,0,0,0
"k__Bacteria|p__Firmicutes|c__Bacilli|o__Lactobacillales|f__Streptococcaceae|g__Streptococcus|s__Streptococcus_sp_A12",0,0,0,0,0,0,0,0,0,0,0.00349,0,0,0,0,0,0,0,0,0,0,0,0,0,0,0,0,0,0,0,0,0,0,0,0,0,0.00012,0,0,0,0,0,0,0,0,0,0,0,0,0,0,0,0,0,0,0,0,0,0,0,0,0,0,0,0,0,0,0,0,0,0,0,0,0,0,0,0,0,0,0,0,0,0,0,0,0,0,0,0,0,0,0,0,0,0,0,0,0,0,0,0,0.01356,0,0,0,0,0,0,0,0,0,0,0,0,0,0,0,0,0,0,0,0,0,0,0,0,0,0.00086,0.00326,0.03358,0,0,0,0,0,0,0.00043,0,0,0,0,0,0,0,0,0,0
"k__Bacteria|p__Firmicutes|c__Bacilli|o__Lactobacillales|f__Lactobacillaceae|g__Lactobacillus|s__Lactobacillus_helveticus",0,0,0,0,0,0,0,0,0,0,0,0,0,0,0,0,0,0,0,0,0,0,0,0,0,0,0,0,0,0,0,0,0,0,0,0,0,0,0,0,0,0,0,0,0,0,0,0,0,0,0,0,0,0,0,0,0,0,0,0,0,0,0,0,0,0,0,0,0,0,0,0,0,0,0,0,0,0,0,0,0,0,0,0,0,0,0,0,0,0,0,0,0,0,0,0,0,0,0,0,0,0,0,0,0,0,0,0,0,0,0,0,0,0,0,0,0,0,0,0,0,0,0,0,0,0,0,0,0,0,0,0,0,0,0,0,0,0,0,0,0,0,0,0,0,0,0
"k__Bacteria|p__Fusobacteria|c__Fusobacteriia|o__Fusobacteriales|f__Leptotrichiaceae|g__Leptotrichia|s__Leptotrichia_sp_oral_taxon_212",0,0,0,0,0,0,0,0,0,0,0,0,0,0,0,0,0,0,0,0,0,0,0,0,0,0,0,0,0,0,0,0,0,0,0,0,0,0,0,0,0,0,0,0,0,0,0,0,0,0,0,0,0,0,0,0,0,0,0,0,0,0,0,0,0,0,0,0,0,0,0,0,0,0,0,0,0,0,0,0,0,0,0,0,0,0,0,0,0,0,0,0,0,0,0,0,0,0,0,0,0,0,0,0,0,0,0,0,0,0,0,0,0,0,0,0,0,0,0,0,0,0,0,0,0,0,0,0,0,0,0,0,0,0,0,0,0,0,0,0,0,0,0,0,0,0,0
"k__Bacteria|p__Fusobacteria|c__Fusobacteriia|o__Fusobacteriales|f__Fusobacteriaceae|g__Fusobacterium|s__Fusobacterium_nucleatum",0,0,0,0,0,0,0,0,0,0,0,0,0,0,0,0,0,0,0,0,0,0,0,0,0,0,0,0,0,0,0,0,0,0,0,0,0,0,0,0,0,0,0,0,0,0,0,0,0,0,0,0,0,0,0,0,0,0,0,0,0,0,0,0,0,0,0,0,0,0,0,0,0,0,0,0,0,0,0,0,0,0,0,0,0.00221,0,0,0,0,0,0,0,0,0,0,0,0,0,0,0,0,0,0,0,0,0,0,0,0,0,0,0,0,0,0,0,0,0,0,0,0,0,0,0,0,0,0,0,0,0,0,0,0,0,0,0,0,0,0,0,0,0,0,0,0,0,0
"k__Bacteria|p__Bacteroidetes|c__Flavobacteriia|o__Flavobacteriales|f__Flavobacteriaceae|g__Capnocytophaga|s__Capnocytophaga_leadbetteri",0,0,0,0,0,0,0,0,0,0,0,0,0,0,0,0,0,0,0,0,0,0,0,0,0,0,0,0,0,0,0,0,0,0,0,0,0,0,0,0,0,0,0,0,0,0,0,0,0,0,0,0,0,0,0,0,0,0,0,0,0,0,0,0,0,0,0,0,0,0,0,0,0,0,0,0,0,0,0,0,0,0,0,0,0,0,0,0,0,0,0,0,0,0,0,0,0,0,0,0,0,0,0,0,0,0,0,0,0,0,0,0,0,0,0,0,0,0,0,0,0,0,0,0,0,0,0,0,0,0,0,0,0,0,0,0,0,0,0,0,0,0,0,0,0,0,0
"k__Bacteria|p__Firmicutes|c__Bacilli|o__Lactobacillales|f__Carnobacteriaceae|g__Granulicatella|s__Granulicatella_adiacens",0,0,0,0,0,0,0,0,0,0,0,0,0,0,0,0,0,0,0,0,0,0,0,0,0,0,0,0,0,0,0,0,0,0,0,0,0,0,0,0,0,0,0,0,0,0,0,0,0,0,0,0,0,0,0,0,0,0,0,0,0,0,0,0,0,0,0,0,0,0,0,0,0,0,0,0,0,0,0,0,0,0,0,0,0,0,0,0,0,0,0,0,0,0,0,0,0,0,0,0,0,0,0,0,0,0,0,0,0,0,0,0,0,0,0,0,0,0,0,0,0,0,0,0,0,0,0,0,0,0,0,0,0,0,0,0,0,0,0,0,0,0,0,0,0,0,0
"k__Bacteria|p__Bacteroidetes|c__Bacteroidia|o__Bacteroidales|f__Prevotellaceae|g__Prevotella|s__Prevotella_nigrescens",0,0,0,0,0,0,0,0,0,0,0,0,0,0,0,0,0,0,0,0,0,0,0,0,0,0,0,0,0,0,0,0,0,0,0,0,0,0,0,0,0,0,0,0,0,0,0,0,0,0,0,0,0,0,0,0,0,0,0,0,0,0,0,0,0,0,0,0,0,0,0,0,0,0,0,0,0,0,0,0,0,0,0,0,0,0,0,0,0,0,0,0,0,0,0,0,0,0,0,0,0,0,0,0,0,0,0,0,0,0,0,0,0,0,0,0,0,0,0,0,0,0,0,0,0,0,0,0,0,0,0,0,0,0,0,0,0,0,0,0,0,0,0,0,0,0,0
"k__Bacteria|p__Firmicutes|c__Bacilli|o__Lactobacillales|f__Streptococcaceae|g__Streptococcus|s__Streptococcus_vestibularis",0,0,0.00111,0,0,0,0,0,0,0,0,0,0,0,0,0,0,0,0,0,0,0,0,0,0,0,0,0,0,0,0,0,0,0,0,0,0,0,0,0,0,0,0,0,0,0,0,0,0,0,0,0,0,0,0,0,0,0,0,0,0,0,0,0,0,0,0,0,0,0,0,0,0,0,0,0,0,0,0,0,0,0,0,0,0,0,0.00109,0,0,0,0,0,0,0,0,0,0,0,0,0,0,0.00673,0,0,0,0,0,0,0,0,0,0,0,0,0,0,0,0,0,0,0,0,0,0,0,0,0,0,0,0.00359,0,0,0,0,0,0,0,0,0,0,0,0,0,0,0,0,0
"k__Bacteria|p__Firmicutes|c__Bacilli|o__Lactobacillales|f__Streptococcaceae|g__Streptococcus|s__Streptococcus_sp_HMSC034E03",0,0,0,0,0,0,0,0,0,0,0,0,0.00088,0,0,0,0,0,0,0,0,0,0,0,0,0,0,0,0,0,0,0,0,0,0,0,0,0,0,0,0,0,0,0,0,0,0,0,0,0,0,0,0,0,0,0,0,0,0,0,0,0,0,0,0,0,0,0,0,0,0,0,0,0,0,0,0,0,0,0,0,0,0,0,0,0,0,0,0,0,0,0,0,0,0,0,0,0,0,0,0,0.01082,0,0,0,0,0,0,0,0,0,0,0,0,0,0,0,0,0,0,0,0,0,0,0,0,0,0,0,0,0,0,0,0,0,0,0,0,0,0,0,0,0,0,0,0,0
"k__Bacteria|p__Actinobacteria|c__Actinobacteria|o__Actinomycetales|f__Actinomycetaceae|g__Actinomyces|s__Actinomyces_sp_HPA0247",0,0,0.00163,0,0,0,0,0,0,0,0,0,0,0,0,0,0,0,0,0,0,0,0,0,0,0,0,0,0,0,0,0,0,0,0,0,0,0,0,0,0,0,0,0,0,0,0,0,0,0,0,0,0,0,0,0,0,0,0,0,0,0,0,0,0,0,0,0,0,0,0,0,0,0,0,0,0.00094,0,0,0,0,0,0,0,0,0,0,0,0,0,0,0,0,0,0,0,0,0,0,0,0,0,0,0,0,0,0,0,0,0,0,0,0,0,0,0,0,0,0,0,0,0,0,0,0,0,0,0,0,0,0,0,0,0,0,0,0,0,0,0,0,0,0,0,0,0,0
"k__Bacteria|p__Bacteroidetes|c__Flavobacteriia|o__Flavobacteriales|f__Flavobacteriaceae|g__Capnocytophaga|s__Capnocytophaga_gingivalis",0,0,0,0,0,0,0,0,0,0,0,0,0,0,0,0,0,0,0,0,0,0,0,0,0,0,0,0,0,0,0,0,0,0,0,0,0,0,0,0,0,0,0,0,0,0,0,0,0,0,0,0,0,0,0,0,0,0,0,0,0,0,0,0,0,0,0,0,0,0,0,0,0,0,0,0,0,0,0,0,0,0,0,0,0,0,0,0,0,0,0,0,0,0,0,0,0,0,0,0,0,0,0,0,0,0,0,0,0,0,0,0,0,0,0,0,0,0,0,0,0,0,0,0,0,0,0,0,0,0,0,0,0,0,0,0,0,0,0,0,0,0,0,0,0,0,0
"k__Bacteria|p__Actinobacteria|c__Actinobacteria|o__Actinomycetales|f__Actinomycetaceae|g__Actinomyces|s__Actinomyces_oris",0,0,0,0,0,0,0,0,0,0,0,0,0,0,0,0,0,0,0,0,0,0,0,0,0,0,0,0,0,0,0,0,0,0,0,0,0,0,0,0,0,0,0,0,0,0,0,0,0,0,0,0,0,0,0,0,0,0,0,0,0,0,0,6e-04,0,0,0,0,0,0,0,0,0,0,0,0,0,0,0,0,0,0,0,0,0,0,0,0,0,0,0,0,0,0,0,0,0,0,0,0,0,0,0,0,0,0,0,0,0,0,0,0,0,0,0,0,0,0,0,0,0,0,0,0,0,0,0,0,0,0,0,0,0,0,0,0,0,0,0,0,0,0,0,0,0,0,0
"k__Bacteria|p__Actinobacteria|c__Actinobacteria|o__Micrococcales|f__Micrococcaceae|g__Rothia|s__Rothia_aeria",0,0,0,0,0,0,0,0,0,0,0,0,0,0,0,0,0,0,0,0,0,0,0,0,0,0,0,0,0,0,0,0,0,0,0,0,0,0,0,0,0,0,0,0,0,0,0,0,0,0,0,0,0,0,0,0,0,0,0,0,0,0,0,0,0,0,0,0,0,0,0,0,0,0,0,0,0,0,0,0,0,0,0,0,0,0,0,0,0,0,0,0,0,0,0,0,0,0,0,0,0,0,0,0,0,0,0,0,0,0,0,0,0,0,0,0,0,0,0,0,0,0,0,0,0,0,0,0,0,0,0,0,0,0,0,0,0,0,0,0,0,0,0,0,0,0,0
"k__Bacteria|p__Proteobacteria|c__Gammaproteobacteria|o__Pasteurellales|f__Pasteurellaceae|g__Haemophilus|s__Haemophilus_influenzae",0,0,0,0,0,0,0,0,0,0,0,0,0,0,0,0,0,0,0,0,0,0,0,0,0,0,0,0,0,0,0,0,0,0,0,0,0,0,0,0,0,0,0,0,0,0,0,0,0,0,0,0,0,0,0,0,0,0,0,0,0,0,0,0,0,0,0,0,0,0,0,0,0,0,0,0,0,0,0,0,0,0,0,0,0,0,0,0,0,0,0,0,0,0,0,0,0,0,0,0,0,0,0,0,0,0,0,0,0,0,0,0,0,0,0,0,0,0,0,0,0,0,0,0,0,0,0,0,0,0,0,0,0,0,0,0,0,0,0,0,0,0,0,0,0,0,0
"k__Bacteria|p__Proteobacteria|c__Gammaproteobacteria|o__Pasteurellales|f__Pasteurellaceae|g__Haemophilus|s__Haemophilus_quentini",0,0,0,0,0,0,0,0,0,0,0,0,0,0,0,0,0,0,0,0,0,0,0,0,0,0,0,0,0,0,0,0,0,0,0,0,0,0,0,0,0,0,0,0,0,0,0,0,0,0,0,0,0,0,0,0,0,0,0,0,0,0,0,0,0,0,0,0,0,0,0,0,0,0,0,0,0,0,0,0,0,0,0,0,0,0,0,0,0,0,0,0,0,0,0,0,0,0,0,0,0,0,0,0,0,0,0,0,0,0,0,0,0,0,0,0,0,0,0,0,0,0,0,0,0,0,0,0,0,0,0,0,0,0,0,0,0,0,0,0,0,0,0,0,0,0,0
"k__Bacteria|p__Firmicutes|c__Bacilli|o__Lactobacillales|f__Streptococcaceae|g__Streptococcus|s__Streptococcus_cristatus",0,0,0.00314,0,0,0,0,0,0,0,0,0,0,0,0,0,0,0,0,0,0,0,0,0,0,0,0,0,0,0,0,0,0,0,0,0,0,0,0,0,0,0,0,0,0,0,0,0,0,0,0,0,0,0,0,0,0,0,0,0,0,0,0,0,0,0,0,0,0,0,0,0,0,0,0,0,0,0,0,0,0,0,0,0,0,0,0,0,0,0,0,0,0,0,0,0,0,0,0,0,0,0,0,0,0,0,0,0,0,0,0,0,0,0,0,0,0,0,0,0,0,0,0,0,0,0,0,0,0,0,0,0,0,0,0,0,0,0,0,0,0,0,0,0,0,0,0
"k__Bacteria|p__Firmicutes|c__Bacilli|o__Lactobacillales|f__Streptococcaceae|g__Streptococcus|s__Streptococcus_mutans",0,0,0,0,0,0,0,0,0,0,5e-04,0,0,0,0,0,0,0,0,0,0,0,0,0,0,0,0,0,0,0,0,0,0,0,0,0,0,0,0,0,0,0,0,0,0,0,0,0,0,0,0,0,0,0,0,0,0,0,0,0,0,0,0,0,0,0,0,0,0,0,0,0,0,0,0,0,0,0,0,0,0,0,0,0,0,0,0,0,0,0,0,0,0,0,0,0,0,0,0,0,0,0,0,0,0,0,0,0,0,0,0,0,0,0,0,0,0,0,0,0,0,0,0,0,0,0,0,0,0,0,0,0,0,0,0,0,0,0,0,0,0,0,0,0,0,0,0
"k__Bacteria|p__Firmicutes|c__Bacilli|o__Lactobacillales|f__Streptococcaceae|g__Streptococcus|s__Streptococcus_sp_HMSC067H01",0,0,0,0,0,0,0,0,0,0,0,0,0.00088,0,0,0,0,0,0,0,0,0,0,0,0,0,0,0,0,0,0,0,0,0,0,0,0,0,0,0,0,0,0,0,0,0,0,0,0,0,0,0,0,0,0,0,0,0,0,0,0,0,0,0,0,0,0,0,0,0,0,0,0,0,0,0,0,0,0,0,0,0,0,0,0,0,0,0,0,0,0,0,0,0,0,0,0,0,0,0,0,0.0031,0,0,0,0,0,0,0,0,0,0,0,0,0,0,0,0,0,0,0,0,0,0,0,0,0,0,0,0,0,0,0,0,0,0,0,0,0,0,0,0,0,0,0,0,0
"k__Bacteria|p__Actinobacteria|c__Coriobacteriia|o__Coriobacteriales|f__Atopobiaceae|g__Atopobium|s__Atopobium_rimae",0,0,0,0,0,0,0,0,0,0,0,0,0,0,0,0,0,0,0,0,0,0,0,0,0,0,0,0,0,0,0,0,0,0,0,0,0,0,0,0,0,0,0,0,0,0,0,0,0,0,0,0,0,0,0,0,0,0,0,0,0,0,0,0,0,0,0,0,0,0,0,0,0,0,0,0,0,0,0,0,0,0,0,0,0,0,0,0,0,0,0,0,0,0,0,0,0,0,0,0,0,0,0,0,0,0,0,0,0,0,0,0,0,0,0,0,0,0,0,0,0,0,0,0,0,0,0,0,0,0,0,0,0,0,0,0,0,0,0,0,0,0,0,0,0,0,0
"k__Bacteria|p__Proteobacteria|c__Gammaproteobacteria|o__Pasteurellales|f__Pasteurellaceae|g__Haemophilus|s__Haemophilus_haemolyticus",0,0,0,0,0,0,0,0,0,0,0,0,0,0,0,0,0,0,0,0,0,0,0,0,0,0,0,0,0,0,0,0,0,0,0,0,0,0,0,0,0,0,0,0,0,0,0,0,0,0,0,0,0,0,0,0,0,0,0,0,0,0,0,0,0,0,0,0,0,0,0,0,0,0,0,0,0,0,0,0,0,0,0,0,0,0,0,0,0,0,0,0,0,0,0,0,0,0,0,0,0,0,0,0,0,0,0,0,0,0,0,0,0,0,0,0,0,0,0,0,0,0,0,0,0,0,0,0,0,0,0,0,0,0,0,0,0,0,0,0,0,0,0,0,0,0,0
"k__Bacteria|p__Bacteroidetes|c__Flavobacteriia|o__Flavobacteriales|f__Flavobacteriaceae|g__Capnocytophaga|s__Capnocytophaga_granulosa",0,0,0,0,0,0,0,0,0,0,0,0,0,0,0,0,0,0,0,0,0,0,0,0,0,0,0,0,0,0,0,0,0,0,0,0,0,0,0,0,0,0,0,0,0,0,0,0,0,0,0,0,0,0,0,0,0,0,0,0,0,0,0,0,0,0,0,0,0,0,0,0,0,0,0,0,0,0,0,0,0,0,0,0,0,0,0,0,0,0,0,0,0,0,0,0,0,0,0,0,0,0,0,0,0,0,0,0,0,0,0,0,0,0,0,0,0,0,0,0,0,0,0,0,0,0,0,0,0,0,0,0,0,0,0,0,0,0,0,0,0,0,0,0,0,0,0
"k__Bacteria|p__Proteobacteria|c__Betaproteobacteria|o__Neisseriales|f__Neisseriaceae|g__Neisseria|s__Neisseria_sicca",0,0,0,0,0,0,0,0,0,0,0,0,0,0,0,0,0,0,0,0,0,0,0,0,0,0,0,0,0,0,0,0,0,0,0,0,0,0,0,0,0,0,0,0,0,0,0,0,0,0,0,0,0,0,0,0,0,0,0,0,0,0,0,0,0,0,0,0,0,0,0,0,0,0,0,0,0,0,0,0,0,0,0,0,0,0,0,0,0,0,0,0,0,0,0,0,0,0,0,0,0,0,0,0,0,0,0,0,0,0,0,0,0,0,0,0,0,0,0,0,0,0,0,0,0,0,0,0,0,0,0,0,0,0,0,0,0,0,0,0,0,0,0,0,0,0,0
"k__Bacteria|p__Fusobacteria|c__Fusobacteriia|o__Fusobacteriales|f__Leptotrichiaceae|g__Leptotrichia|s__Leptotrichia_hofstadii",0,0,0,0,0,0,0,0,0,0,0,0,0,0,0,0,0,0,0,0,0,0,0,0,0,0,0,0,0,0,0,0,0,0,0,0,0,0,0,0,0,0,0,0,0,0,0,0,0,0,0,0,0,0,0,0,0,0,0,0,0,0,0,0,0,0,0,0,0,0,0,0,0,0,0,0,0,0,0,0,0,0,0,0,0,0,0,0,0,0,0,0,0,0,0,0,0,0,0,0,0,0,0,0,0,0,0,0,0,0,0,0,0,0,0,0,0,0,0,0,0,0,0,0,0,0,0,0,0,0,0,0,0,0,0,0,0,0,0,0,0,0,0,0,0,0,0
"k__Bacteria|p__Proteobacteria|c__Gammaproteobacteria|o__Cardiobacteriales|f__Cardiobacteriaceae|g__Cardiobacterium|s__Cardiobacterium_hominis",0,0,0,0,0,0,0,0,0,0,0,0,0,0,0,0,0,0,0,0,0,0,0,0,0,0,0,0,0,0,0,0,0,0,0,0,0,0,0,0,0,0,0,0,0,0,0,0,0,0,0,0,0,0,0,0,0,0,0,0,0,0,0,0,0,0,0,0,0,0,0,0,0,0,0,0,0,0,0,0,0,0,0,0,0,0,0,0,0,0,0,0,0,0,0,0,0,0,0,0,0,0,0,0,0,0,0,0,0,0,0,0,0,0,0,0,0,0,0,0,0,0,0,0,0,0,0,0,0,0,0,0,0,0,0,0,0,0,0,0,0,0,0,0,0,0,0
"k__Bacteria|p__Bacteroidetes|c__Flavobacteriia|o__Flavobacteriales|f__Flavobacteriaceae|g__Capnocytophaga|s__Capnocytophaga_sputigena",0,0,0,0,0,0,0,0,0,0,0,0,0,0,0,0,0,0,0,0,0,0,0,0,0,0,0,0,0,0,0,0,0,0,0,0,0,0,0,0,0,0,0,0,0,0,0,0,0,0,0,0,0,0,0,0,0,0,0,0,0,0,0,0,0,0,0,0,0,0,0,0,0,0,0,0,0,0,0,0,0,0,0,0,0,0,0,0,0,0,0,0,0,0,0,0,0,0,0,0,0,0,0,0,0,0,0,0,0,0,0,0,0,0,0,0,0,0,0,0,0,0,0,0,0,0,0,0,0,0,0,0,0,0,0,0,0,0,0,0,0,0,0,0,0,0,0
"k__Bacteria|p__Firmicutes|c__Bacilli|o__Lactobacillales|f__Streptococcaceae|g__Streptococcus|s__Streptococcus_sp_HMSC071D03",0,0,0,0,0,0,0,0,0,0,0,0,0,0,0,0,0,0,0,0,0,0,0,0,0,0,0,0,0,0,0,0,0,0,0,0,0,0,0,0,0,0,0,0,0,0,0,0,0,0,0,0,0,0,0,0,0,0,0,0,0,0,0,0,0,0,0,0,0,0,0,0,0,0,0,0,0,0,0,0,0,0,0,0,0,0,0,0,0,0,0,0,0,0,0,0,0,0,0,0,0,0,0,0,0,0,0,0,0,0,0,0,0,0,0,0,0,0,0,0,0,0,0,0,0,0,0,0,0,0.01096,0,0,0,0,0,0,0,0,0,0,0,0,0,0,0,0,0
"k__Bacteria|p__Firmicutes|c__Bacilli|o__Lactobacillales|f__Streptococcaceae|g__Streptococcus|s__Streptococcus_pseudopneumoniae",0,0,0,0,0,0,0,0,0,0,0,0,0,0,0,0,0,0,0,0,0,0,0,0,0,0,0,0,0,0,0,0,0,0,0,0,0,0,0,0,0,0,0,0,0,0,0,0,0,0,0,0,0,0,0,0,0,0,0,0,0,0,0,0,0,0,0,0,0,0,0,0,0,0,0,0,0,0,0,0,0,0,0,0,0,0,0,0,0,0,0,0,0,0,0,0,0,0,0,0,0,0,0,0,0,0,0,0,0,0,0,0,0,0,0,0,0,0,0,0,0,0,0,0,0,0,0,0.00122,0,0,0,0,0,0,0,0,0,0,0,0,0,0,0,0,0,0,0
"k__Bacteria|p__Actinobacteria|c__Actinobacteria|o__Corynebacteriales|f__Corynebacteriaceae|g__Corynebacterium|s__Corynebacterium_durum",0,0,0,0,0,0,0,0,0,0,0,0,0,0,0,0,0,0,0,0,0,0,0,0,0,0,0,0,0,0,0,0,0,0,0,0,0,0,0,0,0,0,0,0,0,0,0,0,0,0,0,0,0,0,0,0,0,0,0,0,0,0,0,0,0,0,0,0,0,0,0,0,0,0,0,0,0,0,0,0,0,0,0,0,0,0,0,0,0,0,0,0,0,0,0,0,0,0,0,0,0,0,0,0,0,0,0,0,0,0,0,0,0,0,0,0,0,0,0,0,0,0,0,0,0,0,0,0,0,0,0,0,0,0,0,0,0,0,0,0,0,0,0,0,0,0,0
"k__Bacteria|p__Bacteroidetes|c__Bacteroidia|o__Bacteroidales|f__Prevotellaceae|g__Prevotella|s__Prevotella_pleuritidis",0,0,0,0,0,0,0,0,0,0,0,0,0,0,0,0,0,0,0,0,0,0,0,0,0,0,0,0,0,0,0,0,0,0,0,0,0,0,0,0,0,0,0,0,0,0,0,0,0,0,0,0,0,0,0,0,0,0,0,0,0,0,0,0,0,0,0,0,0,0,0,0,0,0,0,0,0,0,0,0,0,0,0,0,0,0,0,0,0,0,0,0,0,0,0,0,0,0,0,0,0,0,0,0,0,0,0,0,0,0,0,0,0,0,0,0,0,0,0,0,0,0,0,0,0,0,0,0,0,0,0,0,0,0,0,0,0,0,0,0,0,0,0,0,0,0,0
"k__Bacteria|p__Firmicutes|c__Bacilli|o__Bacillales|f__Bacillales_unclassified|g__Gemella|s__Gemella_morbillorum",0,0,0,0,0,0,0,0,0,0,0.03764,0,0,0,0,0,0,0,0,0,0,0,0,0,0,0,0,0,0,0,0.00035,0,0,0,0,0,0,0,0,0,0,0,0,0,0,0,0,0,0,0,0,0,0,0,0,0,0,0,0,0,0.00067,0,0,0,0,0,0,0,0,0,0,0,0,0,0,0,0,0,0,0,0,0,0,0,0,0,0,0,0,0,0,0,0,0,0,0,0,0,0,0,0,0,0,0,0,0,0,0,0,0,0,0,0,0,0,0,0,0,0,0,0,0,0,0,0,0,0,0,0,0,0,0,0,0,0,0,0,0,0,0,0,0,0,0,0,0,0
"k__Bacteria|p__Proteobacteria|c__Betaproteobacteria|o__Burkholderiales|f__Burkholderiaceae|g__Lautropia|s__Lautropia_mirabilis",0,0,0,0,0,0,0,0,0,0,0,0,0,0,0,0,0,0,0,0,0,0,0,0,0,0,0,0,0,0,0,0,0,0,0,0,0,0,0,0,0,0,0,0,0,0,0,0,0,0,0,0,0,0,0,0,0,0,0,0,0,0,0,0,0,0,0,0,0,0,0,0,0,0,0,0,0,0,0,0,0,0,0,0,0,0,0,0,0,0,0,0,0,0,0,0,0,0,0,0,0,0,0,0,0,0,0,0,0,0,0,0,0,0,0,0,0,0,0,0,0,0,0,0,0,0,0,0,0,0,0,0,0,0,0,0,0,0,0,0,0,0,0,0,0,0,0
"k__Bacteria|p__Bacteroidetes|c__Bacteroidia|o__Bacteroidales|f__Prevotellaceae|g__Alloprevotella|s__Prevotella_sp_oral_taxon_473",0,0,0,0,0,0,0,0,0,0,0,0,0,0,0,0,0,0,0,0,0,0,0,0,0,0,0,0,0,0,0,0,0,0,0,0,0,0,0,0,0,0,0,0,0,0,0,0,0,0,0,0,0,0,0,0,0,0,0,0,0,0,0,0,0,0,0,0,0,0,0,0,0,0,0,0,0,0,0,0,0,0,0,0,0,0,0,0,0,0,0,0,0,0,0,0,0,0,0,0,0,0,0,0,0,0,0,0,0,0,0,0,0,0,0,0,0,0,0,0,0,0,0,0,0,0,0,0,0,0,0,0,0,0,0,0,0,0,0,0,0,0,0,0,0,0,0
"k__Bacteria|p__Proteobacteria|c__Gammaproteobacteria|o__Pasteurellales|f__Pasteurellaceae|g__Aggregatibacter|s__Aggregatibacter_sp_oral_taxon_458",0,0,0,0,0,0,0,0,0,0,0,0,0,0,0,0,0,0,0,0,0,0,0,0,0,0,0,0,0,0,0,0,0,0,0,0,0,0,0,0,0,0,0,0,0,0,0,0,0,0,0,0,0,0,0,0,0,0,0,0,0,0,0,0,0,0,0,0,0,0,0,0,0,0,0,0,0,0,0,0,0,0,0,0,0,0,0,0,0,0,0,0,0,0,0,0,0,0,0,0,0,0,0,0,0,0,0,0,0,0,0,0,0,0,0,0,0,0,0,0,0,0,0,0,0,0,0,0,0,0,0,0,0,0,0,0,0,0,0,0,0,0,0,0,0,0,0
"k__Bacteria|p__Fusobacteria|c__Fusobacteriia|o__Fusobacteriales|f__Leptotrichiaceae|g__Leptotrichia|s__Leptotrichia_sp_oral_taxon_225",0,0,0,0,0,0,0,0,0,0,0,0,0,0,0,0,0,0,0,0,0,0,0,0,0,0,0,0,0,0,0,0,0,0,0,0,0,0,0,0,0,0,0,0,0,0,0,0,0,0,0,0,0,0,0,0,0,0,0,0,0,0,0,0,0,0,0,0,0,0,0,0,0,0,0,0,0,0,0,0,0,0,0,0,0,0,0,0,0,0,0,0,0,0,0,0,0,0,0,0,0,0,0,0,0,0,0,0,0,0,0,0,0,0,0,0,0,0,0,0,0,0,0,0,0,0,0,0,0,0,0,0,0,0,0,0,0,0,0,0,0,0,0,0,0,0,0
"k__Bacteria|p__Fusobacteria|c__Fusobacteriia|o__Fusobacteriales|f__Leptotrichiaceae|g__Leptotrichia|s__Leptotrichia_sp_oral_taxon_498",0,0,0,0,0,0,0,0,0,0,0,0,0,0,0,0,0,0,0,0,0,0,0,0,0,0,0,0,0,0,0,0,0,0,0,0,0,0,0,0,0,0,0,0,0,0,0,0,0,0,0,0,0,0,0,0,0,0,0,0,0,0,0,0,0,0,0,0,0,0,0,0,0,0,0,0,0,0,0,0,0,0,0,0,0,0,0,0,0,0,0,0,0,0,0,0,0,0,0,0,0,0,0,0,0,0,0,0,0,0,0,0,0,0,0,0,0,0,0,0,0,0,0,0,0,0,0,0,0,0,0,0,0,0,0,0,0,0,0,0,0,0,0,0,0,0,0
"k__Bacteria|p__Actinobacteria|c__Actinobacteria|o__Actinomycetales|f__Actinomycetaceae|g__Actinomyces|s__Actinomyces_naeslundii",0,0,0,0,0,0,0,0,0,0,0,0,0,0,0,0,0,0,0,0,0,0,0,0,0,0,0,0,0,0,0,0,0,0,0,0,0,0,0,0,0,0,0,0,0,0,0,0,0,0,0,0,0,0,0,0,0,0,0,0,0,0,0,0,0,0,0,0,0,0,0,0,0,0,0,0,0,0,0,0,0,0,0,0,0,0,0,0,0,0,0,0,0,0,0,0,0,0,0,0,0,0,0,0,0,0,0,0,0,0,0,0,0,0,0,0,0,0,0,0,0,0,0,0,0,0,0,0,0,0,0,0,0,0,0,0,0,0,0,0,0,0,0,0,0,0,0
"k__Bacteria|p__Proteobacteria|c__Gammaproteobacteria|o__Pasteurellales|f__Pasteurellaceae|g__Haemophilus|s__Haemophilus_parahaemolyticus",0,0,0,0,0,0,0,0,0,0,0,0,0,0,0,0,0,0,0,0,0,0,0,0,0,0,0,0,0,0,0,0,0,0,0,0,0,0,0,0,0,0,0,0,0,0,0,0,0,0,0,0,0,0,0,0,0,0,0,0,0,0,0,0,0,0,0,0,0,0,0,0,0,0,0,0,0,0,0,0,0,0,0,0,0,0,0,0,0,0,0,0,0,0,0,0,0,0,0,0,0,0,0,0,0,0,0,0,0,0,0,0,0,0,0,0,0,0,0,0,0,0,0,0,0,0,0,0,0,0,0,0,0,0,0,0,0,0,0,0,0,0,0,0,0,0,0
"k__Bacteria|p__Actinobacteria|c__Actinobacteria|o__Bifidobacteriales|f__Bifidobacteriaceae|g__Bifidobacterium|s__Bifidobacterium_longum",0,0,0,0.08201,0,0.03179,0,0.0437,0.02345,0,0.17208,0,0.22248,0.05846,0.00536,0.00074,0,0,0.27474,0.01572,0,0.08505,0,0.00302,0.14012,0.08952,0.09537,0,0.04184,0.00755,0,0.02322,0.00206,0.04525,0.00803,0.00887,0.038,0.02752,0,0,0,0,0,0.02877,0.01028,2.18983,0,0.04,0,0.00699,0.88857,0.01466,0.04184,0,0.03469,0.18649,0,0.0123,0.26629,0.212,0.18691,0.16914,0.03585,1.47152,0.01584,0.0641,0.05704,0,0,0.00905,0,0,0.04435,0.02059,0.02512,0.00515,0.28482,0.87251,0,0.06302,0.42091,0.00611,0.06732,0,0,0,0,0.02972,0,0.00262,0.04283,0,0.0598,0,0,0.07192,0,0,0.00053,0,0,0,0,0.00607,0.00771,0.00782,0.04843,0.05643,0.00658,0,0.28985,0,0.01041,0.01173,0.05765,0,0.00169,0,0.546,0.02664,0.01517,0.00055,0,0.00186,0.64462,0.05616,0,0.00609,0,0,0.00141,0,0.06712,0,0,0.06016,0.13181,0,0.00907,0.00499,0.07633,0.00702,0.00313,0,0,0.04659,0.00262
"k__Bacteria|p__Bacteroidetes|c__Bacteroidia|o__Bacteroidales|f__Prevotellaceae|g__Prevotella|s__Prevotella_oris",0,0,0,0,0,0,0,0,0,0,0,0,0,0,0,0,0,0,0,0,0,0,0,0,0,0,0,0,0,0,0,0,0,0,0,0,0,0,0,0,0,0,0,0,0,0,0,0,0,0,0,0,0,0,0,0,0,0,0,0,0,0,0,0,0,0,0,0,0,0,0,0,0,0,0,0,0,0,0,0,0,0,0,0,0,0,0,0,0,0,0,0,0,0,0,0,0,0,0,0,0,0,0,0,0,0,0,0,0,0,0,0,0,0,0,0,0,0,0,0,0,0,0,0,0,0,0,0,0,0,0,0,0,0,0,0,0,0,0,0,0,0,0,0,0,0,0
"k__Bacteria|p__Firmicutes|c__Tissierellia|o__Tissierellales|f__Peptoniphilaceae|g__Parvimonas|s__Parvimonas_micra",0,0,0,0,0,0,0,0,0,0,0,0,0,0,0,0,0,0,0,0,0,0,0,0,0,0,0,0,0,0,0,0,0,0,0,0,0,0,0,0,0,0,0,0,0,0.01911,0,0,0,0,0,0,0,0,0,0,0,0,0,0,0.00944,0,0,0,0,0,0,0,0,0,0,0,0,0,0,0,0,0.0138,0,0,0,0,0,0,0.01689,0,0,0,0,0,0,0,0,0,0,0,0,0,0,0,0,0.00073,0,0,0,0,0,0,0,0,0,0,0,0,0,0,0,0,0,0,0,0,0,0,0,0,0,0,0,0,0,0,0,0.027,0,0,0,0,0,0,0,0,0,0,0,0,0
"k__Bacteria|p__Firmicutes|c__Bacilli|o__Lactobacillales|f__Streptococcaceae|g__Streptococcus|s__Streptococcus_pneumoniae",0,0,0,0,0,0,0,0,0,0,0,0,0,0,0,0,0,0,0,0,0,0,0,0,0,0,0,0,0,0,0,0,0,0,0,0,0,0,0,0,0,0,0,0,0,0,0,0,0,0,0,0,0,0,0,0,0,0,0,0,0,0,0,0,0,0,0,0,0,0,0,0,0,0,0,0,0,0,0,0,0,0,0,0,0,0,0,0,0,0,0,0,0,0,0,0,0,0,0,0,0,0,0,0,0,0,0,0,0,0,0,0,0,0,0,0,0,0,0,0,0,0,0,0,0,0,0,0,0,0,0,0,0,0,0,0,0,0,0,0,0,0,0,0,0,0,0
"k__Bacteria|p__Proteobacteria|c__Gammaproteobacteria|o__Pasteurellales|f__Pasteurellaceae|g__Haemophilus|s__Haemophilus_paraphrohaemolyticus",0,0,0,0,0,0,0,0,0,0,0,0,0,0,0,0,0,0,0,0,0,0,0,0,0,0,0,0,0,0,0,0,0,0,0,0,0,0.00389,0,0,0,0,0,0,0,0,0,0,0,0,0,0,0,0,0,0,0,0,0,0,0,0,0,0,0,0,0,0,0,0,0,0,0,0,0,0,0,0,0,0,0,0,0,0,0,0,0,0,0,0,0,0,0,0,0,0,0,0,0,0,0,0,0,0,0,0,0,0,0,0,0,0,0,0,0,0,0,0,0,0,0,0,0,0,0,0,0,0,0,0,0,0,0,0,0,0,0,0,0,0,0,0,0,0,0,0,0
"k__Bacteria|p__Actinobacteria|c__Actinobacteria|o__Corynebacteriales|f__Corynebacteriaceae|g__Corynebacterium|s__Corynebacterium_matruchotii",0,0,0,0,0,0,0,0,0,0,0,0,0,0,0,0,0,0,0,0,0,0,0,0,0,0,0,0,0,0,0,0,0,0,0,0,0,0,0,0,0,0,0,0,0,0,0,0,0,0,0,0,0,0,0,0,0,0,0,0,0,0,0,0,0,0,0,0,0,0,0,0,0,0,0,0,0,0,0,0,0,0,0,0,0,0,0,0,0,0,0,0,0,0,0,0,0,0,0,0,0,0,0,0,0,0,0,0,0,0,0,0,0,0,0,0,0,0,0,0,0,0,0,0,0,0,0,0,0,0,0,0,0,0,0,0,0,0,0,0,0,0,0,0,0,0,0
"k__Bacteria|p__Actinobacteria|c__Actinobacteria|o__Actinomycetales|f__Actinomycetaceae|g__Actinomyces|s__Actinomyces_sp_oral_taxon_170",0,0,0,0,0,0,0,0,0,0,0,0,0,0,0,0,0,0,0,0,0,0,0,0,0,0,0,0,0,0,0,0,0,0,0,0,0,0,0,0,0,0,0,0,0,0,0,0,0,0,0,0,0,0,0,0,0,0,0,0,0,0,0,0,0,0,0,0,0,0,0,0,0,0,0,0,0,0,0,0,0,0,0,0,0,0,0,0,0,0,0,0,0,0,0,0,0,0,0,0,0,0,0,0,0,0,0,0,0,0,0,0,0,0,0,0,0,0,0,0,0,0,0,0,0,0,0,0,0,0,0,0,0,0,0,0,0,0,0,0,0,0,0,0,0,0,0
"k__Bacteria|p__Actinobacteria|c__Actinobacteria|o__Actinomycetales|f__Actinomycetaceae|g__Actinobaculum|s__Actinobaculum_sp_oral_taxon_183",0,0,0,0,0,0,0,0,0,0,0,0,0,0,0,0,0,0,0,0,0,0,0,0,0,0,0,0,0,0,0,0,0,0,0,0,0,0,0,0,0,0,0,0,0,0,0,0,0,0,0,0,0,0,0,0,0,0,0,0,0,0,0,0,0,0,0,0,0,0,0,0,0,0,0,0,0,0,0,0,0,0,0,0,0,0,0,0,0,0,0,0,0,0,0,0,0,0,0,0,0,0,0,0,0,0,0,0,0,0,0,0,0,0,0,0,0,0,0,0,0,0,0,0,0,0,0,0,0,0,0,0,0,0,0,0,0,0,0,0,0,0,0,0,0,0,0
"k__Bacteria|p__Actinobacteria|c__Actinobacteria|o__Actinomycetales|f__Actinomycetaceae|g__Actinomyces|s__Actinomyces_massiliensis",0,0,0,0,0,0,0,0,0,0,0,0,0,0,0,0,0,0,0,0,0,0,0,0,0,0,0,0,0,0,0,0,0,0,0,0,0,0,0,0,0,0,0,0,0,0,0,0,0,0,0,0,0,0,0,0,0,0,0,0,0,0,0,0,0,0,0,0,0,0,0,0,0,0,0,0,0,0,0,0,0,0,0,0,0,0,0,0,0,0,0,0,0,0,0,0,0,0,0,0,0,0,0,0,0,0,0,0,0,0,0,0,0,0,0,0,0,0,0,0,0,0,0,0,0,0,0,0,0,0,0,0,0,0,0,0,0,0,0,0,0,0,0,0,0,0,0
"k__Bacteria|p__Proteobacteria|c__Epsilonproteobacteria|o__Campylobacterales|f__Campylobacteraceae|g__Campylobacter|s__Campylobacter_gracilis",0,0,0,0,0,0,0,0,0,0,0,0,0,0,0,0,0,0,0,0,0,0,0,0,0,0,0,0,0,0,0,0,0,0,0,0,0,0,0,0,0,0,0,0,0,0,0,0,0,0,0,0,0,0,0,0,0,0,0,0,0,0,0,0,0,0,0,0,0,0,0,0,0,0,0,0,0,0,0,0,0,0,0,0,0,0,0,0,0,0,0,0,0,0,0,0,0,0,0,0,0,0,0,0,0,0,0,0,0,0,0,0,0,0,0,0,0,0,0,0,0,0,0,0,0,0,0,0,0,0,0,0,0,0,0,0,0,0,0,0,0,0,0,0,0,0,0
"k__Bacteria|p__Bacteroidetes|c__Flavobacteriia|o__Flavobacteriales|f__Flavobacteriaceae|g__Capnocytophaga|s__Capnocytophaga_sp_oral_taxon_863",0,0,0,0,0,0,0,0,0,0,0,0,0,0,0,0,0,0,0,0,0,0,0,0,0,0,0,0,0,0,0,0,0,0,0,0,0,0,0,0,0,0,0,0,0,0,0,0,0,0,0,0,0,0,0,0,0,0,0,0,0,0,0,0,0,0,0,0,0,0,0,0,0,0,0,0,0,0,0,0,0,0,0,0,0,0,0,0,0,0,0,0,0,0,0,0,0,0,0,0,0,0,0,0,0,0,0,0,0,0,0,0,0,0,0,0,0,0,0,0,0,0,0,0,0,0,0,0,0,0,0,0,0,0,0,0,0,0,0,0,0,0,0,0,0,0,0
"k__Bacteria|p__Proteobacteria|c__Betaproteobacteria|o__Neisseriales|f__Neisseriaceae|g__Eikenella|s__Eikenella_corrodens",0,0,0,0,0,0,0,0,0,0,0,0,0,0,0,0,0,0,0,0,0,0,0,0,0,0,0,0,0,0,0,0,0,0,0,0,0,0,0,0,0,0,0,0,0,0,0,0,0,0,0,0,0,0,0,0,0,0,0,0,0,0,0,0,0,0,0,0,0,0,0,0,0,0,0,0,0,0,0,0,0,0,0,0,0,0,0,0,0,0,0,0,0,0,0,0,0,0,0,0,0,0,0,0,0,0,0,0,0,0,0,0,0,0,0,0,0,0,0,0,0,0,0,0,0,0,0,0,0,0,0,0,0,0,0,0,0,0,0,0,0,0,0,0,0,0,0
"k__Bacteria|p__Proteobacteria|c__Gammaproteobacteria|o__Cardiobacteriales|f__Cardiobacteriaceae|g__Cardiobacterium|s__Cardiobacterium_valvarum",0,0,0,0,0,0,0,0,0,0,0,0,0,0,0,0,0,0,0,0,0,0,0,0,0,0,0,0,0,0,0,0,0,0,0,0,0,0,0,0,0,0,0,0,0,0,0,0,0,0,0,0,0,0,0,0,0,0,0,0,0,0,0,0,0,0,0,0,0,0,0,0,0,0,0,0,0,0,0,0,0,0,0,0,0,0,0,0,0,0,0,0,0,0,0,0,0,0,0,0,0,0,0,0,0,0,0,0,0,0,0,0,0,0,0,0,0,0,0,0,0,0,0,0,0,0,0,0,0,0,0,0,0,0,0,0,0,0,0,0,0,0,0,0,0,0,0
"k__Bacteria|p__Actinobacteria|c__Actinobacteria|o__Propionibacteriales|f__Propionibacteriaceae|g__Pseudopropionibacterium|s__Pseudopropionibacterium_propionicum",0,0,0,0,0,0,0,0,0,0,0,0,0,0,0,0,0,0,0,0,0,0,0,0,0,0,0,0,0,0,0,0,0,0,0,0,0,0,0,0,0,0,0,0,0,0,0,0,0,0,0,0,0,0,0,0,0,0,0,0,0,0,0,0,0,0,0,0,0,0,0,0,0,0,0,0,0,0,0,0,0,0,0,0,0,0,0,0,0,0,0,0,0,0,0,0,0,0,0,0,0,0,0,0,0,0,0,0,0,0,0,0,0,0,0,0,0,0,0,0,0,0,0,0,0,0,0,0,0,0,0,0,0,0,0,0,0,0,0,0,0,0,0,0,0,0,0
"k__Bacteria|p__Actinobacteria|c__Actinobacteria|o__Actinomycetales|f__Actinomycetaceae|g__Actinomyces|s__Actinomyces_viscosus",0,0,0,0,0,0,0,0,0,0,0,0,0,0,0,0,0,0,0,0,0,0,0,0,0,0,0,0,0,0,0,0,0,0,0,0,0,0,0,0,0,0,0,0,0,0,0,0,0,0,0,0,0,0,0,0,0,0,0,0,0,0,0,0,0,0,0,0,0,0,0,0,0,0,0,0,0,0,0,0,0,0,0,0,0,0,0,0,0,0,0,0,0,0,0,0,0,0,0,0,0,0,0,0,0,0,0,0,0,0,0,0,0,0,0,0,0,0,0,0,0,0,0,0,0,0,0,0,0,0,0,0,0,0,0,0,0,0,0,0,0,0,0,0,0,0,0
"k__Bacteria|p__Proteobacteria|c__Epsilonproteobacteria|o__Campylobacterales|f__Campylobacteraceae|g__Campylobacter|s__Campylobacter_showae",0,0,0,0,0,0,0,0,0,0,0,0,0,0,0,0,0,0,0,0,0,0,0,0,0,0,0,0,0,0,0,0,0,0,0,0,0,0,0,0,0,0,0,0,0,0,0,0,0,0,0,0,0,0,0,0,0,0,0,0,0,0,0,0,0,0,0,0,0,0,0,0,0,0,0,0,0,0,0,0,0,0,0,0,0,0,0,0,0,0,0,0,0,0,0,0,0,0,0,0,0,0,0,0,0,0,0,0,0,0,0,0,0,0,0,0,0,0,0,0,0,0,0,0,0,0,0,0,0,0,0,0,0,0,0,0,0,0,0,0,0,0,0,0,0,0,0
"k__Bacteria|p__Actinobacteria|c__Actinobacteria|o__Actinomycetales|f__Actinomycetaceae|g__Actinomyces|s__Actinomyces_johnsonii",0,0,0,0,0,0,0,0,0,0,0,0,0,0,0,0,0,0,0,0,0,0,0,0,0,0,0,0,0,0,0,0,0,0,0,0,0,0,0,0,0,0,0,0,0,0,0,0,0,0,0,0,0,0,0,0,0,0,0,0,0,0,0,0,0,0,0,0,0,0,0,0,0,0,0,0,0,0,0,0,0,0,0,0,0,0,0,0,0,0,0,0,0,0,0,0,0,0,0,0,0,0,0,0,0,0,0,0,0,0,0,0,0,0,0,0,0,0,0,0,0,0,0,0,0,0,0,0,0,0,0,0,0,0,0,0,0,0,0,0,0,0,0,0,0,0,0
"k__Bacteria|p__Bacteroidetes|c__Bacteroidia|o__Bacteroidales|f__Prevotellaceae|g__Prevotella|s__Prevotella_loescheii",0,0,0,0,0,0,0,0,0,0,0,0,0,0,0,0,0,0,0,0,0,0,0,0,0,0,0,0,0,0,0,0,0,0,0,0,0,0,0,0,0,0,0,0,0,0,0,0,0,0,0,0,0,0,0,0,0,0,0,0,0,0,0,0,0,0,0,0,0,0,0,0,0,0,0,0,0,0,0,0,0,0,0,0,0,0,0,0,0,0,0,0,0,0,0,0,0,0,0,0,0,0,0,0,0,0,0,0,0,0,0,0,0,0,0,0,0,0,0,0,0,0,0,0,0,0,0,0,0,0,0,0,0,0,0,0,0,0,0,0,0,0,0,0,0,0,0
"k__Bacteria|p__Firmicutes|c__Bacilli|o__Lactobacillales|f__Streptococcaceae|g__Streptococcus|s__Streptococcus_sp_oral_taxon_056",0,0,0,0,0,0,0,0,0,0,0,0,0,0,0,0,0,0,0,0,0,0,0,0,0,0,0,0,0,0,0,0,0,0,0,0,0,0,0,0,0,0,0,0,0,0,0,0,0,0,0,0,0,0,0,0,0,0,0,0,0,0,0,0,0,0,0,0,0,0,0,0,0,0,0,0,0,0,0,0,0,0,0,0,0,0,0,0,0,0,0,0,0,0,0,0,0,0,0,0,0,0,0,0,0,0,0,0,0,0,0,0,0,0,0,0,0,0,0,0,0,0,0,0,0,0,0,0,0,0,0,0,0,0,0,0,0,0,0,0,0,0,0,0,0,0,0
"k__Bacteria|p__Firmicutes|c__Clostridia|o__Clostridiales|f__Clostridiales_Family_XIII_Incertae_Sedis|g__Clostridiales_Family_XIII_Incertae_Sedis_unclassified|s__Eubacterium_brachy",0,0,0,0,0,0,0,0,0,0,0,0,0,0,0,0,0,0,0,0,0,0,0,0,0,0,0,0,0,0,0,0,0,0.0015,0,0,0,0,0,0,0,0,0,0,0,0,0,0,0,0,0,0,0,0,0,0,0,0,0,0,0,0,0,0,0,0,0,0,0,0,0,0,0,0,0,0,0,0,0,0,0,0,0,0,0,0,0,0,0,0,0,0,0,0,0,0,0,0,0,0,0,0,0,0,0,0,0,0,0,0,0,0,0,0,0,0,0,0,0,0,0,0,0,0,0,0,0,0,0,0,0,0,0,0,0,0,0,0,0,0,0,0,0,0,0,0,0
"k__Bacteria|p__Firmicutes|c__Bacilli|o__Lactobacillales|f__Aerococcaceae|g__Abiotrophia|s__Abiotrophia_defectiva",0,0,0,0,0,0,0,0,0,0,0,0,0,0,0,0,0,0,0,0,0,0,0,0,0,0,0,0,0,0,0,0,0,0,0,0,0,0,0,0,0,0,0,0,0,0,0,0,0,0,0,0,0,0,0,0,0,0,0,0,0,0,0,0,0,0,0,0,0,0,0,0,0,0,0,0,0,0,0,0,0,0,0,0,0,0,0,0,0,0,0,0,0,0,0,0,0,0,0,0,0,0,0,0,0,0,0,0,0,0,0,0,0,0,0,0,0,0,0,0,0,0,0,0,0,0,0,0,0,0,0,0,0,0,0,0,0,0,0,0,0,0,0,0,0,0,0
"k__Bacteria|p__Bacteroidetes|c__Flavobacteriia|o__Flavobacteriales|f__Flavobacteriaceae|g__Capnocytophaga|s__Capnocytophaga_ochracea",0,0,0,0,0,0,0,0,0,0,0,0,0,0,0,0,0,0,0,0,0,0,0,0,0,0,0,0,0,0,0,0,0,0,0,0,0,0,0,0,0,0,0,0,0,0,0,0,0,0,0,0,0,0,0,0,0,0,0,0,0,0,0,0,0,0,0,0,0,0,0,0,0,0,0,0,0,0,0,0,0,0,0,0,0,0,0,0,0,0,0,0,0,0,0,0,0,0,0,0,0,0,0,0,0,0,0,0,0,0,0,0,0,0,0,0,0,0,0,0,0,0,0,0,0,0,0,0,0,0,0,0,0,0,0,0,0,0,0,0,0,0,0,0,0,0,0
"k__Bacteria|p__Firmicutes|c__Bacilli|o__Lactobacillales|f__Streptococcaceae|g__Streptococcus|s__Streptococcus_anginosus_group",0,0,0,0,0,0,0,0,0,0,0.00801,0,0,0,0,0,0,0,0,0,0,0,0,0,0,0,0,0,0,0,0,0,0,0,0,0,0,0,0,0,0,0,0,0,0,0,0,0,0,0,0,0,0,0,0,0.00039,0,0,0,0,0,0,0,0,0,0,0,0,0,0,0,0,0,0,0,0,0,0,0,0,0,0,0,0,0,0,0,0,0,0,0,0,0,0,0,0,0,0,0,0,0,0,0,0,0,0,0,0,0,0,0,0,0,0,0,0,0,0,0,0,0,0,0,0,0,0,0,0,0,0,0,0,0,0.00217,0,0,0,0,0,0,0,0,0,0,0,0,0
"k__Bacteria|p__Actinobacteria|c__Actinobacteria|o__Actinomycetales|f__Actinomycetaceae|g__Actinomyces|s__Actinomyces_meyeri",0,0,0,0,0,0,0,0,0,0,0,0,0,0,0,0,0,0,0,0,0,0,0,0,0,0,0,0,0,0,0,0,0,0,0,0,0,0,0,0,0,0,0,0,0,0,0,0,0,0,0,0,0,0,0,0,0,0,0,0,0,0,0,0,0,0,0,0,0,0,0,0,0,0,0,0,0,0,0,0,0,0,0,0,0,0,0,0,0,0,0,0,0,0,0,0,0,0,0,0,0,0,0,0,0,0,0,0,0,0,0,0,0,0,0,0,0,0,0,0,0,0,0,0,0,0,0,0,0,0,0,0,0,0,0,0,0,0,0,0,0,0,0,0,0,0,0
"k__Bacteria|p__Actinobacteria|c__Actinobacteria|o__Actinomycetales|f__Actinomycetaceae|g__Actinomyces|s__Actinomyces_sp_oral_taxon_448",0,0,0,0,0,0,0,0,0,0,0,0,0,0,0,0,0,0,0,0,0,0,0,0,0,0,0,0,0,0,0,0,0,0,0,0,0,0,0,0,0,0,0,0,0,0,0,0,0,0,0,0,0,0,0,0,0,0,0,0,0,0,0,0,0,0,0,0,0,0,0,0,0,0,0,0,0,0,0,0,0,0,0,0,0,0,0,0,0,0,0,0,0,0,0,0,0,0,0,0,0,0,0,0,0,0,0,0,0,0,0,0,0,0,0,0,0,0,0,0,0,0,0,0,0,0,0,0,0,0,0,0,0,0,0,0,0,0,0,0,0,0,0,0,0,0,0
"k__Bacteria|p__Proteobacteria|c__Betaproteobacteria|o__Neisseriales|f__Neisseriaceae|g__Eikenella|s__Eikenella_sp_NML130454",0,0,0,0,0,0,0,0,0,0,0,0,0,0,0,0,0,0,0,0,0,0,0,0,0,0,0,0,0,0,0,0,0,0,0,0,0,0,0,0,0,0,0,0,0,0,0,0,0,0,0,0,0,0,0,0,0,0,0,0,0,0,0,0,0,0,0,0,0,0,0,0,0,0,0,0,0,0,0,0,0,0,0,0,0,0,0,0,0,0,0,0,0,0,0,0,0,0,0,0,0,0,0,0,0,0,0,0,0,0,0,0,0,0,0,0,0,0,0,0,0,0,0,0,0,0,0,0,0,0,0,0,0,0,0,0,0,0,0,0,0,0,0,0,0,0,0
"k__Bacteria|p__Firmicutes|c__Negativicutes|o__Selenomonadales|f__Selenomonadaceae|g__Selenomonas|s__Selenomonas_noxia",0,0,0,0,0,0,0,0,0,0,0,0,0,0,0,0,0,0,0,0,0,0,0,0,0,0,0,0,0,0,0,0,0,0,0,0,0,0,0,0,0,0,0,0,0,0,0,0,0,0,0,0,0,0,0,0,0,0,0,0,0,0,0,0,0,0,0,0,0,0,0,0,0,0,0,0,0,0,0,0,0,0,0,0,0,0,0,0,0,0,0,0,0,0,0,0,0,0,0,0,0,0,0,0,0,0,0,0,0,0,0,0,0,0,0,0,0,0,0,0,0,0,0,0,0,0,0,0,0,0,0,0,0,0,0,0,0,0,0,0,0,0,0,0,0,0,0
"k__Bacteria|p__Firmicutes|c__Clostridia|o__Clostridiales|f__Lachnospiraceae|g__Oribacterium|s__Oribacterium_sp_oral_taxon_078",0,0,0,0,0,0,0,0,0,0,0,0,0,0,0,0,0,0,0,0,0,0,0,0,0,0,0,0,0,0,0,0,0,0,0,0,0,0,0,0,0,0,0,0,0,0,0,0,0,0,0,0,0,0,0,0,0,0,0,0,0,0,0,0,0,0,0,0,0,0,0,0,0,0,0,0,0,0,0,0,0,0,0,0,0,0,0,0,0,0,0,0,0,0,0,0,0,0,0,0,0,0,0,0,0,0,0,0,0,0,0,0,0,0,0,0,0,0,0,0,0,0,0,0,0,0,0,0,0,0,0,0,0,0,0,0,0,0,0,0,0,0,0,0,0,0,0
"k__Bacteria|p__Firmicutes|c__Bacilli|o__Lactobacillales|f__Aerococcaceae|g__Abiotrophia|s__Abiotrophia_sp_HMSC24B09",0,0,0,0,0,0,0,0,0,0,0,0,0,0,0,0,0,0,0,0,0,0,0,0,0,0,0,0,0,0,0,0,0,0,0,0,0,0,0,0,0,0,0,0,0,0,0,0,0,0,0,0,0,0,0,0,0,0,0,0,0,0,0,0,0,0,0,0,0,0,0,0,0,0,0,0,0,0,0,0,0,0,0,0,0,0,0,0,0,0,0,0,0,0,0,0,0,0,0,0,0,0,0,0,0,0,0,0,0,0,0,0,0,0,0,0,0,0,0,0,0,0,0,0,0,0,0,0,0,0,0,0,0,0,0,0,0,0,0,0,0,0,0,0,0,0,0
"k__Bacteria|p__Fusobacteria|c__Fusobacteriia|o__Fusobacteriales|f__Leptotrichiaceae|g__Leptotrichia|s__Leptotrichia_sp_oral_taxon_879",0,0,0,0,0,0,0,0,0,0,0,0,0,0,0,0,0,0,0,0,0,0,0,0,0,0,0,0,0,0,0,0,0,0,0,0,0,0,0,0,0,0,0,0,0,0,0,0,0,0,0,0,0,0,0,0,0,0,0,0,0,0,0,0,0,0,0,0,0,0,0,0,0,0,0,0,0,0,0,0,0,0,0,0,0,0,0,0,0,0,0,0,0,0,0,0,0,0,0,0,0,0,0,0,0,0,0,0,0,0,0,0,0,0,0,0,0,0,0,0,0,0,0,0,0,0,0,0,0,0,0,0,0,0,0,0,0,0,0,0,0,0,0,0,0,0,0
"k__Bacteria|p__Proteobacteria|c__Gammaproteobacteria|o__Pasteurellales|f__Pasteurellaceae|g__Aggregatibacter|s__Aggregatibacter_actinomycetemcomitans",0,0,0,0,0,0,0,0,0,0,0,0,0,0,0,0,0,0,0,0,0,0,0,0,0,0,0,0,0,0,0,0,0,0,0,0,0,0,0,0,0,0,0,0,0,0,0,0,0,0,0,0,0,0,0,0,0,0,0,0,0,0,0,0,0,0,0,0,0,0,0,0,0,0,0,0,0,0,0,0,0,0,0,0,0,0,0,0,0,0,0,0,0,0,0,0,0,0,0,0,0,0,0,0,0,0,0,0,0,0,0,0,0,0,0,0,0,0,0,0,0,0,0,0,0,0,0,0,0,0,0,0,0,0,0,0,0,0,0,0,0,0,0,0,0,0,0
"k__Bacteria|p__Actinobacteria|c__Actinobacteria|o__Actinomycetales|f__Actinomycetaceae|g__Actinomyces|s__Actinomyces_sp_oral_taxon_180",0,0,0,0,0,0,0,0,0,0,0,0,0,0,0,0,0,0,0,0,0,0,0,0,0,0,0,0,0,0,0,0,0,0,0,0,0,0,0,0,0,0,0,0,0,0,0,0,0,0,0,0,0,0,0,0,0,0,0,0,0,0,0,0,0,0,0,0,0,0,0,0,0,0,0,0,0,0,0,0,0,0,0,0,0,0,0,0,0,0,0,0,0,0,0,0,0,0,0,0,0,0,0,0,0,0,0,0,0,0,0,0,0,0,0,0,0,0,0,0,0,0,0,0,0,0,0,0,0,0,0,0,0,0,0,0,0,0,0,0,0,0,0,0,0,0,0
"k__Bacteria|p__Proteobacteria|c__Gammaproteobacteria|o__Pasteurellales|f__Pasteurellaceae|g__Aggregatibacter|s__Aggregatibacter_segnis",0,0,0,0,0,0,0,0,0,0,0,0,0,0,0,0,0,0,0,0,0,0,0,0,0,0,0,0,0,0,0,0,0,0.00195,0,0,0,0,0,0,0,0,0,0,0,0,0,0,0,0,0,0,0,0,0,0,0,0,0,0,0,0,0,0,0,0,0,0,0,0,0,0,0,0,0,0,0,0,0,0,0,0,0,0,0,0,0,0,0,0,0,0,0,0,0,0,0,0,0,0,0,0,0,0,0,0,0,0,0,0,0,0,0,0,0,0,0,0,0,0,0,0,0,0,0,0,0,0,0,0,0,0,0,0,0,0,0,0,0,0,0,0,0,0,0,0,0
"k__Bacteria|p__Actinobacteria|c__Actinobacteria|o__Actinomycetales|f__Actinomycetaceae|g__Actinomyces|s__Actinomyces_denticolens",0,0,0,0,0,0,0,0,0,0,0,0,0,0,0,0,0,0,0,0,0,0,0,0,0,0,0,0,0,0,0,0,0,0,0,0,0,0,0,0,0,0,0,0,0,0,0,0,0,0,0,0,0,0,0,0,0,0,0,0,0,0,0,0,0,0,0,0,0,0,0,0,0,0,0,0,0,0,0,0,0,0,0,0,0,0,0,0,0,0,0,0,0,0,0,0,0,0,0,0,0,0,0,0,0,0,0,0,0,0,0,0,0,0,0,0,0,0,0,0,0,0,0,0,0,0,0,0,0,0,0,0,0,0,0,0,0,0,0,0,0,0,0,0,0,0,0
"k__Bacteria|p__Firmicutes|c__Negativicutes|o__Selenomonadales|f__Selenomonadaceae|g__Selenomonas|s__Selenomonas_infelix",0,0,0,0,0,0,0,0,0,0,0,0,0,0,0,0,0,0,0,0,0,0,0,0,0,0,0,0,0,0,0,0,0,0,0,0,0,0,0,0,0,0,0,0,0,0,0,0,0,0,0,0,0,0,0,0,0,0,0,0,0,0,0,0,0,0,0,0,0,0,0,0,0,0,0,0,0,0,0,0,0,0,0,0,0,0,0,0,0,0,0,0,0,0,0,0,0,0,0,0,0,0,0,0,0,0,0,0,0,0,0,0,0,0,0,0,0,0,0,0,0,0,0,0,0,0,0,0,0,0,0,0,0,0,0,0,0,0,0,0,0,0,0,0,0,0,0
"k__Bacteria|p__Proteobacteria|c__Betaproteobacteria|o__Neisseriales|f__Neisseriaceae|g__Kingella|s__Kingella_denitrificans",0,0,0,0,0,0,0,0,0,0,0,0,0,0,0,0,0,0,0,0,0,0,0,0,0,0,0,0,0,0,0,0,0,0,0,0,0,0,0,0,0,0,0,0,0,0,0,0,0,0,0,0,0,0,0,0,0,0,0,0,0,0,0,0,0,0,0,0,0,0,0,0,0,0,0,0,0,0,0,0,0,0,0,0,0,0,0,0,0,0,0,0,0,0,0,0,0,0,0,0,0,0,0,0,0,0,0,0,0,0,0,0,0,0,0,0,0,0,0,0,0,0,0,0,0,0,0,0,0,0,0,0,0,0,0,0,0,0,0,0,0,0,0,0,0,0,0
"k__Bacteria|p__Bacteroidetes|c__Flavobacteriia|o__Flavobacteriales|f__Flavobacteriaceae|g__Capnocytophaga|s__Capnocytophaga_sp_oral_taxon_338",0,0,0,0,0,0,0,0,0,0,0,0,0,0,0,0,0,0,0,0,0,0,0,0,0,0,0,0,0,0,0,0,0,0,0,0,0,0,0,0,0,0,0,0,0,0,0,0,0,0,0,0,0,0,0,0,0,0,0,0,0,0,0,0,0,0,0,0,0,0,0,0,0,0,0,0,0,0,0,0,0,0,0,0,0,0,0,0,0,0,0,0,0,0,0,0,0,0,0,0,0,0,0,0,0,0,0,0,0,0,0,0,0,0,0,0,0,0,0,0,0,0,0,0,0,0,0,0,0,0,0,0,0,0,0,0,0,0,0,0,0,0,0,0,0,0,0
"k__Bacteria|p__Firmicutes|c__Bacilli|o__Bacillales|f__Staphylococcaceae|g__Staphylococcus|s__Staphylococcus_argenteus",0,0,0,0,0,0,0,0,0,0,0,0,0,0,0,0,0,0,0,0,0,0,0,0,0,0,0,0,0,0,0,0,0,0,0,0,0,0,0,0,0,0,0,0,0,0,0,0,0,0,0,0,0,0,0,0,0,0,0,0,0,0,0,0,0,0,0,0,0,0,0,0,0,0,0,0,0,0,0,0,0,0,0,0,0,0,0,0,0,0,0,0,0,0,0,0,0,0,0,0,0,0,0,0,0,0,0,0,0,0,0,0,0,0,0,0,0,0,0,0,0,0,0,0,0,0,0,0,0,0,0,0,0,0,0,0,0,0,0,0,0,0,0,0,0,0,0
"k__Bacteria|p__Firmicutes|c__Bacilli|o__Bacillales|f__Staphylococcaceae|g__Staphylococcus|s__Staphylococcus_epidermidis",0,0,0,0,0,0,0,0,0,0,0,0,0,0,0,0,0,0,0,0,0,0,0,0,0,0,0,0,0,0,0,0,0,0,0,0,0,0,0,0,0,0,0,0,0,0,0,0,0,0,0,0,0,0,0,0,0,0,0,0,0,0,0,0,0,0,0,0,0,0,0,0,0,0,0,0,0,0,0,0,0,0,0,0,0,0,0,0,0,0,0,0,0,0,0,0,0,0,0,0,0,0,0,0,0,0,0,0,0,0,0,0,0,0,0,0,0,0,0,0,0,0,0,0,0,0,0,0,0,0,0,0,0,0,0,0,0,0,0,0,0,0,0,0,0,0,0
"k__Bacteria|p__Actinobacteria|c__Actinobacteria|o__Propionibacteriales|f__Propionibacteriaceae|g__Cutibacterium|s__Cutibacterium_acnes",0,0,0,0,0,0,0,0.02699,0,0,0,0,0,0,0,0,0,0,0,0,0.00933,0,0,0,0,0.02503,0,0,0,0,0,0.01382,0,0,0,0,0,0.00576,0,0,0,0,0,0,0,0,0,0,0,0,0,0,0,0,0,0,0,0,0,0.00666,0,0,0,0,0,0,0,0,0,0,0,0,0,0,0,0,0,0,0,0,0,0,0,0,0,0,0,0,0,0,0,0,0,0,0,0,0,0,0,0,0,0.00856,0.00234,0,0,0.00067,0,0,0,0,0,0,0,0,0,0,0.00178,0.00288,0,0,0,0,0,0,0,0,0,0,0,0,0,0,0,0,0,0,0,0,0,0,0,0,0,0,0,0,0
"k__Bacteria|p__Actinobacteria|c__Actinobacteria|o__Corynebacteriales|f__Corynebacteriaceae|g__Corynebacterium|s__Corynebacterium_accolens",0,0,0,0,0,0,0,0,0,0,0,0,0,0,0,0,0,0,0,0,0,0,0,0,0,0,0,0,0,0,0,0,0,0,0,0,0,0,0,0,0,0,0,0,0,0,0,0,0,0,0,0,0,0,0,0,0,0,0,0,0,0,0,0,0,0,0,0,0,0,0,0,0,0,0,0,0,0,0,0,0,0,0,0,0,0,0,0,0,0,0,0,0,0,0,0,0,0,0,0,0,0,0,0,0,0,0,0,0,0,0,0,0,0,0,0,0,0,0,0,0,0,0,0,0,0,0,0,0,0,0,0,0,0,0,0,0,0,0,0,0,0,0,0,0,0,0
"k__Bacteria|p__Proteobacteria|c__Gammaproteobacteria|o__Enterobacterales|f__Enterobacteriaceae|g__Escherichia|s__Escherichia_coli",0,0,0.00714,0.08319,0,0.0016,0.02396,0,0.00282,0,0.62009,0.28559,0.0885,0.01922,0.02064,0,0.14352,0,0,0.00182,0,0.00085,0.01949,0,0.15158,0,0,0,0.00336,0,0.03822,0,0.0229,0.01765,0.03892,0.03384,0,0,0,0,0,0,0,0.06578,0.00246,0.23739,97.75588,0.00049,0,0,0,0.95536,0.01411,0,0.00224,2.43816,0,0.01852,0,0.17123,0,0,0.01632,0.03193,0,0.06041,0,0,0,0,0.45349,0.03405,0,0,0.07682,0,0.04487,0.16869,0,0,0,0.01207,0,0.00136,0.13242,0,0.00755,0.00387,0.06813,0.05167,0.05249,0,0.00481,0.11016,0.04521,0.00368,0,0,0.01518,0,0.00561,0,0.03005,0,0,0,0,0,0.00099,0.00955,0,0,0,0,0.01367,0,0,0,0.0081,0.19633,0,0,0,0,0,0.0804,0.00857,0.00162,0.01427,0.20075,0,0,0,0.2687,0,0.00373,0,0,0.01105,0.03253,0.27776,0,0,0,0.16875,0.11264,0.06662
"k__Bacteria|p__Proteobacteria|c__Gammaproteobacteria|o__Pasteurellales|f__Pasteurellaceae|g__Haemophilus|s__Haemophilus_sp_HMSC71H05",0,0,0,0,0,0,0,0,0,0,0,0.01381,0,0.00492,0,0.00255,0,0,0,0,0,0,0.00035,0,0,0,0,0,0,0,0,0.00238,0,0.02124,0,0,0,0,0,0,0.00481,0,0,0,0.01173,0,0,0,0,0,0.00261,0,0,0.01183,0,0,0.00048,0,0,0.00331,0.00871,0,0,0,0,0,0,0,0,0,0.0017,0,0,0,0,0,0,0,0,0.22219,0,0,0,0,0,0,0,0,0,0.00294,0,0,0,0,0,0,0.00032,0,0,0,0.06077,0,0,0,0,0,0,0,0,0,0.00352,0,0,0,0,0,0,0,0,0,0,0,0,0,0.00652,0,0,0.00377,0.04751,0.0247,0,0.00459,0,0,0,0.07162,0,0,0,0,0.0026,0.00296,0,0,0,0,0.00252
"k__Bacteria|p__Actinobacteria|c__Actinobacteria|o__Propionibacteriales|f__Propionibacteriaceae|g__Cutibacterium|s__Propionibacterium_namnetense",0,0,0,0,0,0,0,0,0,0,0,0,0,0,0,0,0,0,0,0,0,0,0,0,0,0,0,0,0,0,0,0,0,0,0,0,0,0,0,0,0,0,0,0,0,0,0,0,0,0,0,0,0,0,0,0,0,0,0,0,0,0,0,0,0,0,0,0,0,0,0,0,0,0,0,0,0,0,0,0,0,0,0,0,0,0,0,0,0,0,0,0,0,0,0,0,0,0,0,0,0,0,0,0,0,0,0,0,0,0,0,0,0,0,0,0,0,0,0,0,0,0,0,0,0,0,0,0,0,0,0,0,0,0,0,0,0,0,0,0,0,0,0,0,0,0,0
"k__Bacteria|p__Proteobacteria|c__Gammaproteobacteria|o__Enterobacterales|f__Enterobacteriaceae|g__Klebsiella|s__Klebsiella_pneumoniae",0,0,0,0,0,0,0,0,0,0,0,0,0,0,0,0,0,0,0,0,0,0,0,0,0,0,0,0,0,0,0,0,0,0,0,0,0.03324,0,0,0,0,0,0,0,0,0.00469,0,0,0,0,0,0.21281,0,0,0,0,0,0,0.00169,0,0,0.00497,0,0,0,0,0,0,0,0,0,0.03435,0,0,0,0,0,0.0031,0,0,0,0,0,0,0,0,0,0,0.03038,0.00184,0,0,0,0,0.00198,0,0,0,0,0,0,0,0,0,0,0,0,0.00152,0,0,0,0,0,0,0,0,0,0,0.52589,0,0,0,0,0,0,0,0,0.00029,0,0.00182,0,0,0,0,0,0,0,0,0,0,0,0,0,0,0,0,0
"k__Bacteria|p__Actinobacteria|c__Actinobacteria|o__Bifidobacteriales|f__Bifidobacteriaceae|g__Gardnerella|s__Gardnerella_vaginalis",0,0,0,0,0,0,0,0,0,0,0,0,0,0,0,0,0,0,0,0,0,0,0,0,0,0,0,0,0,0,0,0,0,0,0,0,0,0,0,0,0,0,0,0,0,0,0,0,0,0,0,0,0,0,0.0038,0,0,0,0,0,0,0,0,0,0,0,0,0,0,0,0,0,0,0,0,0,0,0,0,0,0,0,0,0,0,0,0,0,0,0,0,0,0,0,0,0,0,0,0,0,0,0,0,0,0,0,0,0,0,0,0,0,0,0,0,0,0,0,0,0,0,0,0,0,0,0,0,0,0,0,0,0,0,0,0,0,0,0,0,0,0,0,0,0,0,0,0
"k__Bacteria|p__Firmicutes|c__Bacilli|o__Lactobacillales|f__Lactobacillaceae|g__Lactobacillus|s__Lactobacillus_iners",0,0,0,0,0,0,0,0,0,0,0,0,0,0,0,0,0,0,0,0,0,0,0.05576,0,0,0,0,0,0,0,0.00888,0,0,0,0,0,0,0,0,0,0,0,0,0,0,0,0,0,0,0,0,0,0,0,0,0,0,0,0,0,0,0,0,0,0,0,0,0,0,0,0,0,0,0,0,0,0,0,0,0,0,0,0,0,0,0,0,0,0,0,0,0,0,0,0,0,0,0,0,0,0,0,0,0,0,0,0,0,0,0,0,0,0,0,0,0,0,0,0,0,0,0,0,0,0,0,0,0,0,0,0,0,0,0,0,0,0,0,0,0,0,0,0,0,0,0,0
"k__Bacteria|p__Actinobacteria|c__Coriobacteriia|o__Coriobacteriales|f__Atopobiaceae|g__Atopobium|s__Atopobium_vaginae",0,0,0,0,0,0,0,0,0,0,0,0,0,0,0,0,0,0,0,0,0,0,0,0,0,0,0,0,0,0,0.00424,0,0,0,0,0,0,0,0,0,0,0,0,0,0,0,0,0,0,0,0,0,0,0,0,0,0,0,0,0,0,0,0,0,0,0,0,0,0,0,0,0,0,0,0,0,0,0,0,0,0,0,0,0,0,0,0,0,0,0,0,0,0,0,0,0,0,0,0,0,0,0,0,0,0,0,0,0,0,0,0,0,0,0,0,0,0,0,0,0,0,0,0,0,0,0,0,0,0,0,0,0,0,0,0,0,0,0,0,0,0,0,0,0,0,0,0
"k__Bacteria|p__Fusobacteria|c__Fusobacteriia|o__Fusobacteriales|f__Leptotrichiaceae|g__Sneathia|s__Sneathia_amnii",0,0,0,0,0,0,0,0,0,0,0,0,0,0,0,0,0,0,0,0,0,0,0,0,0,0,0,3e-04,0,0,0,0,0,0,0,0,0,0,0,0,0,0,0,0,0,0,0,0,0,0,0,0,0,0,0.00018,0,0,0,0,0,0,0,0,0,0,0,0,0,0,0,0,0,0,0,0,0,0,0,0,0,0,0,0,0,0,0,0,0,0,0,0,0,0,0,0,0,0,0,0,0,0,0,0,0,0,0,0,0,0,0,0,0,0,0,0,0,0,0,0,0,0,0,0,0,0,0,0,0,0,0,0,0,0,0,0,0,0,0,0,0,0,0,0,0,0,0,0
"k__Bacteria|p__Firmicutes|c__Negativicutes|o__Veillonellales|f__Veillonellaceae|g__Veillonellaceae_unclassified|s__Veillonellaceae_bacterium_DNF00626",0,0,0,0,0,0,0,0,0,0,0,0,0,0,0,0,0,0,0,0,0,0,0,0,0,0,0,0,0,0,0,0,0,0,0,0,0,0,0,0,0,0,0,0,0,0,0,0,0,0,0,0,0,0,0,0,0,0,0,0,0,0,0,0,0,0,0,0,0,0,0,0,0,0,0,0,0,0,0,0,0,0,0,0,0,0,0,0,0,0,0,0,0,0,0,0,0,0,0,0,0,0,0,0,0,0,0,0,0,0,0,0,0,0,0,0,0,0,0,0,0,0,0,0,0,0,0,0,0,0,0,0,0,0,0,0,0,0,0,0,0,0,0,0,0,0,0
"k__Bacteria|p__Bacteroidetes|c__Bacteroidia|o__Bacteroidales|f__Prevotellaceae|g__Prevotella|s__Prevotella_timonensis",0,0,0,0,0,0,0,0,0,0,0,0,0,0,0,0,0,0,0,0,0,0,0,0,0.02332,0,0,0,0,0,0.04259,0,0,0,0,0,0,0,0,0,0,0,0,0,0,0,0,0,0,0,0,0,0,0,0,0.17331,0,0,0,0,0,0,0,0.03767,0,0,0,0,0,0,0.00043,0,0,0,0,0,0,0,0,0,0,0,0,0,0.63603,0,0,0.00069,0,0,0,0,0,0,0,0,0,0,0,0,0,0,0,0,0,0,0,0,0,0,0,0,0,0,0,0,0,0,0,0,0,0,0,0,0,0,0.00034,0,0,0,0,0,0,0.02518,0,0,0,0,0,0,0,0,0,0,0.00933,0,0
"k__Bacteria|p__Bacteroidetes|c__Bacteroidia|o__Bacteroidales|f__Prevotellaceae|g__Prevotella|s__Prevotella_buccalis",0,0,0,0,0,0.00483,0,0,0,0,0.03877,0,0,0,0,0,0,0,0,0,0,0,0,0,0.00168,0,0,0,0,0,0,0,0,0,0,0.00169,0.00416,0,0,0,0,0,0,0,0,0,0,0,0,0,0,0,0,0,0,0.03308,0,0,0,0,0,0,0.00348,0,0,0,0,0,0,0,0,0,0,0,0,0,0.01084,0.00393,0,0,0,0,0.04148,0,0,0,0,0,0,0,0,0,0,0,0,0,0,0,0,0,0,0,0,0,0,0,0,0,0,0,0.01222,0,0,0,0,0,0,0,0,0,0,0,0,0,0.00231,0,0,0,0,0,0,0,0,0,0,0,0,0,0,0,0.00978,0,0,0,0,0,0
"k__Bacteria|p__Firmicutes|c__Tissierellia|o__Tissierellales|f__Peptoniphilaceae|g__Anaerococcus|s__Anaerococcus_tetradius",0,0,0,0,0,0,0,0,0,0,0,0,0,0,0,0,0,0,0,0,0,0,0,0,0,0,0,0,0,0,0,0,0,0,0,0,0,0,0,0,0,0,0,0,0,0,0,0,0,0,0,0,0,0,0,0,0,0,0,0,0,0,0,0,0,0,0,0,0,0,0,0,0,0,0,0,0,0,0,0,0,0,0,0,0,0,0,0,0,0,0,0,0,0,0,0,0,0,0,0,0,0,0,0,0,0,0,0,0,0,0,0,0,0,0,0,0,0,0,0,0,0,0,0,0,0,0,0,0,0,0,0,0,0,0,0,0,0,0,0,0,0,0,0,0,0,0
"k__Bacteria|p__Firmicutes|c__Negativicutes|o__Veillonellales|f__Veillonellaceae|g__Dialister|s__Dialister_micraerophilus",0,0,0,0,0,0,0,0,0,0,0,0,0,0,0,0,0,0,0,0,0,0,0,0,0,0,0,0,0,0,0,0,0,0,0,0,0,0,0,0,0,0,0,0,0,0,0,0,0,0,0,0,0,0,0,0.00239,0,0,0,0,0,0,0,0,0,0,0,0,0,0,0,0,0,0,0,0,0,0,0,0,0,0,0,0,0,0,0,0,0,0,0,0,0,0,0,0,0,0,0,0,0,0,0,0,0,0,0,0,0,0,0,0,0,0,0,0,0,0,0,0,0,0,0,0,0,0,0,0,0,0,0,0,0,0,0,0,0,0,0,0,0,0,0,0,0,0,0
"k__Bacteria|p__Firmicutes|c__Tissierellia|o__Tissierellales|f__Peptoniphilaceae|g__Peptoniphilus|s__Peptoniphilus_lacrimalis",0,0,0,0,0,0,0,0,0,0,0,0,0,0,0,0,0,0,0,0,0,0,0,0,0,0,0,0,0,0,0.0056,0,0,0,0,0,0,0,0,0,0,0,0,0,0,0,0,0,0,0,0,0,0,0,0,0.01143,0,0,0,0,0,0,0,0,0,0,0,0,0,0,0,0,0,0,0,0,0,0,0,0,0,0,0,0,0,0,0,0,0,0,0,0,0,0,0,0,0,0,0,0,0,0,0,0,0,0,0,0,0,0,0,0,0,0,0,0,0,0,0,0,0,0,0,0,0,0,0,0,0,0,0,0,0,0,0,0,0,0,0,0,0,0,0,0,0,0,0
"k__Bacteria|p__Firmicutes|c__Bacilli|o__Lactobacillales|f__Aerococcaceae|g__Aerococcus|s__Aerococcus_christensenii",0,0,0,0,0,0,0,0,0,0,0,0,0,0,0,0,0,0,0,0,0,0,0,0,0,0,0,0,0,0,0,0,0,0,0,0,0,0,0,0,0,0,0,0,0,0,0,0,0,0,0,0,0,0,0,0,0,0,0,0,0,0,0,0,0,0,0,0,0,0,0,0,0,0,0,0,0,0,0,0,0,0,0,0,0,0,0,0,0,0,0,0,0,0,0,0,0,0,0,0,0,0,0,0,0,0,0,0,0,0,0,0,0,0,0,0,0,0,0,0,0,0,0,0,0,0,0,0,0,0,0,0,0,0,0,0,0,0,0,0,0,0,0,0,0,0,0
"k__Bacteria|p__Actinobacteria|c__Actinobacteria|o__Actinomycetales|f__Actinomycetaceae|g__Mobiluncus|s__Mobiluncus_curtisii",0,0,0,0,0,0,0,0,0,0,0,0,0,0,0,0,0,0,0,0,0,0,0,0,0,0,0,0,0,0,0,0,0,0,0,0,0,0,0,0,0,0,0,0,0,0,0,0,0,0,0,0,0,0,0,0,0,0,0,0,0,0,0,0,0,0,0,0,0,0,0,0,0,0,0,0,0,0,0,0,0,0,0,0,0,0,0,0,0,0,0,0,0,0,0,0,0,0,0,0,0,0,0,0,0,0,0,0,0,0,0,0,0,0,0,0,0,0,0,0,0,0,0,0,0,0,0,0,0,0,0,0,0,0,0,0,0,0,0,0,0,0,0,0,0,0,0
"k__Bacteria|p__Firmicutes|c__Tissierellia|o__Tissierellia_unclassified|f__Tissierellia_unclassified|g__Tissierellia_unclassified|s__Tissierellia_bacterium_KA00581",0,0,0,0,0,0,0,0,0,0,0,0,0,0,0,0,0,0,0,0,0,0,0,0,0,0,0,0,0,0,0,0,0,0,0,0,0,0,0,0,0,0,0,0,0,0,0,0,0,0,0,0,0,0,0,0,0,0,0,0,0,0,0,0,0,0,0,0,0,0,0,0,0,0,0,0,0,0,0,0,0,0,0,0,0,0,0,0,0,0,0,0,0,0,0,0,0,0,0,0,0,0,0,0,0,0,0,0,0,0,0,0,0,0,0,0,0,0,0,0,0,0,0,0,0,0,0,0,0,0,0,0,0,0,0,0,0,0,0,0,0,0,0,0,0,0,0
"k__Bacteria|p__Bacteroidetes|c__Bacteroidia|o__Bacteroidales|f__Prevotellaceae|g__Prevotella|s__Prevotella_bivia",0,0,0,0,0,0,0,0,0,0,0,0,0,0,0,0,0.00588,0,0,0,0,0,0,0,0.00301,0,0,0,0,0,0.02013,0,0,0,0.00509,0,0,0,0,0,0,0,0,0,0,0,0,0,0,0,0,0,0,0,0,0.01743,0,0,0,0,0,0,0,0,0,0.00184,0,0,0,0,0,0,0,0.00281,0,0,0,0,0,0,0,0,0,0,0,0.0081,0.00095,0,0,0,0,0,0,0,0,0,0,0,0,0,0,0,0,0,0,0,0,0,0.00122,0,0,0,0.00265,0,0.01891,0,0,0,0,0,0,0.0034,0,0,0.00714,0,0.02091,0,0,0,0,0,0,0,0,0,0,0,0,0,0,0,0,0,0.01614,0,0
"k__Bacteria|p__Firmicutes|c__Bacilli|o__Lactobacillales|f__Lactobacillaceae|g__Lactobacillus|s__Lactobacillus_jensenii",0,0,0,0,0,0,0,0,0,0,0,0,0,0,0,0,0,0,0,0,0,0,0.0087,0,0,0,0,0,0,0,0,0,0,0,0,0,0,0,0,0,0,0,0,0,0,0,0,0,0,0,0,0,0,0,0,0,0,0,0,0,0,0,0,0,0,0,0,0,0,0,0,0,0,0,0,0,0,0,0,0,0,0,0,0,0,0,0,0,0,0,0,0,0,0,0,0,0,0,0,0,0,0,0,0,0,0,0,0,0,0,0,0,0,0,0,0,0,0,0,0,0,0,0,0,0,0,0,0,0,0,0,0,0,0,0,0,0,0,0,0,0,0,0,0,0,0,0
"k__Bacteria|p__Firmicutes|c__Clostridia|o__Clostridiales|f__Hungateiclostridiaceae|g__Mageeibacillus|s__Mageeibacillus_indolicus",0,0,0,0,0,0,0,0,0,0,0,0,0,0,0,0,0,0,0,0,0,0,0,0,0,0,0,0,0,0,0,0,0,0,0,0,0,0,0,0,0,0,0,0,0,0,0,0,0,0,0,0,0,0,0,0,0,0,0,0,0,0,0,0,0,0,0,0,0,0,0,0,0,0,0,0,0,0,0,0,0,0,0,0,0,0,0,0,0,0,0,0,0,0,0,0,0,0,0,0,0,0,0,0,0,0,0,0,0,0,0,0,0,0,0,0,0,0,0,0,0,0,0,0,0,0,0,0,0,0,0,0,0,0,0,0,0,0,0,0,0,0,0,0,0,0,0
"k__Bacteria|p__Firmicutes|c__Bacilli|o__Bacillales|f__Bacillales_unclassified|g__Gemella|s__Gemella_asaccharolytica",0,0,0,0,0,0,0,0,0,0,0.00133,0,0,0,0,0,0,0,0,0,0,0,0,0,0,0,0,0,0,0,0,0,0,0,0,0,0,0,0,0,0,0,0,0,0,0,0,0,0,0,0,0,0,0,0,0,0,0,0,0,0,0,0,0,0,0,0,0,0,0,0,0,0,0,0,0,0,0,0,0,0,0,0,0,0,0,0,0,0,0,0,0,0,0,0,0,0,0,0,0,0,0,0,0,0,0,0,0,0,0,0,0,0,0,0,0,0,0,0,0,0,0,0,0,0,0,0,0,0,0,0,0,0,0.00083,0,0,0,0,0,0,0,0,0,0,0,0,0
"k__Bacteria|p__Bacteroidetes|c__Bacteroidia|o__Bacteroidales|f__Prevotellaceae|g__Prevotella|s__Prevotella_colorans",0,0,0,0,0,0,0,0,0,0,0,0,0,0,0,0,0,0,0,0,0,0,0,0,0,0,0,0,0,0,0,0,0,0,0,0,0,0,0,0,0,0,0,0,0,0,0,0,0,0,0,0,0,0,0,0.01634,0,0,0,0,0,0,0,0,0,0,0,0,0,0,0,0,0,0,0,0,0,0,0,0,0,0,0,0,0,0,0,0,0,0,0,0,0,0,0,0,0,0,0,0,0,0,0,0,0,0,0,0,0,0,0,0,0,0,0,0,0,0,0,0,0,0,0,0,0,0,0,0,0,0,0,0,0,0,0,0,0,0,0,0,0,0,0,0,0,0,0
"k__Bacteria|p__Firmicutes|c__Bacilli|o__Lactobacillales|f__Lactobacillaceae|g__Lactobacillus|s__Lactobacillus_coleohominis",0,0,0,0,0,0,0,0,0,0,0,0,0,0,0,0,0,0,0,0,0,0,0,0,0,0,0,0,0,0,0,0,0,0,0,0,0,0,0,0,0,0,0,0,0,0,0,0,0,0,0,0,0,0,0,0,0,0,0,0,0,0,0,0,0,0,0,0,0,0,0,0,0,0,0,0,0,0,0,0,0,0,0,0,0,0,0,0,0,0,0,0,0,0,0,0,0,0,0,0,0,0,0,0,0,0,0,0,0,0,0,0,0,0,0,0,0,0,0,0,0,0,0,0,0,0,0,0,0,0,0,0,0,0,0,0,0,0,0,0,0,0,0,0,0,0,0
"k__Bacteria|p__Bacteroidetes|c__Bacteroidia|o__Bacteroidales|f__Prevotellaceae|g__Prevotella|s__Prevotella_sp_S7_1_8",0,0,0,0,0,0,0,0,0,0,0,0,0,0,0,0,0,0,0,0,0,0,0,0,0,0,0,0,0,0,0,0,0,0,0,0,0,0,0,0,0,0,0,0,0,0,0,0,0,0,0,0,0,0,0,0.00632,0,0,0,0,0,0,0,0,0,0,0,0,0,0,0,0,0,0,0,0,0,0,0,0,0,0,0,0,0,0,0,0,0,0,0,0,0,0,0,0,0,0,0,0,0,0,0,0,0,0,0,0,0,0,0,0,0,0,0,0,0,0,0,0,0,0,0,0,0,0,0,0,0,0,0,0,0,0,0,0,0,0,0,0,0,0,0,0,0,0,0
"k__Bacteria|p__Firmicutes|c__Bacilli|o__Lactobacillales|f__Lactobacillaceae|g__Lactobacillus|s__Lactobacillus_gasseri",0,0,0,0,0,0,0,0,0,0,0,0,0,0,0,0,0,0,0,0,0,0,0,0,0,0,0,0,0,0,0,0,0,0,0,0,0,0,0,0,0,0,0,0,0,0,0,0,0,0,0,0,0,0,0,0,0,0,0,0,0,0,0,0,0,0,0,0,0,0,0,0,0,0,0,0,0,0,0,0,0,0,0,0,0,0,0,0,0,0,0,0,0,0,0,0,0,0,0,0,0,0,0,0,0,0,0,0,0,0,0,0,0,0,0,0,0,0,0,0,0,0,0,0,0,0,0,0,0,0,0,0,0,0,0,0,0,0,0,0,0,0,0,0,0,0,0
"k__Bacteria|p__Tenericutes|c__Mollicutes|o__Mycoplasmatales|f__Mycoplasmataceae|g__Mycoplasma|s__Mycoplasma_hominis",0,0,0,0,0,0,0,0,0,0,0,0,0,0,0,0,0,0,0,0,0,0,0,0,0,0,0,0,0,0,0,0,0,0,0,0,0,0,0,0,0,0,0,0,0,0,0,0,0,0,0,0,0,0,0,0,0,0,0,0,0,0,0,0,0,0,0,0,0,0,0,0,0,0,0,0,0,0,0,0,0,0,0,0,0,0,0,0,0,0,0,0,0,0,0,0,0,0,0,0,0,0,0,0,0,0,0,0,0,0,0,0,0,0,0,0,0,0,0,0,0,0,0,0,0.05272,0,0,0,0,0,0,0,0,0,0,0,0,0,0,0,0,0,0,0,0,0,0
"k__Bacteria|p__Bacteroidetes|c__Bacteroidia|o__Bacteroidales|f__Porphyromonadaceae|g__Porphyromonas|s__Porphyromonas_uenonis",0,0,0,0,0,0,0,0,0,0,0,0,0,0,0,0,0,0,0,0,0,0,0,0,0.00154,0,0,0,0,0,0.00117,0,0,0,0,0,0,0,0,0,0,0,0,0,0,0,0,0,0,0,0,0,0,0,0,0.00823,0,0,0,0,0,0,0,0,0,0,0,0,0,0,0,0,0,0,0,0,0,0,0,0,0,0,0,0,0,0,0,0,0,0,0,0,0,0,0,0,0,0,0,0,0,0,0,0,0,0,0,0,0,0,0,0,0,0,0,0,0,0,0,0,0,0,0,0,0.00015,0,0,0,0,0,0,0,0,0,0,0,0.00025,0,0,0,0,0,0,0,0,0,0
"k__Bacteria|p__Firmicutes|c__Clostridia|o__Clostridiales|f__Peptococcaceae|g__Peptococcus|s__Peptococcus_niger",0,0,0,0,0,0,0,0,0,0,0,0,0,0,0,0,0,0,0,0,0,0,0,0,0,0,0,0,0,0,0,0,0,0,0,0,0,0,0,0,0,0,0,0,0,0,0,0,0,0,0,0,0,0,0,0,0,0,0,0,0,0,0,0,0,0,0,0,0,0,0,0,0,0,0,0,0,0,0,0,0,0,0,0,0,0,0,0,0,0,0,0,0,0,0,0,0,0,0,0,0,0,0,0,0,0,0,0,0,0,0,0,0,0,0,0,0,0,0,0,0,0,0,0,0,0,0,0,0,0,0,0,0,0,0,0,0,0,0,0,0,0,0,0,0,0,0
"k__Bacteria|p__Firmicutes|c__Tissierellia|o__Tissierellales|f__Peptoniphilaceae|g__Peptoniphilus|s__Peptoniphilus_sp_BV3C26",0,0,0,0,0,0,0,0,0,0,0,0,0,0,0,0,0,0,0,0,0,0,0,0,0,0,0,0,0,0,0,0,0,0,0,0,0,0,0,0,0,0,0,0,0,0,0,0,0,0,0,0,0,0,0,0,0,0,0,0,0,0,0,0,0,0,0,0,0,0,0,0,0,0,0,0,0,0,0,0,0,0,0,0,0,0,0,0,0,0,0,0,0,0,0,0,0,0,0,0,0,0,0,0,0,0,0,0,0,0,0,0,0,0,0,0,0,0,0,0,0,0,0,0,0,0,0,0,0,0,0,0,0,0,0,0,0,0,0,0,0,0,0,0,0,0,0
"k__Bacteria|p__Firmicutes|c__Tissierellia|o__Tissierellia_unclassified|f__Tissierellia_unclassified|g__Tissierellia_unclassified|s__Bacteroides_coagulans",0,0,0,0,0,0,0,0,0,0,0.0015,0,0,0,0,0,0,0,0,0,0,0,0,0,0,0.00256,0,0,0,0,0.00041,0,0,0,0,0,0,0,0,0,0,0,0,0,0,0,0,0,0,0,0,0,0,0,0,0,0,0,0,0,0,0,0,0,0,0,0,0,0,0,0,0,0,0,0,0,0,0,0,0,0,0,0,0,0,0,0,0,0,0,0,0,0,0,0,0,0,0,0,0,0,0,0,0,0,0,0,0,0,0,0,0,0,0,0,0,0,0,0,0,0,0,0,0,0,0,0,0,0,0,0,0,0,0,0,0,0,0,0,0,0,0,0,0,0,0,0
"k__Bacteria|p__Bacteroidetes|c__Bacteroidia|o__Bacteroidales|f__Porphyromonadaceae|g__Porphyromonas|s__Porphyromonas_asaccharolytica",0,0,0,0,0,0,0,0,0,0,0.00774,0,0,0,0,0,0,0,0,0,0,0,0,0,0.00163,0,0,0,0,0,0,0,0,0,0,0,0,0,0,0,0,0,0,0,0,0,0,0,0,0,0,0,0,0,0,0.23365,0,0,0,0,0,0,0,0,0,0,0.00101,0.00264,0,0,0,0,0,0,0,0,0.08275,0,0,0,0,0.00193,0,0,0,0,0.00236,0,0,0,0,0,0,0,0,0,0,0,0,0,0,0,0,0,0,0,0,0,0,0,0,0,0,0,0,0,0,0,0,0,0.00053,0,0,0,0,0,0,0,0,0,0,0,0,0,0,0,0.00766,0,0,0,0.00364,0,0,0,0,0,0
"k__Bacteria|p__Firmicutes|c__Tissierellia|o__Tissierellales|f__Peptoniphilaceae|g__Peptoniphilus|s__Peptoniphilus_duerdenii",0,0,0,0,0,0,0,0,0,0,0,0,0,0,0,0,0,0,0,0,0,0,0,0,0,0,0,0,0,0,0,0,0,0,0,0,0,0,0,0,0,0,0,0,0,0,0,0,0,0,0,0,0,0,0,0,0,0,0,0,0,0,0,0,0,0,0,0,0,0,0,0,0,0,0,0,0,0,0,0,0,0,0,0,0,0,0,0,0,0,0,0,0,0,0,0,0,0,0,0,0,0,0,0,0,0,0,0,0,0,0,0,0,0,0,0,0,0,0,0,0,0,0,0,0,0,0,0,0,0,0,0,0,0,0,0,0,0,0,0,0,0,0,0,0,0,0
"k__Bacteria|p__Actinobacteria|c__Actinobacteria|o__Actinomycetales|f__Actinomycetaceae|g__Mobiluncus|s__Mobiluncus_mulieris",0,0,0,0,0,0,0,0,0,0,0,0,0,0,0,0,0,0,0,0,0,0,0,0,0,0,0,0,0,0,0,0,0,0,0,0,0,0,0,0,0,0,0,0,0,0,0,0,0,0,0,0,0,0,0,0,0,0,0,0,0,0,0,0,0,0,0,0,0,0,0,0,0,0,0,0,0,0,0,0,0,0,0,0,0,0,0,0,0,0,0,0,0,0,0,0,0,0,0,0,0,0,0,0,0,0,0,0,0,0,0,0,0,0,0,0,0,0,0,0,0,0,0,0,0,0,0,0,0,0,0,0,0,0,0,0,0,0,0,0,0,0,0,0,0,0,0
"k__Bacteria|p__Firmicutes|c__Tissierellia|o__Tissierellales|f__Peptoniphilaceae|g__Peptoniphilus|s__Peptoniphilus_harei",0,0,0,0,0,0,0,0,0,0,0,0,0,0,0,0,0,0,0,0,0,0,0,0,0,0,0,0,0,0,0,0,0,0,0,0,0,0,0,0,0,0,0,0,0,0,0,0,0,0,0,0,0,0,0,0,0,0,0,0,0,0,0,0,0,0,0,0,0,0,0,0,0,0,0,0,0,0,0,0,0,0,0,0,0,0,0,0,0,0,0,0,0,0,0,0,0,0,0,0,0,0,0,0,0,0,0,0,0,0,0,0,0,0,0,0,0,0,0,0,0,0,0,0,0,0,0,0,0,0,0,0,0,0,0,0,0,0,0,0,0,0,0,0,0,0,0
"k__Bacteria|p__Actinobacteria|c__Actinobacteria|o__Actinomycetales|f__Actinomycetaceae|g__Actinomyces|s__Actinomyces_neuii",0,0,0,0,0,0,0,0,0,0,0,0,0,0,0,0,0,0,0,0,0,0,0,0,0,0,0,0,0,0,0,0,0,0,0,0,0,0,0,0,0,0,0,0,0,0,0,0,0,0,0,0,0,0,0,0,0,0,0,0,0,0,0,0,0,0,0,0,0,0,0,0,0,0,0,0,0,0,0,0,0,0,0,0,0,0,0,0,0,0,0,0,0,0,0,0,0,0,0,0,0,0,0,0,0,0,0,0,0,0,0,0,0,0,0,0,0,0,0,0,0,0,0,0,0,0,0,0,0,0,0,0,0,0,0,0,0,0,0,0,0,0,0,0,0,0,0
"k__Bacteria|p__Firmicutes|c__Tissierellia|o__Tissierellales|f__Peptoniphilaceae|g__Anaerococcus|s__Anaerococcus_lactolyticus",0,0,0,0,0,0,0,0,0,0,0,0,0,0,0,0,0,0,0,0,0,0,0,0,0,0,0,0,0,0,0.00917,0,0,0,0,0,0,0,0,0,0,0,0,0,0,0,0,0,0,0,0,0,0,0,0,0,0,0,0,0,0,0,0,0,0,0,0,0,0,0,0,0,0,0,0,0,0,0,0,0,0,0,0,0,0,0,0,0,0,0,0,0,0,0,0,0,0,0,0,0,0,0,0,0,0,0,0,0,0,0,0,0,0,0,0,0,0,0,0,0,0,0,0,0,0,0,0,0,0,0,0,0,0,0,0,0,0,0,0,0,0,0,0,0,0,0,0
"k__Bacteria|p__Actinobacteria|c__Coriobacteriia|o__Coriobacteriales|f__Atopobiaceae|g__Atopobium|s__Atopobium_deltae",0,0,0,0,0,0,0,0,0,0,0,0,0,0,0,0,0,0,0,0,0,0,0,0,0,0,0,0,0,0,0.0026,0,0,0,0,0,0,0,0,0,0,0,0,0,0,0,0,0,0,0,0,0,0,0,0,0,0,0,0,0,0,0,0,0,0,0,0,0,0,0,0,0,0,0,0,0,0,0,0,0,0,0,0,0,0,0,0,0,0,0,0,0,0,0,0,0,0,0,0,0,0,0,0,0,0,0,0,0,0,0,0,0,0,0,0,0,0,0,0,0,0,0,0,0,0,0,0,0,0,0,0,0,0,0,0,0,0,0,0,0,0,0,0,0,0,0,0
"k__Bacteria|p__Tenericutes|c__Mollicutes|o__Mycoplasmatales|f__Mycoplasmataceae|g__Ureaplasma|s__Ureaplasma_parvum",0,0,0,0,0,0,0,0,0,0,0,0,0,0,0,0,0,0,0,0,0,0,0,0,0,0,0,0,0,0,0,0,0,0,0,0,0,0,0,0,0,0,0,0,0,0,0,0,0,0,0,0,0,0,0,0,0,0,0,0,0,0,0,0,0,0,0,0,0,0,0,0,0,0,0,0,0,0,0,0,0,0,0,0,0,0,0,0,0,0,0,0,0,0,0,0,0,0,0,0,0,0,0,0,0,0,0,0,0,0,0,0,0,0,0,0,0,0,0,0,0,0,0,0,0,0,0,0,0,0,0,0,0,0,0,0,0,0,0,0,0,0,0,0,0,0,0
"k__Bacteria|p__Actinobacteria|c__Actinobacteria|o__Actinomycetales|f__Actinomycetaceae|g__Varibaculum|s__Varibaculum_cambriense",0,0,0,0,0,0,0,0,0,0,0,0,0,0,0,0,0,0,0,0,0,0,0,0,0,0,0,0,0,0,0.0057,0,0,0,0,0,0,0,0,0,0,0,0,0,0,0,0,0,0,0,0,0,0,0,0,0,0,0,0,0,0,0,0,0,0,0,0,0,0,0,0,0,0,0,0,0,0,0,0,0,0,0,0,0,0,0,0,0,0,0,0,0,0,0,0,0,0,0,0,0,0,0,0,0,0,0,0,0,0,0,0,0,0,0,0,0,0,0,0,0,0,0,0,0,0,0,0,0,0,0,0,0,0,0,0,0,0,0,0,0,0,0,0,0,0,0,0
"k__Bacteria|p__Actinobacteria|c__Coriobacteriia|o__Coriobacteriales|f__Atopobiaceae|g__Atopobium|s__Atopobium_minutum",0,0,0,0,0,0,0,0,0,0,0,0,0,0,0,0,0,0,0,0,0,0,0,0,0,0,0,0,0,0,0,0,0,0,0,0,0,0,0,0,0,0,0,0,0,0,0,0,0,0,0,0,0,0,0,0,0,0,0,0,0,0,0,0,0,0,0,0,0,0,0,0,0,0,0,0,0,0,0,0,0,0,0,0,0,0,0,0,0,0,0,0,0,0,0,0,0,0,0,0,0,0,0,0,0,0,0,0,0,0,0,0,0,0,0,0,0,0,0,0,0,0,0,0,0,0,0,0,0,0,0,0,0,0,0,0,0,0,0,0,0,0,0,0,0,0,0
"k__Bacteria|p__Firmicutes|c__Bacilli|o__Lactobacillales|f__Lactobacillaceae|g__Lactobacillus|s__Lactobacillus_paragasseri",0,0,0,0,0,0,0,0,0,0,0,0,0,0,0,0,0,0,0,0,0,0,0,0,0,0,0,0,0,0,0,0,0,0,0,0,0,0,0,0,0,0,0,0,0,0,0,0,0,0,0,0,0,0,0,0,0,0,0,0,0,0,0,0,0,0,0,0,0,0,0,0,0,0,0,0,0,0,0,0,0,0,0,0,0,0,0,0,0,0,0,0,0,0,0,0,0,0,0,0,0,0,0,0,0,0,0,0,0,0,0,0,0,0,0,0,0,0,0,0,0,0,0,0,0,0,0,0,0,0,0,0,0,0,0,0,0,0,0,0,0,0,0,0,0,0,0
"k__Bacteria|p__Bacteroidetes|c__Bacteroidia|o__Bacteroidales|f__Prevotellaceae|g__Prevotella|s__Prevotella_bergensis",0,0,0,0,0,0,0,0,0,0,0,0,0,0,0,0,0,0,0,0,0,0,0,0,0,0,0,0,0,0,0,0,0,0,0,0,0,0,0,0,0,0,0,0,0,0,0,0,0,0,0,0,0,0,0,0.00013,0,0,0,0,0,0,0,0,0,0,0,0,0,0,0,0,0,0,0,0,0,0,0,0,0,0,0,0,0,0,0,0,0,0,0,0,0,0,0,0,0,0,0,0,0,0,0,0,0,0,0,0,0,0,0,0,0,0,0,0,0,0,0,0,0,0,0,0,0,0,0,0,0,0,0,0,0,0,0,0,0,0,0,0,0,0,0,0,0,0,0
"k__Bacteria|p__Firmicutes|c__Tissierellia|o__Tissierellales|f__Peptoniphilaceae|g__Peptoniphilus|s__Peptoniphilus_coxii",0,0,0,0,0,0,0,0,0,0,0,0,0,0,0,0,0,0,0,0,0,0,0,0,0,0,0,0,0,0,0,0,0,0,0,0,0,0,0,0,0,0,0,0,0,0,0,0,0,0,0,0,0,0,0,0,0,0,0,0,0,0,0,0,0,0,0,0,0,0,0,0,0,0,0,0,0,0,0,0,0,0,0,0,0,0,0,0,0,0,0,0,0,0,0,0,0,0,0,0,0,0,0,0,0,0,0,0,0,0,0,0,0,0,0,0,0,0,0,0,0,0,0,0,0,0,0,0,0,0,0,0,0,0,0,0,0,0,0,0,0,0,0,0,0,0,0
"k__Bacteria|p__Proteobacteria|c__Betaproteobacteria|o__Neisseriales|f__Neisseriaceae|g__Neisseria|s__Neisseria_perflava",0,0,0,0,0,0,0,0,0,0,0,0,0,0,0,0,0,0,0,0,0,0,0,0,0,0,0,0,0,0,0,0,0,0,0,0,0,0,0,0,0,0,0,0,0,0,0,0,0,0,0,0,0,0,0,0,0,0,0,0,0,0,0,0,0,0,0,0,0,0,0,0,0,0,0,0,0,0,0,0,0,0,0,0,0,0,0,0,0,0,0,0,0,0,0,0,0,0,0,0,0,0,0,0,0,0,0,0,0,0,0,0,0,0,0,0,0,0,0,0,0,0,0,0,0,0,0,0,0,0,0,0,0,0,0,0,0,0,0,0,0,0,0,0,0,0,0
"k__Bacteria|p__Bacteroidetes|c__Bacteroidia|o__Bacteroidales|f__Prevotellaceae|g__Prevotella|s__Prevotella_shahii",0,0,0,0,0,0,0,0,0,0,0,0,0,0,0,0,0,0,0,0,0,0,0,0,0,0,0,0,0,0,0,0,0,0,0,0,0,0,0,0,0,0,0,0,0,0,0,0,0,0,0,0,0,0,0,0,0,0,0,0,0,0,0,0,0,0,0,0,0,0,0,0,0,0,0,0,0,0,0,0,0,0,0,0,0,0,0,0,0,0,0,0,0,0,0,0,0,0,0,0,0,0,0,0,0,0,0,0,0,0,0,0,0,0,0,0,0,0,0,0,0,0,0,0,0,0,0,0,0,0,0,0,0,0,0,0,0,0,0,0,0,0,0,0,0,0,0
"k__Bacteria|p__Firmicutes|c__Clostridia|o__Clostridiales|f__Lachnospiraceae|g__Lachnospiraceae_unclassified|s__Lachnospiraceae_bacterium_oral_taxon_096",0,0,0,0,0,0,0,0,0,0,0,0,0,0,0,0,0,0,0,0,0,0,0,0,0,0.01269,0,0,0,0,0,0,0,0,0,0,0,0,0,0,0,0,0,0,0,0,0,0,0,0,0,0,0,0,0,0,0,0,0,0,0,0,0,0,0,0,0,0,0,0,0,0,0,0,0,0,0,0,0,0,0,0,0,0,0,0,0,0,0,0,0,0,0,0,0,0,0,0,0,0,0,0,0,0,0,0,0,0,0,0,0,0,0,0,0,0,0,0,0,0,0,0,0,0,0,0,0,0,0,0,0,0,0,0,0,0,0,0,0,0,0,0,0,0,0,0,0
"k__Bacteria|p__Firmicutes|c__Clostridia|o__Clostridiales|f__Clostridiales_Family_XIII_Incertae_Sedis|g__Clostridiales_Family_XIII_Incertae_Sedis_unclassified|s__Eubacterium_sulci",0,0,0.01156,0,0,0,0,0,0,0,0,0,0,0,0,0,0,0,0,0,0.01685,0,0,0,0,0.02676,0,0.00085,0,0,0.03841,0,0,0,0,0,0,0,0,0,0,0,0,0.00041,0,0,0,0,0,0,0,0,0,0,0,0,0,0,0,0,0,0,0,0.07974,0,0,0,0,0,0,0,0,0.00039,0,9e-05,0,0.0052,0,0,0,0,0,0,0,0,0,0,0,0,0,0,0,0,0,0,0,0,0,0,0,0.00097,0.08793,0,0,0,0.00058,0,0,0.00563,0,0,0.0026,0.00823,0,0,0,0,0,0,0.02428,0.0011,0.00094,0,0,0,0,0,0.00602,0,0.00183,0,0,0.00037,0,0,0,0,0.00195,0,0,0,0,0,0,0,0,0
"k__Bacteria|p__Firmicutes|c__Clostridia|o__Clostridiales|f__Lachnospiraceae|g__Oribacterium|s__Oribacterium_parvum",0,0,0,0,0,0,0,0,0,0,0,0,0,0,0,0,0,0,0,0,0,0,0,0,0,0,0,0,0,0,0,0,0,0,0,0,0,0,0,0,0,0,0,0,0,0,0,0,0,0,0,0,0,0,0,0,0,0,0,0,0,0,0,0,0,0,0,0,0,0,0,0,0,0,0,0,0,0,0,0,0,0,0,0,0,0,0,0,0,0,0,0,0,0,0,0,0,0,0,0,0,0,0,0,0,0,0,0,0,0,0,0,0,0,0,0,0,0,0,0,0,0,0,0,0,0,0,0,0,0,0,0,0,0,0,0,0,0,0,0,0,0,0,0,0,0,0
"k__Bacteria|p__Bacteroidetes|c__Bacteroidia|o__Bacteroidales|f__Tannerellaceae|g__Tannerella|s__Tannerella_sp_oral_taxon_HOT_286",0,0,0,0,0,0,0,0,0,0,0,0,0,0,0,0,0,0,0,0,0,0,0,0,0,0,0,0,0,0,0,0,0,0,0,0,0,0,0,0,0,0,0,0,0,0,0,0,0,0,0,0,0,0,0,0,0,0,0,0,0,0,0,0,0,0,0,0,0,0,0,0,0,0,0,0,0,0,0,0,0,0,0,0,0,0,0,0,0,0,0,0,0,0,0,0,0,0,0,0,0,0,0,0,0,0,0,0,0,0,0,0,0,0,0,0,0,0,0,0,0,0,0,0,0,0,0,0,0,0,0,0,0,0,0,0,0,0,0,0,0,0,0,0,0,0,0
"k__Bacteria|p__Firmicutes|c__Clostridia|o__Clostridiales|f__Clostridiales_Family_XIII_Incertae_Sedis|g__Mogibacterium|s__Mogibacterium_diversum",0,0,0.00151,0,0,0,0,0,0,0,0,0,0,0,0,0,0,0,0,0,0,0,0,0,0,0.00232,0,0,0,0,0.00238,0,0,0,0,0,0,0,0,0,0,0,0,0,0,0,0,0,0,0,0,0,0,0,0,0,0,0,0,0,0,0,0,0.00418,0,0,0,0,0,0,0,0,0,0,0,0,0,0,0,0,0,0,0,0,0,0,0,0,0,0,0,0,0,0,0,0,0,0,0,0,0,0.00231,0,0,0,0,0,0,0,0,0,0,0.00041,0,0,0,0,0,0,0,0,0,0,0,0,0,0,0,0,0,0,0,0,0,0,0,0,0,0,0,0,0,0,0,0,0,0
"k__Bacteria|p__Bacteroidetes|c__Bacteroidia|o__Bacteroidales|f__Prevotellaceae|g__Alloprevotella|s__Alloprevotella_tannerae",0,0,0,0,0,0,0,0,0,0,0,0,0,0,0,0,0,0,0,0,0,0,0,0,0,0,0,0,0,0,0,0,0,0,0,0,0,0,0,0,0,0,0,0,0,0,0,0,0,0,0,0,0,0,0,0,0,0,0,0,0,0,0,0,0,0,0,0,0,0,0,0,0,0,0,0,0,0,0,0,0,0,0,0,0,0,0,0,0,0,0,0,0,0,0,0,0,0,0,0,0,0,0,0,0,0,0,0,0,0,0,0,0,0,0,0,0,0,0,0,0,0,0,0,0,0,0,0,0,0,0,0,0,0,0,0,0,0,0,0,0,0,0,0,0,0,0
"k__Bacteria|p__Bacteroidetes|c__Bacteroidia|o__Bacteroidales|f__Prevotellaceae|g__Prevotella|s__Prevotella_jejuni",0,0,0,0,0,0,0,0,0,0,0,0,0,0,0,0,0,0,0,0,0,0,0,0,0,0,0,0,0,0,0,0,0,0,0,0,0,0,0,0,0,0,0,0,0,0,0,0,0,0,0,0,0,0,0,0,0,0,0,0,0,0,0,0,0,0,0,0,0,0,0,0,0,0,0,0,0,0,0,0,0,0,0,0,0,0,0,0,0,0,0,0,0,0,0,0,0,0,0,0,0,0,0,0,0,0,0,0,0,0,0,0,0,0,0,0,0,0,0,0,0,0,0,0,0,0,0,0,0,0,0,0,0,0,0,0,0,0,0,0,0,0,0,0,0,0,0
"k__Bacteria|p__Firmicutes|c__Clostridia|o__Clostridiales|f__Lachnospiraceae|g__Lachnoanaerobaculum|s__Lachnoanaerobaculum_umeaense",0,0,0,0,0,0,0,0,0,0,0,0,0,0,0,0,0,0,0,0,0,0,0,0,0,0,0,0,0,0,0,0,0,0,0,0,0,0,0,0,0,0,0,0,0,0,0,0,0,0,0,0,0,0,0,0,0,0,0,0,0,0,0,0,0,0,0,0,0,0,0,0,0,0,0,0,0,0,0,0,0,0,0,0,0,0,0,0,0,0,0,0,0,0,0,0,0,0,0,0,0,0,0,0,0,0,0,0,0,0,0,0,0,0,0,0,0,0,0,0,0,0,0,0,0,0,0,0,0,0,0,0,0,0,0,0,0,0,0,0,0,0,0,0,0,0,0
"k__Bacteria|p__Firmicutes|c__Negativicutes|o__Veillonellales|f__Veillonellaceae|g__Veillonella|s__Veillonella_tobetsuensis",0,0,0,0,0,0,0,0,0,0,0.00059,0,0,0,0,0,0,0,0,0,0,0,0,0,0,0,0,0,0,0,0,0,0,0,0,0,0,0,0,0,0,0,0,0,0,0,0,0,0,0,0,0,0,0,0,0,0,0,0,0,0,0,0,0,0,0,0,0,0,0,0,0,0,0,0,0,0,0,0,0,0,0,0,0,0,0,0,0,0,0,0,0,0,0,0,0,0,0,0,0,0,0,0,0,0,0,0,0,0,0,0,0,0,0,0,0,0,0,0,0,0,0,0,0,0,0,0,0,0,0,0,0,0,0,0,0,0,0,0,0,0,0,0,0,0,0,0
"k__Bacteria|p__Spirochaetes|c__Spirochaetia|o__Spirochaetales|f__Spirochaetaceae|g__Treponema|s__Treponema_sp_OMZ_838",0,0,0,0,0,0,0,0,0,0,0,0,0,0,0,0,0,0,0,0,0,0,0,0,0,0,0,0,0,0,0,0,0,0,0,0,0,0,0,0,0,0,0,0,0,0,0,0,0,0,0,0,0,0,0,0,0,0,0,0,0,0,0,0,0,0,0,0,0,0,0,0,0,0,0,0,0,0,0,0,0,0,0,0,0,0,0,0,0,0,0,0,0,0,0,0,0,0,0,0,0,0,0,0,0,0,0,0,0,0,0,0,0,0,0,0,0,0,0,0,0,0,0,0,0,0,0,0,0,0,0,0,0,0,0,0,0,0,0,0,0,0,0,0,0,0,0
"k__Bacteria|p__Proteobacteria|c__Betaproteobacteria|o__Neisseriales|f__Neisseriaceae|g__Neisseria|s__Neisseria_sp_oral_taxon_014",0,0,0,0,0,0,0,0,0,0,0,0,0,0,0,0,0,0,0,0,0,0,0,0,0,0,0,0,0,0,0,0,0,0,0,0,0,0,0,0,0,0,0,0,0,0,0,0,0,0,0,0,0,0,0,0,0,0,0,0,0,0,0,0,0,0,0,0,0,0,0,0,0,0,0,0,0,0,0,0,0,0,0,0,0,0,0,0,0,0,0,0,0,0,0,0,0,0,0,0,0,0,0,0,0,0,0,0,0,0,0,0,0,0,0,0,0,0,0,0,0,0,0,0,0,0,0,0,0,0,0,0,0,0,0,0,0,0,0,0,0,0,0,0,0,0,0
"k__Bacteria|p__Spirochaetes|c__Spirochaetia|o__Spirochaetales|f__Spirochaetaceae|g__Treponema|s__Treponema_socranskii",0,0,0,0,0,0,0,0,0,0,0,0,0,0,0,0,0,0,0,0,0,0,0,0,0,0,0,0,0,0,0,0,0,0,0,0,0,0,0,0,0,0,0,0,0,0,0,0,0,0,0,0,0,0,0,0,0,0,0,0,0,0,0,0,0,0,0,0,0,0,0,0,0,0,0,0,0,0,0,0,0,0,0,0,0,0,0,0,0,0,0,0,0,0,0,0,0,0,0,0,0,0,0,0,0,0,0,0,0,0,0,0,0,0,0,0,0,0,0,0,0,0,0,0,0,0,0,0,0,0,0,0,0,0,0,0,0,0,0,0,0,0,0,0,0,0,0
"k__Bacteria|p__Firmicutes|c__Clostridia|o__Clostridiales|f__Peptostreptococcaceae|g__Peptostreptococcus|s__Peptostreptococcus_stomatis",0,0,0,0,0,0,0,0,0,0,0,0,0,0,0,0,0,0,0,0,0,0,0,0,0,0,0,0,0,0,0,0,0,0,0,0,0,0,0,0,0,0,0,0,0,0,0,0,0,0,0,0,0,0,0,0,0,0,0,0,0.00088,0,0,0,0,0,0,0,0,0,0,0,0,0,0,0,0,0,0,0,0,0,0,0,0.00064,0,0,0,0,0,0,0,0,0,0,0,0,0,0,0,0,0,0,0,0,0,0,0,0,0,0,0,0,0,0,0,0,0,0,0,0,0,0,0,0,0,0,0,0,0,0,0,0,0,0,0,0,0,0,0,0,0,0,0,0,0,0
"k__Bacteria|p__Actinobacteria|c__Actinobacteria|o__Bifidobacteriales|f__Bifidobacteriaceae|g__Alloscardovia|s__Alloscardovia_omnicolens",0,0,0,0,0,0,0,0,0,0,0,0,0,0,0,0,0,0,0,0,0,0,0,0,0,0,0,0,0,0,0,0,0,0,0,0,0,0,0,0,0,0,0,0,0,0,0,0,0,0,0,0,0,0,0,0,0,0,0,0,0,0,0,0,0,0,0,0,0,0,0,0,0,0,0,0,0,0,0,0,0,0,0,0,0,0,0,0,0,0,0,0,0,0,0,0,0,0,0,0,0,0,0,0,0,0,0,0,0,0,0,0,0,0,0,0,0,0,0,0,0,0,0,0,0,0,0,0,0,0,0,0,0,0,0,0,0,0,0,0,0,0,0,0,0,0,0
"k__Bacteria|p__Proteobacteria|c__Epsilonproteobacteria|o__Campylobacterales|f__Campylobacteraceae|g__Campylobacter|s__Campylobacter_mucosalis",0,0,0,0,0,0,0,0,0,0,0,0,0,0,0,0,0,0,0,0,0,0,0,0,0,0,0,0,0,0,0,0,0,0,0,0,0,0,0,0,0,0,0,0,0,0,0,0,0,0,0,0,0,0,0,0,0,0,0,0,0,0,0,0,0,0,0,0,0,0,0,0,0,0,0,0,0,0,0,0,0,0,0,0,0,0,0,0,0,0,0,0,0,0,0,0,0,0,0,0,0,0,0,0,0,0,0,0,0,0,0,0,0,0,0,0,0,0,0,0,0,0,0,0,0,0,0,0,0,0,0,0,0,0,0,0,0,0,0,0,0,0,0,0,0,0,0
"k__Bacteria|p__Firmicutes|c__Bacilli|o__Lactobacillales|f__Streptococcaceae|g__Streptococcus|s__Streptococcus_peroris",0,0,0,0,0,0,0,0,0,0,0,0,0,0,0,0,0,0,0,0,0,0,0,0,0,0,0,0,0,0,0,0,0,0,0,0,0,0,0,0,0,0,0,0,0,0,0,0,0,0,0,0,0,0,0,0,0,0,0,0,0,0,0,0,0,0,0,0,0,0,0,0,0,0,0,0,0,0,0,0,0,0,0,0,0,0,0,0,0,0,0,0,0,0,0,0,0,0,0,0,0,0,0,0,0,0,0,0,0,0,0,0,0,0,0,0,0,0,0,0,0,0,0,0,0,0,0,0,0,0,0,0,0,0,0,0,0,0,0,0,0,0,0,0,0,0,0
"k__Bacteria|p__Proteobacteria|c__Betaproteobacteria|o__Neisseriales|f__Neisseriaceae|g__Neisseria|s__Neisseria_elongata",0,0,0,0,0,0,0,0,0,0,0,0,0,0,0,0,0,0,0,0,0,0,0,0,0,0,0,0,0,0,0,0,0,0,0,0,0,0,0,0,0,0,0,0,0,0,0,0,0,0,0,0,0,0,0,0,0,0,0,0,0,0,0,0,0,0,0,0,0,0,0,0,0,0,0,0,0,0,0,0,0,0,0,0,0,0,0,0,0,0,0,0,0,0,0,0,0,0,0,0,0,0,0,0,0,0,0,0,0,0,0,0,0,0,0,0,0,0,0,0,0,0,0,0,0,0,0,0,0,0,0,0,0,0,0,0,0,0,0,0,0,0,0,0,0,0,0
"k__Bacteria|p__Bacteroidetes|c__Bacteroidia|o__Bacteroidales|f__Prevotellaceae|g__Alloprevotella|s__Alloprevotella_rava",0,0,0,0,0,0,0,0,0,0,0,0,0,0,0,0,0,0,0,0,0,0,0,0,0,0,0,0,0,0,0,0,0,0,0,0,0,0,0,0,0,0,0,0,0,0,0,0,0,0,0,0,0,0,0,0,0,0,0,0,0,0,0,0,0,0,0,0,0,0,0,0,0,0,0,0,0,0,0,0,0,0,0,0,0,0,0,0,0,0,0,0,0,0,0,0,0,0,0,0,0,0,0,0,0,0,0,0,0,0,0,0,0,0,0,0,0,0,0,0,0,0,0,0,0,0,0,0,0,0,0,0,0,0,0,0,0,0,0,0,0,0,0,0,0,0,0
"k__Bacteria|p__Spirochaetes|c__Spirochaetia|o__Spirochaetales|f__Spirochaetaceae|g__Treponema|s__Treponema_denticola",0,0,0,0,0,0,0,0,0,0,0,0,0,0,0,0,0,0,0,0,0,0,0,0,0,0,0,0,0,0,0,0,0,0,0,0,0,0,0,0,0,0,0,0,0,0,0,0,0,0,0,0,0,0,0,0,0,0,0,0,0,0,0,0,0,0,0,0,0,0,0,0,0,0,0,0,0,0,0,0,0,0,0,0,0,0,0,0,0,0,0,0,0,0,0,0,0,0,0,0,0,0,0,0,0,0,0,0,0,0,0,0,0,0,0,0,0,0,0,0,0,0,0,0,0,0,0,0,0,0,0,0,0,0,0,0,0,0,0,0,0,0,0,0,0,0,0
"k__Bacteria|p__Firmicutes|c__Clostridia|o__Clostridiales|f__Clostridiales_Family_XIII_Incertae_Sedis|g__Mogibacterium|s__Mogibacterium_pumilum",0,0,0,0,0,0,0,0,0,0,0,0,0,0,0,0,0,0,0,0,0,0,0,0,0,0,0,0,0,0,0,0,0,0,0,0,0,0,0,0,0,0,0,0,0,0,0,0,0,0,0,0,0,0,0,0,0,0,0,0,0,0,0,0,0,0,0,0,0,0,0,0,0,0,0,0,0,0,0,0,0,0,0,0,0,0,0,0,0,0,0,0,0,0,0,0,0,0,0,0,0,0,0,0,0,0,0,0,0,0,0,0,0,0,0,0,0,0,0,0,0,0,0,0,0,0,0,0,0,0,0,0,0,0,0,0,0,0,0,0,0,0,0,0,0,0,0
"k__Bacteria|p__Bacteroidetes|c__Bacteroidia|o__Bacteroidales|f__Porphyromonadaceae|g__Porphyromonas|s__Porphyromonas_endodontalis",0,0,0,0,0,0,0,0,0,0,0,0,0,0,0,0,0,0,0,0,0,0,0,0,0,0,0,0,0,0,0,0,0,0,0,0,0,0,0,0,0,0,0,0,0,0,0,0,0,0,0,0,0,0,0,0,0,0,0,0,0,0,0,0,0,0,0,0,0,0,0,0,0,0,0,0,0,0,0,0,0,0,0,0,0,0,0,0,0,0,0,0,0,0,0,0,0,0,0,0,0,0,0,0,0,0,0,0,0,0,0,0,0,0,0,0,0,0,0,0,0,0,0,0,0,0,0,0,0,0,0,0,0,0,0,0,0,0,0,0,0,0,0,0,0,0,0
"k__Bacteria|p__Bacteroidetes|c__Bacteroidetes_unclassified|o__Bacteroidetes_unclassified|f__Bacteroidetes_unclassified|g__Bacteroidetes_unclassified|s__Bacteroidetes_oral_taxon_274",0,0,0,0,0,0,0,0,0,0,0,0,0,0,0,0,0,0,0,0,0,0,0,0,0,0,0,0,0,0,0,0,0,0,0,0,0,0,0,0,0,0,0,0,0,0,0,0,0,0,0,0,0,0,0,0,0,0,0,0,0,0,0,0,0,0,0,0,0,0,0,0,0,0,0,0,0,0,0,0,0,0,0,0,0,0,0,0,0,0,0,0,0,0,0,0,0,0,0,0,0,0,0,0,0,0,0,0,0,0,0,0,0,0,0,0,0,0,0,0,0,0,0,0,0,0,0,0,0,0,0,0,0,0,0,0,0,0,0,0,0,0,0,0,0,0,0
"k__Bacteria|p__Bacteroidetes|c__Bacteroidia|o__Bacteroidales|f__Prevotellaceae|g__Prevotella|s__Prevotella_oulorum",0,0,0,0,0,0,0,0,0,0,0,0,0,0,0,0,0,0,0,0,0,0,0,0,0,0,0,0,0,0,0,0,0,0,0,0,0,0,0,0,0,0,0,0,0,0,0,0,0,0,0,0,0,0,0,0,0,0,0,0,0,0,0,0,0,0,0,0,0,0,0,0,0,0,0,0,0,0,0,0,0,0,0,0,0,0,0,0,0,0,0,0,0,0,0,0,0,0,0,0,0,0,0,0,0,0,0,0,0,0,0,0,0,0,0,0,0,0,0,0,0,0,0,0,0,0,0,0,0,0,0,0,0,0,0,0,0,0,0,0,0,0,0,0,0,0,0
"k__Bacteria|p__Bacteroidetes|c__Flavobacteriia|o__Flavobacteriales|f__Flavobacteriaceae|g__Capnocytophaga|s__Capnocytophaga_sp_oral_taxon_332",0,0,0,0,0,0,0,0,0,0,0,0,0,0,0,0,0,0,0,0,0,0,0,0,0,0,0,0,0,0,0,0,0,0,0,0,0,0,0,0,0,0,0,0,0,0,0,0,0,0,0,0,0,0,0,0,0,0,0,0,0,0,0,0,0,0,0,0,0,0,0,0,0,0,0,0,0,0,0,0,0,0,0,0,0,0,0,0,0,0,0,0,0,0,0,0,0,0,0,0,0,0,0,0,0,0,0,0,0,0,0,0,0,0,0,0,0,0,0,0,0,0,0,0,0,0,0,0,0,0,0,0,0,0,0,0,0,0,0,0,0,0,0,0,0,0,0
"k__Bacteria|p__Bacteroidetes|c__Bacteroidia|o__Bacteroidales|f__Prevotellaceae|g__Prevotella|s__Prevotella_denticola",0,0,0,0,0,0,0,0,0,0,0,0,0,0,0,0,0,0,0,0,0,0,0,0,0,0,0,0,0,0,0,0,0,0,0,0,0,0,0,0,0,0,0,0,0,0,0,0,0,0,0,0,0,0,0,0,0,0,0,0,0,0,0,0,0,0,0,0,0,0,0,0,0,0,0,0,0,0,0,0,0,0,0,0,0,0,0,0,0,0,0,0,0,0,0,0,0,0,0,0,0,0,0,0,0,0,0,0,0,0,0,0,0,0,0,0,0,0,0,0,0,0,0,0,0,0,0,0,0,0,0,0,0,0,0,0,0,0,0,0,0,0,0,0,0,0,0
"k__Bacteria|p__Bacteroidetes|c__Bacteroidia|o__Bacteroidales|f__Prevotellaceae|g__Prevotella|s__Prevotella_scopos",0,0,0,0,0,0,0,0,0,0,0,0,0,0,0,0,0,0,0,0,0,0,0,0,0,0,0,0,0,0,0,0,0,0,0,0,0,0,0,0,0,0,0,0,0,0,0,0,0,0,0,0,0,0,0,0,0,0,0,0,0,0,0,0,0,0,0,0,0,0,0,0,0,0,0,0,0,0,0,0,0,0,0,0,0,0,0,0,0,0,0,0,0,0,0,0,0,0,0,0,0,0,0,0,0,0,0,0,0,0,0,0,0,0,0,0,0,0,0,0,0,0,0,0,0,0,0,0,0,0,0,0,0,0,0,0,0,0,0,0,0,0,0,0,0,0,0
"k__Bacteria|p__Fusobacteria|c__Fusobacteriia|o__Fusobacteriales|f__Leptotrichiaceae|g__Leptotrichia|s__Leptotrichia_buccalis",0,0,0,0,0,0,0,0,0,0,0,0,0,0,0,0,0,0,0,0,0,0,0,0,0,0,0,0,0,0,0,0,0,0,0,0,0,0,0,0,0,0,0,0,0,0,0,0,0,0,0,0,0,0,0,0,0,0,0,0,0,0,0,0,0,0,0,0,0,0,0,0,0,0,0,0,0,0,0,0,0,0,0,0,0,0,0,0,0,0,0,0,0,0,0,0,0,0,0,0,0,0,0,0,0,0,0,0,0,0,0,0,0,0,0,0,0,0,0,0,0,0,0,0,0,0,0,0,0,0,0,0,0,0,0,0,0,0,0,0,0,0,0,0,0,0,0
"k__Bacteria|p__Firmicutes|c__Negativicutes|o__Selenomonadales|f__Selenomonadaceae|g__Selenomonas|s__Selenomonas_sputigena",0,0,0,0,0,0,0,0,0,0,0,0,0,0,0,0,0,0,0,0,0,0,0,0,0,0,0,0,0,0,0,0,0,0,0,0,0,0,0,0,0,0,0,0,0,0,0,0,0,0,0,0,0,0,0,0,0,0,0,0,0,0,0,0,0,0,0,0,0,0,0,0,0,0,0,0,0,0,0,0,0,0,0,0,0,0,0,0,0,0,0,0,0,0,0,0,0,0,0,0,0,0,0,0,0,0,0,0,0,0,0,0,0,0,0,0,0,0,0,0,0,0,0,0,0,0,0,0,0,0,0,0,0,0,0,0,0,0,0,0,0,0,0,0,0,0,0
"k__Bacteria|p__Bacteroidetes|c__Bacteroidia|o__Bacteroidales|f__Porphyromonadaceae|g__Porphyromonas|s__Porphyromonas_catoniae",0,0,0,0,0,0,0,0,0,0,0,0,0,0,0,0,0,0,0,0,0,0,0,0,0,0,0,0,0,0,0,0,0,0,0,0,0,0,0,0,0,0,0,0,0,0,0,0,0,0,0,0,0,0,0,0,0,0,0,0,0,0,0,0,0,0,0,0,0,0,0,0,0,0,0,0,0,0,0,0,0,0,0,0,0,0,0,0,0,0,0,0,0,0,0,0,0,0,0,0,0,0,0,0,0,0,0,0,0,0,0,0,0,0,0,0,0,0,0,0,0,0,0,0,0,0,0,0,0,0,0,0,0,0,0,0,0,0,0,0,0,0,0,0,0,0,0
"k__Bacteria|p__Firmicutes|c__Bacilli|o__Lactobacillales|f__Streptococcaceae|g__Streptococcus|s__Streptococcus_sp_M334",0,0,0,0,0,0,0,0,0,0,0,0,0,0,0,0.00036,0,0,0,0,0,0,0,0,0,0,0,0,0,0,0,0,0,0,0,0,0,0,0,0,0,0,0,0,0,0,0,0,0,0,0,0,0,0,0,0,0,0,0,0,0,0,0,0,0,0,0,0,0,0,0,0,0,0,0,0,0,0,0,0,0,0,0,0,0,0,0,0,0,0,0,0,0,0,0,0,0,0,0,0,0,0,0,0,0,0,0,0,0,0,0,0,0,0,0,0,0,0,0,0,0,0,0,0,0,0,0,0,0,0,0,0,0,0,0,0,0,0,0,0,0,0,0,0,0,0,0
"k__Bacteria|p__Bacteroidetes|c__Bacteroidia|o__Bacteroidales|f__Prevotellaceae|g__Prevotella|s__Prevotella_veroralis",0,0,0,0,0,0,0,0,0,0,0,0,0,0,0,0,0,0,0,0,0,0,0,0,0,0,0,0,0,0,0,0,0,0,0,0,0,0,0,0,0,0,0,0,0,0,0,0,0,0,0,0,0,0,0,0,0,0,0,0,0,0,0,0,0,0,0,0,0,0,0,0,0,0,0,0,0,0,0,0,0,0,0,0,0,0,0,0,0,0,0,0,0,0,0,0,0,0,0,0,0,0,0,0,0,0,0,0,0,0,0,0,0,0,0,0,0,0,0,0,0,0,0,0,0,0,0,0,0,0,0,0,0,0,0,0,0,0,0,0,0,0,0,0,0,0,0
"k__Bacteria|p__Actinobacteria|c__Coriobacteriia|o__Eggerthellales|f__Eggerthellaceae|g__Slackia|s__Slackia_exigua",0,0,0,0,0,0,0,0,0,0,0,0,0,0,0,0,0,0,0,0,0,0,0,0,0,0,0,0,0,0,0,0,0,0,0,0,0,0,0,0,0,0,0,0,0,0,0,0,0,0,0,0,0,0,0,0,0,0,0,0,0,0,0,0,0,0,0,0,0,0,0,0,0,0,0,0,0,0,0,0,0,0,0,0,0,0,0,0,0,0,0,0,0,0,0,0,0,0,0,0,0,0,0,0,0,0,0,0,0,0,0,0,0,0,0,0,0,0,0,0,0,0,0,0,0,0,0,0,0,0,0,0,0,0,0,0,0,0,0,0,0,0,0,0,0,0,0
"k__Bacteria|p__Firmicutes|c__Tissierellia|o__Tissierellales|f__Peptoniphilaceae|g__Parvimonas|s__Parvimonas_sp_oral_taxon_110",0,0,0,0,0,0,0,0,0,0,0,0,0,0,0,0,0,0,0,0,0,0,0,0,0,0,0,0,0,0,0,0,0,0,0,0,0,0,0,0,0,0,0,0,0,0,0,0,0,0,0,0,0,0,0,0,0,0,0,0,0,0,0,0,0,0,0,0,0,0,0,0,0,0,0,0,0,0,0,0,0,0,0,0,0,0,0,0,0,0,0,0,0,0,0,0,0,0,0,0,0,0,0,0,0,0,0,0,0,0,0,0,0,0,0,0,0,0,0,0,0,0,0,0,0,0,0,0,0,0,0,0,0,0,0,0,0,0,0,0,0,0,0,0,0,0,0
"k__Bacteria|p__Fusobacteria|c__Fusobacteriia|o__Fusobacteriales|f__Leptotrichiaceae|g__Leptotrichia|s__Leptotrichia_goodfellowii",0,0,0,0,0,0,0,0,0,0,0,0,0,0,0,0,0,0,0,0,0,0,0,0,0,0,0,0,0,0,0,0,0,0,0,0,0,0,0,0,0,0,0,0,0,0,0,0,0,0,0,0,0,0,0,0,0,0,0,0,0,0,0,0,0,0,0,0,0,0,0,0,0,0,0,0,0,0,0,0,0,0,0,0,0,0,0,0,0,0,0,0,0,0,0,0,0,0,0,0,0,0,0,0,0,0,0,0,0,0,0,0,0,0,0,0,0,0,0,0,0,0,0,0,0,0,0,0,0,0,0,0,0,0,0,0,0,0,0,0,0,0,0,0,0,0,0
"k__Bacteria|p__Spirochaetes|c__Spirochaetia|o__Spirochaetales|f__Spirochaetaceae|g__Treponema|s__Treponema_medium",0,0,0,0,0,0,0,0,0,0,0,0,0,0,0,0,0,0,0,0,0,0,0,0,0,0,0,0,0,0,0,0,0,0,0,0,0,0,0,0,0,0,0,0,0,0,0,0,0,0,0,0,0,0,0,0,0,0,0,0,0,0,0,0,0,0,0,0,0,0,0,0,0,0,0,0,0,0,0,0,0,0,0,0,0,0,0,0,0,0,0,0,0,0,0,0,0,0,0,0,0,0,0,0,0,0,0,0,0,0,0,0,0,0,0,0,0,0,0,0,0,0,0,0,0,0,0,0,0,0,0,0,0,0,0,0,0,0,0,0,0,0,0,0,0,0,0
"k__Bacteria|p__Proteobacteria|c__Gammaproteobacteria|o__Pasteurellales|f__Pasteurellaceae|g__Haemophilus|s__Haemophilus_pittmaniae",0,0,0,0,0,0,0,0,0,0,0,0,0,0,0,0,0,0,0,0,0,0,0,0,0,0,0,0,0,0,0,0,0,0,0,0,0,0,0,0,0,0,0,0,0,0,0,0,0,0,0,0,0,0,0,0,0,0,0,0,0,0,0,0,0,0,0,0,0,0,0,0,0,0,0,0,0,0,0,0,0,0,0,0,0,0,0,0,0,0,0,0,0,0,0,0,0,0,0,0,0,0,0,0,0.29483,0,0,0,0,0,0,0,0,0,0,0,0,0,0,0,0,0,0,0,0,0,0,0,0.01298,0,0,0.00057,0,0,0,0,0,0,0,0,0,0,0,0,0,0,0
"k__Bacteria|p__Fusobacteria|c__Fusobacteriia|o__Fusobacteriales|f__Fusobacteriaceae|g__Fusobacterium|s__Fusobacterium_hwasookii",0,0,0,0,0,0,0,0,0,0,0,0,0,0,0,0,0,0,0,0,0,0,0,0,0,0,0,0,0,0,0,0,0,0,0,0,0,0,0,0,0,0,0,0,0,0,0,0,0,0,0,0,0,0,0,0,0,0,0,0,0,0,0,0,0,0,0,0,0,0,0,0,0,0,0,0,0,0,0,0,0,0,0,0,0,0,0,0,0,0,0,0,0,0,0,0,0,0,0,0,0,0,0,0,0,0,0,0,0,0,0,0,0,0,0,0,0,0,0,0,0,0,0,0,0,0,0,0,0,0,0,0,0,0,0,0,0,0,0,0,0,0,0,0,0,0,0
"k__Bacteria|p__Bacteroidetes|c__Bacteroidia|o__Bacteroidales|f__Porphyromonadaceae|g__Porphyromonas|s__Porphyromonas_canoris",0,0,0,0,0,0,0,0,0,0,0,0,0,0,0,0,0,0,0,0,0,0,0,0,0,0,0,0,0,0,0,0,0,0,0,0,0,0,0,0,0,0,0,0,0,0,0,0,0,0,0,0,0,0,0,0,0,0,0,0,0,0,0,0,0,0,0,0,0,0,0,0,0,0,0,0,0,0,0,0,0,0,0,0,0,0,0,0,0,0,0,0,0,0,0,0,0,0,0,0,0,0,0,0,0,0,0,0,0,0,0,0,0,0,0,0,0,0,0,0,0,0,0,0,0,0,0,0,0,0,0,0,0,0,0,0,0,0,0,0,0,0,0,0,0,0,0
"k__Bacteria|p__Actinobacteria|c__Coriobacteriia|o__Coriobacteriales|f__Atopobiaceae|g__Olsenella|s__Olsenella_uli",0,0,0,0,0,0,0,0,0,0,0,0,0,0,0,0,0,0,0,0,0,0,0,0,0,0,0,0,0,0,0,0,0,0,0,0,0,0,0,0,0,0,0,0,0,0,0,0,0,0,0,0,0,0,0,0,0,0,0,0,0,0,0,0,0,0,0,0,0,0,0,0,0,0,0,0,0,0,0,0,0,0,0,0,0,0,0,0,0,0,0,0,0,0,0,0,0,0,0,0,0,0,0,0,0,0,0,0,0,0,0,0,0,0,0,0,0,0,0,0,0,0,0,0,0,0,0,0,0,0,0,0,0,0,0,0,0,0,0,0,0,0,0,0,0,0,0
"k__Bacteria|p__Bacteroidetes|c__Bacteroidia|o__Bacteroidales|f__Prevotellaceae|g__Prevotella|s__Prevotella_sp_oral_taxon_306",0,0,0,0,0,0,0,0,0,0,0,0,0,0,0,0,0,0,0,0,0,0,0,0,0,0,0,0,0,0,0,0,0,0,0,0,0,0,0,0,0,0,0,0,0,0,0,0,0,0,0,0,0,0,0,0,0,0,0,0,0,0,0,0,0,0,0,0,0,0,0,0,0,0,0,0,0,0,0,0,0,0,0,0,0,0,0,0,0,0,0,0,0,0,0,0,0,0,0,0,0,0,0,0,0,0,0,0,0,0,0,0,0,0,0,0,0,0,0,0,0,0,0,0,0,0,0,0,0,0,0,0,0,0,0,0,0,0,0,0,0,0,0,0,0,0,0
"k__Bacteria|p__Firmicutes|c__Negativicutes|o__Selenomonadales|f__Selenomonadaceae|g__Selenomonas|s__Selenomonas_flueggei",0,0,0,0,0,0,0,0,0,0,0,0,0,0,0,0,0,0,0,0,0,0,0,0,0,0,0,0,0,0,0,0,0,0,0,0,0,0,0,0,0,0,0,0,0,0,0,0,0,0,0,0,0,0,0,0,0,0,0,0,0,0,0,0,0,0,0,0,0,0,0,0,0,0,0,0,0,0,0,0,0,0,0,0,0,0,0,0,0,0,0,0,0,0,0,0,0,0,0,0,0,0,0,0,0,0,0,0,0,0,0,0,0,0,0,0,0,0,0,0,0,0,0,0,0,0,0,0,0,0,0,0,0,0,0,0,0,0,0,0,0,0,0,0,0,0,0
"k__Bacteria|p__Bacteroidetes|c__Bacteroidia|o__Bacteroidales|f__Porphyromonadaceae|g__Porphyromonas|s__Porphyromonas_sp_oral_taxon_278",0,0,0,0,0,0,0,0,0,0,0,0,0,0,0,0,0,0,0,0,0,0,0,0,0,0,0,0,0,0,0,0,0,0,0,0,0,0,0,0,0,0,0,0,0,0,0,0,0,0,0,0,0,0,0,0,0,0,0,0,0,0,0,0,0,0,0,0,0,0,0,0,0,0,0,0,0,0,0,0,0,0,0,0,0,0,0,0,0,0,0,0,0,0,0,0,0,0,0,0,0,0,0,0,0,0,0,0,0,0,0,0,0,0,0,0,0,0,0,0,0,0,0,0,0,0,0,0,0,0,0,0,0,0,0,0,0,0,0,0,0,0,0,0,0,0,0
"k__Bacteria|p__Proteobacteria|c__Gammaproteobacteria|o__Pasteurellales|f__Pasteurellaceae|g__Aggregatibacter|s__Aggregatibacter_aphrophilus",0,0,0,0,0,0,0,0,0,0,0,0,0,0,0,0,0,0,0,0,0,0,0,0,0,0,0,0,0,0,0,0,0,0,0,0,0,0,0,0,0,0,0,0,0,0,0,0,0,0,0,0,0,0,0,0,0,0,0,0,0,0,0,0,0,0,0,0,0,0,0,0,0,0,0,0,0,0,0,0,0,0,0,0,0,0,0,0,0,0,0,0,0,0,0,0,0,0,0,0,0,0,0,0,0,0,0,0,0,0,0,0,0,0,0,0,0,0,0,0,0,0,0,0,0,0,0,0,0,0,0,0,0,0,0,0,0,0,0,0,0,0,0,0,0,0,0
"k__Bacteria|p__Firmicutes|c__Clostridia|o__Clostridiales|f__Peptostreptococcaceae|g__Peptoanaerobacter|s__Eubacterium_yurii",0,0,0,0,0,0,0,0,0,0,0,0,0,0,0,0,0,0,0,0,0,0,0,0,0,0,0,0,0,0,0,0,0,0,0,0,0,0,0,0,0,0,0,0,0,0,0,0,0,0,0,0,0,0,0,0,0,0,0,0,0,0,0,0,0,0,0,0,0,0,0,0,0,0,0,0,0,0,0,0,0,0,0,0,0,0,0,0,0,0,0,0,0,0,0,0,0,0,0,0,0,0,0,0,0,0,0,0,0,0,0,0,0,0,0,0,0,0,0,0,0,0,0,0,0,0,0,0,0,0,0,0,0,0,0,0,0,0,0,0,0,0,0,0,0,0,0
"k__Bacteria|p__Bacteroidetes|c__Bacteroidia|o__Bacteroidales|f__Prevotellaceae|g__Prevotella|s__Prevotella_buccae",0,0,0,0,0,0,0,0,0,0,0,0,0,0,0,0,0,0,0,0,0,0,0,0,0,0,0,0,0,0,0,0,0,0,0,0,0,0,0,0,0,0,0,0,0,0,0,0,0,0,0,0,0,0,0,0,0,0,0,0,0,0,0,0,0,0,0,0,0,0,0,0,0,0,0,0,0,0,0,0,0,0,0,0,0,0,0,0,0,0,0,0,0,0,0,0,0,0,0,0,0,0,0,0,0,0,0,0,0,0,0,0,0,0,0,0,0,0,0,0,0,0,0,0,0,0,0,0,0,0,0,0,0,0,0,0,0,0,0,0,0,0,0,0,0,0,0
"k__Bacteria|p__Firmicutes|c__Negativicutes|o__Veillonellales|f__Veillonellaceae|g__Anaeroglobus|s__Anaeroglobus_geminatus",0,0,0,0,0,0,0,0,0,0,0,0,0,0,0,0,0,0,0,0,0,0,0,0,0,0,0,0,0,0,0,0,0,0,0,0,0,0,0,0,0,0,0,0,0,0,0,0,0,0,0,0,0,0,0,0,0,0,0,0,0,0,0,0,0,0,0,0,0,0,0,0,0,0,0,0,0,0,0,0,0,0,0,0,0,0,0,0,0,0,0,0,0,0,0,0,0,0,0,0,0,0,0,0,0,0,0,0,0,0,0,0,0,0,0,0,0,0,0,0,0,0,0,0,0,0,0,0,0,0,0,0,0,0,0,0,0,0,0,0,0,0,0,0,0,0,0
"k__Bacteria|p__Firmicutes|c__Tissierellia|o__Tissierellales|f__Peptoniphilaceae|g__Parvimonas|s__Parvimonas_sp_oral_taxon_393",0,0,0,0,0,0,0,0,0,0,0,0,0,0,0,0,0,0,0,0,0,0,0,0,0,0,0,0,0,0,0,0,0,0,0,0,0,0,0,0,0,0,0,0,0,0,0,0,0,0,0,0,0,0,0,0,0,0,0,0,0,0,0,0,0,0,0,0,0,0,0,0,0,0,0,0,0,0,0,0,0,0,0,0,0,0,0,0,0,0,0,0,0,0,0,0,0,0,0,0,0,0,0,0,0,0,0,0,0,0,0,0,0,0,0,0,0,0,0,0,0,0,0,0,0,0,0,0,0,0,0,0,0,0,0,0,0,0,0,0,0,0,0,0,0,0,0
"k__Bacteria|p__Bacteroidetes|c__Bacteroidia|o__Bacteroidales|f__Tannerellaceae|g__Tannerella|s__Tannerella_forsythia",0,0,0,0,0,0,0,0,0,0,0,0,0,0,0,0,0,0,0,0,0,0,0,0,0,0,0,0,0,0,0,0,0,0,0,0,0,0,0,0,0,0,0,0,0,0,0,0,0,0,0,0,0,0,0,0,0,0,0,0,0,0,0,0,0,0,0,0,0,0,0,0,0,0,0,0,0,0,0,0,0,0,0,0,0,0,0,0,0,0,0,0,0,0,0,0,0,0,0,0,0,0,0,0,0,0,0,0,0,0,0,0,0,0,0,0,0,0,0,0,0,0,0,0,0,0,0,0,0,0,0,0,0,0,0,0,0,0,0,0,0,0,0,0,0,0,0
"k__Bacteria|p__Firmicutes|c__Clostridia|o__Clostridiales|f__Clostridiales_Family_XIII_Incertae_Sedis|g__Clostridiales_Family_XIII_Incertae_Sedis_unclassified|s__Eubacterium_infirmum",0,0,0,0,0,0,0,0,0,0,0,0,0,0,0,0,0,0,0,0,0,0,0,0,0,0.00025,0,0,0,0,0,0,0,0,0,0,0,0,0,0,0,0,0,0,0,0,0,0,0,0,0,0,0,0,0,0,0,0,0,0,0,0,0,0,0,0,0,0,0,0,0,0,0,0,0,0,0,0,0,0,0,0,0,0,0,0,0,0,0,0,0,0,0,0,0,0,0,0,0,0,0,0,0,0,0,0,0,0,0,0,0,0,0,0,0,0,0,0,0,0,0,0,0,0,0,0,0,0,0,0,0,0,0,0,0,0,0,0,0,0,0,0,0,0,0,0,0
"k__Bacteria|p__Actinobacteria|c__Actinobacteria|o__Actinomycetales|f__Actinomycetaceae|g__Actinomyces|s__Actinomyces_sp_oral_taxon_414",0,0,0,0,0,0,0,0,0,0,0,0,0,0,0,0,0,0,0,0,0,0,0,0,0,0,0,0,0,0,0,0,0,0,0,0,0,0,0,0,0,0,0,0,0,0,0,0,0,0,0,0,0,0,0,0,0,0,0,0,0,0,0,0,0,0,0,0,0,0,0,0,0,0,0,0,0,0,0,0,0,0,0,0,0,0,0,0,0,0,0,0,0,0,0,0,0,0,0,0,0,0,0,0,0,0,0,0,0,0,0,0,0,0,0,0,0,0,0,0,0,0,0,0,0,0,0,0,0,0,0,0,0,0,0,0,0,0,0,0,0,0,0,0,0,0,0
"k__Bacteria|p__Proteobacteria|c__Betaproteobacteria|o__Burkholderiales|f__Comamonadaceae|g__Ottowia|s__Ottowia_sp_oral_taxon_894",0,0,0,0,0,0,0,0,0,0,0,0,0,0,0,0,0,0,0,0,0,0,0,0,0,0,0,0,0,0,0,0,0,0,0,0,0,0,0,0,0,0,0,0,0,0,0,0,0,0,0,0,0,0,0,0,0,0,0,0,0,0,0,0,0,0,0,0,0,0,0,0,0,0,0,0,0,0,0,0,0,0,0,0,0,0,0,0,0,0,0,0,0,0,0,0,0,0,0,0,0,0,0,0,0,0,0,0,0,0,0,0,0,0,0,0,0,0,0,0,0,0,0,0,0,0,0,0,0,0,0,0,0,0,0,0,0,0,0,0,0,0,0,0,0,0,0
"k__Bacteria|p__Spirochaetes|c__Spirochaetia|o__Spirochaetales|f__Spirochaetaceae|g__Treponema|s__Treponema_maltophilum",0,0,0,0,0,0,0,0,0,0,0,0,0,0,0,0,0,0,0,0,0,0,0,0,0,0,0,0,0,0,0,0,0,0,0,0,0,0,0,0,0,0,0,0,0,0,0,0,0,0,0,0,0,0,0,0,0,0,0,0,0,0,0,0,0,0,0,0,0,0,0,0,0,0,0,0,0,0,0,0,0,0,0,0,0,0,0,0,0,0,0,0,0,0,0,0,0,0,0,0,0,0,0,0,0,0,0,0,0,0,0,0,0,0,0,0,0,0,0,0,0,0,0,0,0,0,0,0,0,0,0,0,0,0,0,0,0,0,0,0,0,0,0,0,0,0,0
"k__Bacteria|p__Firmicutes|c__Negativicutes|o__Selenomonadales|f__Selenomonadaceae|g__Selenomonas|s__Selenomonas_sp_oral_taxon_892",0,0,0,0,0,0,0,0,0,0,0,0,0,0,0,0,0,0,0,0,0,0,0,0,0,0,0,0,0,0,0,0,0,0,0,0,0,0,0,0,0,0,0,0,0,0,0,0,0,0,0,0,0,0,0,0,0,0,0,0,0,0,0,0,0,0,0,0,0,0,0,0,0,0,0,0,0,0,0,0,0,0,0,0,0,0,0,0,0,0,0,0,0,0,0,0,0,0,0,0,0,0,0,0,0,0,0,0,0,0,0,0,0,0,0,0,0,0,0,0,0,0,0,0,0,0,0,0,0,0,0,0,0,0,0,0,0,0,0,0,0,0,0,0,0,0,0
"k__Bacteria|p__Bacteroidetes|c__Bacteroidia|o__Bacteroidales|f__Prevotellaceae|g__Prevotella|s__Prevotella_saccharolytica",0,0,0,0,0,0,0,0,0,0,0,0,0,0,0,0,0,0,0,0,0,0,0,0,0,0,0,0,0,0,0,0,0,0,0,0,0,0,0,0,0,0,0,0,0,0,0,0,0,0,0,0,0,0,0,0,0,0,0,0,0,0,0,0,0,0,0,0,0,0,0,0,0,0,0,0,0,0,0,0,0,0,0,0,0,0,0,0,0,0,0,0,0,0,0,0,0,0,0,0,0,0,0,0,0,0,0,0,0,0,0,0,0,0,0,0,0,0,0,0,0,0,0,0,0,0,0,0,0,0,0,0,0,0,0,0,0,0,0,0,0,0,0,0,0,0,0
"k__Bacteria|p__Firmicutes|c__Clostridia|o__Clostridiales|f__Lachnospiraceae|g__Johnsonella|s__Johnsonella_ignava",0,0,0,0,0,0,0,0,0,0,0,0,0,0,0,0,0,0,0,0,0,0,0,0,0,0,0,0,0,0,0,0,0,0,0,0,0,0,0,0,0,0,0,0,0,0,0,0,0,0,0,0,0,0,0,0,0,0,0,0,0,0,0,0,0,0,0,0,0,0,0,0,0,0,0,0,0,0,0,0,0,0,0,0,0,0,0,0,0,0,0,0,0,0,0,0,0,0,0,0,0,0,0,0,0,0,0,0,0,0,0,0,0,0,0,0,0,0,0,0,0,0,0,0,0,0,0,0,0,0,0,0,0,0,0,0,0,0,0,0,0,0,0,0,0,0,0
"k__Bacteria|p__Firmicutes|c__Clostridia|o__Clostridiales|f__Lachnospiraceae|g__Catonella|s__Catonella_morbi",0,0,0,0,0,0,0,0,0,0,0,0,0,0,0,0,0,0,0,0,0,0,0,0,0,0,0,0,0,0,0,0,0,0,0,0,0,0,0,0,0,0,0,0,0,0,0,0,0,0,0,0,0,0,0,0,0,0,0,0,0,0,0,0,0,0,0,0,0,0,0,0,0,0,0,0,0,0,0,0,0,0,0,0,0,0,0,0,0,0,0,0,0,0,0,0,0,0,0,0,0,0,0,0,0,0,0,0,0,0,0,0,0,0,0,0,0,0,0,0,0,0,0,0,0,0,0,0,0,0,0,0,0,0,0,0,0,0,0,0,0,0,0,0,0,0,0
"k__Bacteria|p__Actinobacteria|c__Actinobacteria|o__Actinomycetales|f__Actinomycetaceae|g__Actinomyces|s__Actinomyces_hongkongensis",0,0,0,0,0,0,0,0,0,0,0,0,0,0,0,0,0,0,0,0,0,0,0,0,0,0,0,0,0,0,0,0,0,0,0,0,0,0,0,0,0,0,0,0,0,0,0,0,0,0,0,0,0,0,0,0,0,0,0,0,0,0,0,0,0,0,0,0,0,0,0,0,0,0,0,0,0,0,0,0,0,0,0,0,0,0,0,0,0,0,0,0,0,0,0,0,0,0,0,0,0,0,0,0,0,0,0,0,0,0,0,0,0,0,0,0,0,0,0,0,0,0,0,0,0,0,0,0,0,0,0,0,0,0,0,0,0,0,0,0,0,0,0,0,0,0,0
"k__Bacteria|p__Bacteroidetes|c__Bacteroidia|o__Bacteroidales|f__Prevotellaceae|g__Prevotella|s__Prevotella_micans",0,0,0,0,0,0,0,0,0,0,0,0,0,0,0,0,0,0,0,0,0,0,0,0,0,0,0,0,0,0,0,0,0,0,0,0,0,0,0,0,0,0,0,0,0,0,0,0,0,0,0,0,0,0,0,0,0,0,0,0,0,0,0,0,0,0,0,0,0,0,0,0,0,0,0,0,0,0,0,0,0,0,0,0,0,0,0,0,0,0,0,0,0,0,0,0,0,0,0,0,0,0,0,0,0,0,0,0,0,0,0,0,0,0,0,0,0,0,0,0,0,0,0,0,0,0,0,0,0,0,0,0,0,0,0,0,0,0,0,0,0,0,0,0,0,0,0
"k__Bacteria|p__Actinobacteria|c__Actinobacteria|o__Actinomycetales|f__Actinomycetaceae|g__Actinomyces|s__Actinomyces_georgiae",0,0,0,0,0,0,0,0,0,0,0,0,0,0,0,0,0,0,0,0,0,0,0,0,0,0,0,0,0,0,0,0,0,0,0,0,0,0,0,0,0,0,0,0,0,0,0,0,0,0,0,0,0,0,0,0,0,0,0,0,0,0,0,0,0,0,0,0,0,0,0,0,0,0,0,0,0,0,0,0,0,0,0,0,0,0,0,0,0,0,0,0,0,0,0,0,0,0,0,0,0,0,0,0,0,0,0,0,0,0,0,0,0,0,0,0,0,0,0,0,0,0,0,0,0,0,0,0,0,0,0,0,0,0,0,0,0,0,0,0,0,0,0,0,0,0,0
"k__Bacteria|p__Firmicutes|c__Negativicutes|o__Selenomonadales|f__Selenomonadaceae|g__Selenomonas|s__Selenomonas_artemidis",0,0,0,0,0,0,0,0,0,0,0,0,0,0,0,0,0,0,0,0,0,0,0,0,0,0,0,0,0,0,0,0,0,0,0,0,0,0,0,0,0,0,0,0,0,0,0,0,0,0,0,0,0,0,0,0,0,0,0,0,0,0,0,0,0,0,0,0,0,0,0,0,0,0,0,0,0,0,0,0,0,0,0,0,0,0,0,0,0,0,0,0,0,0,0,0,0,0,0,0,0,0,0,0,0,0,0,0,0,0,0,0,0,0,0,0,0,0,0,0,0,0,0,0,0,0,0,0,0,0,0,0,0,0,0,0,0,0,0,0,0,0,0,0,0,0,0
"k__Bacteria|p__Bacteroidetes|c__Bacteroidia|o__Bacteroidales|f__Prevotellaceae|g__Prevotella|s__Prevotella_maculosa",0,0,0,0,0,0,0,0,0,0,0,0,0,0,0,0,0,0,0,0,0,0,0,0,0,0,0,0,0,0,0,0,0,0,0,0,0,0,0,0,0,0,0,0,0,0,0,0,0,0,0,0,0,0,0,0,0,0,0,0,0,0,0,0,0,0,0,0,0,0,0,0,0,0,0,0,0,0,0,0,0,0,0,0,0,0,0,0,0,0,0,0,0,0,0,0,0,0,0,0,0,0,0,0,0,0,0,0,0,0,0,0,0,0,0,0,0,0,0,0,0,0,0,0,0,0,0,0,0,0,0,0,0,0,0,0,0,0,0,0,0,0,0,0,0,0,0
"k__Bacteria|p__Bacteroidetes|c__Bacteroidia|o__Bacteroidales|f__Prevotellaceae|g__Prevotella|s__Prevotella_enoeca",0,0,0,0,0,0,0,0,0,0,0,0,0,0,0,0,0,0,0,0,0,0,0,0,0,0,0,0,0,0,0,0,0,0,0,0,0,0,0,0,0,0,0,0,0,0,0,0,0,0,0,0,0,0,0,0,0,0,0,0,0,0,0,0,0,0,0,0,0,0,0,0,0,0,0,0,0,0,0,0,0,0,0,0,0,0,0,0,0,0,0,0,0,0,0,0,0,0,0,0,0,0,0,0,0,0,0,0,0,0,0,0,0,0,0,0,0,0,0,0,0,0,0,0,0,0,0,0,0,0,0,0,0,0,0,0,0,0,0,0,0,0,0,0,0,0,0
"k__Bacteria|p__Firmicutes|c__Negativicutes|o__Selenomonadales|f__Selenomonadaceae|g__Centipeda|s__Centipeda_periodontii",0,0,0,0,0,0,0,0,0,0,0,0,0,0,0,0,0,0,0,0,0,0,0,0,0,0,0,0,0,0,0,0,0,0,0,0,0,0,0,0,0,0,0,0,0,0,0,0,0,0,0,0,0,0,0,0,0,0,0,0,0,0,0,0,0,0,0,0,0,0,0,0,0,0,0,0,0,0,0,0,0,0,0,0,0,0,0,0,0,0,0,0,0,0,0,0,0,0,0,0,0,0,0,0,0,0,0,0,0,0,0,0,0,0,0,0,0,0,0,0,0,0,0,0,0,0,0,0,0,0,0,0,0,0,0,0,0,0,0,0,0,0,0,0,0,0,0
"k__Bacteria|p__Proteobacteria|c__Epsilonproteobacteria|o__Campylobacterales|f__Campylobacteraceae|g__Campylobacter|s__Campylobacter_curvus",0,0,0,0,0,0,0,0,0,0,0,0,0,0,0,0,0,0,0,0,0,0,0,0,0,0,0,0,0,0,0,0,0,0,0,0,0,0,0,0,0,0,0,0,0,0,0,0,0,0,0,0,0,0,0,0,0,0,0,0,0,0,0,0,0,0,0,0,0,0,0,0,0,0,0,0,0,0,0,0,0,0,0,0,0,0,0,0,0,0,0,0,0,0,0,0,0,0,0,0,0,0,0,0,0,0,0,0,0,0,0,0,0,0,0,0,0,0,0,0,0,0,0,0,0,0,0,0,0,0,0,0,0,0,0,0,0,0,0,0,0,0,0,0,0,0,0
"k__Bacteria|p__Firmicutes|c__Negativicutes|o__Selenomonadales|f__Selenomonadaceae|g__Selenomonas|s__Selenomonas_sp_FOBRC6",0,0,0,0,0,0,0,0,0,0,0,0,0,0,0,0,0,0,0,0,0,0,0,0,0,0,0,0,0,0,0,0,0,0,0,0,0,0,0,0,0,0,0,0,0,0,0,0,0,0,0,0,0,0,0,0,0,0,0,0,0,0,0,0,0,0,0,0,0,0,0,0,0,0,0,0,0,0,0,0,0,0,0,0,0,0,0,0,0,0,0,0,0,0,0,0,0,0,0,0,0,0,0,0,0,0,0,0,0,0,0,0,0,0,0,0,0,0,0,0,0,0,0,0,0,0,0,0,0,0,0,0,0,0,0,0,0,0,0,0,0,0,0,0,0,0,0
"k__Bacteria|p__Proteobacteria|c__Betaproteobacteria|o__Neisseriales|f__Neisseriaceae|g__Neisseria|s__Neisseria_gonorrhoeae",0,0,0,0,0,0,0,0,0,0,0,0,0,0,0,0,0,0,0,0,0,0,0,0,0,0,0,0,0,0,0,0,0,0,0,0,0,0,0,0,0,0,0,0,0,0,0,0,0,0,0,0,0,0,0,0,0,0,0,0,0,0,0,0,0,0,0,0,0,0,0,0,0,0,0,0,0,0,0,0,0,0,0,0,0,0,0,0,0,0,0,0,0,0,0,0,0,0,0,0,0,0,0,0,0,0,0,0,0,0,0,0,0,0,0,0,0,0,0,0,0,0,0,0,0,0,0,0,0,0,0,0,0,0,0,0,0,0,0,0,0,0,0,0,0,0,0
"k__Bacteria|p__Firmicutes|c__Negativicutes|o__Selenomonadales|f__Selenomonadaceae|g__Selenomonas|s__Selenomonas_sp_oral_taxon_920",0,0,0,0,0,0,0,0,0,0,0,0,0,0,0,0,0,0,0,0,0,0,0,0,0,0,0,0,0,0,0,0,0,0,0,0,0,0,0,0,0,0,0,0,0,0,0,0,0,0,0,0,0,0,0,0,0,0,0,0,0,0,0,0,0,0,0,0,0,0,0,0,0,0,0,0,0,0,0,0,0,0,0,0,0,0,0,0,0,0,0,0,0,0,0,0,0,0,0,0,0,0,0,0,0,0,0,0,0,0,0,0,0,0,0,0,0,0,0,0,0,0,0,0,0,0,0,0,0,0,0,0,0,0,0,0,0,0,0,0,0,0,0,0,0,0,0
"k__Bacteria|p__Firmicutes|c__Negativicutes|o__Selenomonadales|f__Selenomonadaceae|g__Selenomonas|s__Selenomonas_sp_oral_taxon_138",0,0,0,0,0,0,0,0,0,0,0,0,0,0,0,0,0,0,0,0,0,0,0,0,0,0,0,0,0,0,0,0,0,0,0,0,0,0,0,0,0,0,0,0,0,0,0,0,0,0,0,0,0,0,0,0,0,0,0,0,0,0,0,0,0,0,0,0,0,0,0,0,0,0,0,0,0,0,0,0,0,0,0,0,0,0,0,0,0,0,0,0,0,0,0,0,0,0,0,0,0,0,0,0,0,0,0,0,0,0,0,0,0,0,0,0,0,0,0,0,0,0,0,0,0,0,0,0,0,0,0,0,0,0,0,0,0,0,0,0,0,0,0,0,0,0,0
"k__Bacteria|p__Spirochaetes|c__Spirochaetia|o__Spirochaetales|f__Spirochaetaceae|g__Treponema|s__Treponema_vincentii",0,0,0,0,0,0,0,0,0,0,0,0,0,0,0,0,0,0,0,0,0,0,0,0,0,0,0,0,0,0,0,0,0,0,0,0,0,0,0,0,0,0,0,0,0,0,0,0,0,0,0,0,0,0,0,0,0,0,0,0,0,0,0,0,0,0,0,0,0,0,0,0,0,0,0,0,0,0,0,0,0,0,0,0,0,0,0,0,0,0,0,0,0,0,0,0,0,0,0,0,0,0,0,0,0,0,0,0,0,0,0,0,0,0,0,0,0,0,0,0,0,0,0,0,0,0,0,0,0,0,0,0,0,0,0,0,0,0,0,0,0,0,0,0,0,0,0
"k__Bacteria|p__Proteobacteria|c__Betaproteobacteria|o__Neisseriales|f__Neisseriaceae|g__Neisseria|s__Neisseria_mucosa",0,0,0,0,0,0,0,0,0,0,0,0,0,0,0,0,0,0,0,0,0,0,0,0,0,0,0,0,0,0,0,0,0,0,0,0,0,0,0,0,0,0,0,0,0,0,0,0,0,0,0,0,0,0,0,0,0,0,0,0,0,0,0,0,0,0,0,0,0,0,0,0,0,0,0,0,0,0,0,0,0,0,0,0,0,0,0,0,0,0,0,0,0,0,0,0,0,0,0,0,0,0,0,0,0,0,0,0,0,0,0,0,0,0,0,0,0,0,0,0,0,0,0,0,0,0,0,0,0,0,0,0,0,0,0,0,0,0,0,0,0,0,0,0,0,0,0
"k__Bacteria|p__Proteobacteria|c__Epsilonproteobacteria|o__Campylobacterales|f__Campylobacteraceae|g__Campylobacter|s__Campylobacter_rectus",0,0,0,0,0,0,0,0,0,0,0,0,0,0,0,0,0,0,0,0,0,0,0,0,0,0,0,0,0,0,0,0,0,0,0,0,0,0,0,0,0,0,0,0,0,0,0,0,0,0,0,0,0,0,0,0,0,0,0,0,0,0,0,0,0,0,0,0,0,0,0,0,0,0,0,0,0,0,0,0,0,0,0,0,0,0,0,0,0,0,0,0,0,0,0,0,0,0,0,0,0,0,0,0,0,0,0,0,0,0,0,0,0,0,0,0,0,0,0,0,0,0,0,0,0,0,0,0,0,0,0,0,0,0,0,0,0,0,0,0,0,0,0,0,0,0,0
"k__Bacteria|p__Firmicutes|c__Negativicutes|o__Selenomonadales|f__Selenomonadaceae|g__Selenomonas|s__Selenomonas_sp_oral_taxon_126",0,0,0,0,0,0,0,0,0,0,0,0,0,0,0,0,0,0,0,0,0,0,0,0,0,0,0,0,0,0,0,0,0,0,0,0,0,0,0,0,0,0,0,0,0,0,0,0,0,0,0,0,0,0,0,0,0,0,0,0,0,0,0,0,0,0,0,0,0,0,0,0,0,0,0,0,0,0,0,0,0,0,0,0,0,0,0,0,0,0,0,0,0,0,0,0,0,0,0,0,0,0,0,0,0,0,0,0,0,0,0,0,0,0,0,0,0,0,0,0,0,0,0,0,0,0,0,0,0,0,0,0,0,0,0,0,0,0,0,0,0,0,0,0,0,0,0
"k__Bacteria|p__Bacteroidetes|c__Bacteroidia|o__Bacteroidales|f__Prevotellaceae|g__Prevotella|s__Prevotella_copri",0,0,14.30235,0,57.58089,0,0,0,40.85891,0.36313,0,0,0,0,0,38.98979,36.13082,0,0,0,0,0,0,0,0,0,0,0,0,0,0,0,0,0,0,9.34945,18.46279,0,0,0,0,0,0,0,0,0,0,0,0,0,0,0,0,66.2584,0,0,0,0,0,0,0,0,0,0,0,0,0,0.00071,0,13.55656,0,0,0,4.08569,0,0,0,0,0,0,0,0,0,38.02749,0,0,35.7242,0,0,24.16541,0,0,0,2.76671,0,0,0,0,0,0,0,0.00592,0,0,0.00269,0,0,12.29664,0,76.33451,0,0,0,73.17558,0,8.20752,10.62793,0,0,26.39316,0,0,0,0,0,0,0.00332,27.97565,0,0,0,0,0,0,0,0,0,0,0,0,0,0,0,0.00063,0,0,48.63992
"k__Bacteria|p__Firmicutes|c__Clostridia|o__Clostridiales|f__Lachnospiraceae|g__Butyrivibrio|s__Butyrivibrio_crossotus",0,0,13.78801,0.00073,0,0,0,0,0,0,0,0,0,0,26.98886,0,0,0,0,0,0,0,0,0,0,0,0,0,0,0,0,0,0,0,0,0,0,0,0,0,0,0,0,0,0,0,0,0,0,0,0,0,0,0,0,0,0,0.9172,0,0,0,0,0,0,0,0,0,0,0,16.43721,0,0,0,0,0,0,0,2.04986,0,0,0,0,0,7.21948,0,0,0,0,0,0,0,0,0,32.58462,0,0.08876,0,0,0,0,0,0,0,0,0,0,0,0,0,0,0,0,0,0,0,1.23717,0,0,0,0,0,0,0,0,0,0,0,0,0,0,0,0,0,0,0,0,0,0,0,0,0,0,0,0,0,0,0
"k__Bacteria|p__Bacteroidetes|c__Bacteroidia|o__Bacteroidales|f__Bacteroidaceae|g__Bacteroides|s__Bacteroides_massiliensis",0,0,2.85428,0,0.41955,0.49153,0,0,0,0,0,0,0,0,0,0.43576,0,0.52289,0.07163,3.52917,0,0,1.20735,0,1.22712,0,0,1.01526,0,0,2.68566,0,4.36883,0,0,0,0,0,0,0,2.42893,0,0,0,0.74523,0,0,0,2.46377,1.64874,0,0,0,0.03894,0.37416,0,0,6.45903,6.83391,0,0,2.12277,0,0,0,3.47712,0.83963,0,0,1.25913,0,4.44768,0,0.90444,0,3.34907,1.07078,0,0,10.08557,0,0,0,6.50537,0,0,0.62952,0,0,0,0,0,0,0,1.57867,0,0,0.11221,0,3.32165,0,0,0,0,0,9.63154,4.48727,0,1.53629,0,0,0,1.66451,0,8.52709,0,3.07467,0,0,0,0,0.44836,21.66255,3.27664,3.93941,0,0,1.30354,0,0,0,0,0,0,0,0,2.74546,0,0,0,0,1.74018,5.93285,0,0,0,0.7364
"k__Bacteria|p__Firmicutes|c__Erysipelotrichia|o__Erysipelotrichales|f__Erysipelotrichaceae|g__Catenibacterium|s__Catenibacterium_mitsuokai",0,0,2.06162,0,0,0,0,0,0.04475,0,0,0,0,0,0,0,0,0,0,0,0,0,0,0,0.06454,0,0,0,0,0,0,0,0,0,0,0,0,0,0,0,0,0,0,0,0,0,0,0,0,0,0,0.01787,0,0,0,0,0,0,0,0,0,0,0,0,0,0.00637,0,0,0,0.06967,0,0,0,0,0,0,0,0,0,0,0,0,0,0.04416,0,0,0,0,0,0,0,0,0,0,0,0,0,0,0,0,0,0,0,0,0.00819,0,0,0,0,0,0,0,0,0.12901,0,0,0,0,0,0,0,0,0,0,0,0,0,0,0,0,0,0,0,0,0,0,0,0,0,0,0,0,0,0,0,0,0
"k__Bacteria|p__Firmicutes|c__Clostridia|o__Clostridiales|f__Eubacteriaceae|g__Eubacterium|s__Eubacterium_sp_CAG_180",0,0,1.23901,0,0,0,0,0,0.41279,0,0,0,0,0,0.03739,0.66734,0.01465,0,27.72465,0,0,0,0,0,0,0.00514,0,0,0,0,0,0,0,0,0.67161,0.22567,0.013,0,0,0,0,0,0,0,0,0,0,0,0,0,0,0,0,0,0,0,0,0,0,0,0,0,0,0,0,0,0.60166,0,0,0,0,0,0,0,0,0.64188,2.52027,0,0.01693,0,0,0,0,0,0,0,0,0,0,0,0,0,0,0,0,0,0,0,0,0,0,0,0,0,0,1.41744,0.24745,0.4046,0,0.03529,0.21897,0,0,0,0,0.1087,0,0,0.00467,0,0,0.00041,0,0,0,0,0,0,0,0,0,0,0,0,0,0,0,0,0,0,0,0,0,0,0,0,0
"k__Bacteria|p__Firmicutes|c__Clostridia|o__Clostridiales|f__Ruminococcaceae|g__Ruminococcaceae_unclassified|s__Eubacterium_siraeum",0,0,0.86663,0.02052,0,0,0.72131,0,0.00051,1.7532,2.33592,0,0,0,0,0.00915,0,0,13.00607,0.21849,0.29601,0,4.67984,2.1501,0.00096,0.41565,0.052,4.1349,0.05912,2.10542,0,0,0,0,0.00102,0.1359,0.02598,0,0.85145,0.00525,0,0.08998,0.04617,0,0.1823,0.01073,0,0,0,0,0,0,0,0.00233,0,0.02585,0,0,0,0,0.00278,0,0,0.01003,0.81783,0.00333,1.43603,0.00158,0,0.63536,1.28668,0.03937,0.0049,0.01459,0.00859,0.91388,0.31729,0.09046,0,0.00378,1.25201,0.78901,0,0.4918,0,0,0,0,0,0.00362,0,0.01532,0,0,0,0,0,0.00302,0,0,0,0.26474,4.99334,3.835,0,0.47306,0.29063,0,3.4565,0.0481,0,0.0032,2.81509,0,0,18.73443,0.00516,0,0.14269,0,0.0049,0.00086,0,0,1.07731,0,1.71499,0.60015,0,0.044,3.56938,0.57028,0.01763,0,0,0,5e-04,0,0.00258,0.0045,0.08618,0,0,0.03175,0,0,0.00569
"k__Bacteria|p__Bacteroidetes|c__Bacteroidia|o__Bacteroidales|f__Bacteroidaceae|g__Bacteroides|s__Bacteroides_finegoldii",0,0,0.81704,0,0,0,0,0,0.78977,4.84128,0,0,0,0,0,1.26361,0,11.05851,0,5.8952,0,0,0,0,0,0,0,0,0,0,0,0,0,0,0.36291,2.33941,4.25238,0,0,0,0,0,0,0,0.90006,0,0,0,0,0,0,0,0,0,0,0,0.12421,3.86044,2.52832,0,0,0,0,0,0,0,0,0,0,0.55035,0,6.11642,0,0,0,0,0.13345,0,0,2.06222,0,0,0.74509,0.73412,0,0,0,3.53076,0,0,0,0,0,0,0,0,0,8.89126,0,0,23.54013,0.00046,0,0,0,0,0,1.08977,0.21394,0.97044,0,0,0.22415,0.70395,55.60508,0,1.20974,0,1.36824,0,0,0.1658,0,0,0,0,0,0.03018,0,0,0,0,0,0,0,0,1.37417,0,0.89584,0,0,0,36.06341,0,0,0,0.22347
"k__Bacteria|p__Bacteroidetes|c__Bacteroidia|o__Bacteroidales|f__Bacteroidaceae|g__Bacteroides|s__Bacteroides_eggerthii",0,0,0.6749,0,0,0,21.22188,7.23901,0,0,0,0,0,0,0,0,0,0.88589,0,0,0,0,0,0,2.97506,0.00044,0,0,0,0,0,0,0,0,1.14599,0,0,0,0,12.48471,0,0,0,0,0.00119,0,0,0,0,0,0,0,0,0,0,0,0,2.15649,0,0,0,0,0,0,0,6.45223,0,0,0,0,0,0,0,0,0,9.58958,0,0,0,3.53417,0,0,0,1.1184,0.01011,0,0,0,0,0,0,5.06729,0,0,0,0,0,0.8716,0,0,0,5.18881,0,0,0,0,0,0,0.005,0,4.03691,0,0.00251,0,0,0,0,0,0,0,0,0.26725,0,0,5.38256,0,0,0.27227,0,0,0,0,0,0,0,0,0,0,0,0,0,0,0,0,0,0,0
"k__Bacteria|p__Bacteroidetes|c__Bacteroidia|o__Bacteroidales|f__Bacteroidaceae|g__Bacteroides|s__Bacteroides_faecichinchillae",0,0,0.33892,0,0,0,0,0,0,0,0,0,0,0,0,0,0,0,0,0,0,0,0,0,0,0,0,0,0,0,0,0,0,0,0.01779,0,0,0,0,0,0,0,0,0,0,0,0,0,0,0,0,0,0,0,0,0,0,0,0,0,0,0,0,0,0,0,0,0,0,0,0,0,0,0,0,0.0033,0,0,0,0,0,0,0,0.09788,0,0,0,0,0,0,0,0,0,0,0,0,0,0,0,0,0,0,0,0,0,0,0,0,0,0,0,0,0,0,0,0,0,0,0,0,0,0.00529,0,0,0,0,0,0,0,0,0,0,0,0,0,0,0,0,0,0,0,0,0,0,0,0,0
"k__Bacteria|p__Bacteroidetes|c__Bacteroidia|o__Bacteroidales|f__Barnesiellaceae|g__Coprobacter|s__Coprobacter_fastidiosus",0,0,0.1291,0,0,0,0,0,0,0.48417,0,0,0,0,0.53596,0,0,0.72035,0,0,0,0,0,0,0,0,0,0,0,0,0,0,0.37316,0,0.01472,0.14162,0,0,0,0,0,0,0,0,0,0,0.00134,0,0.95325,0,0.06206,0,0,0,1.07718,0,0,0.71136,0,0,0,0,0,0,0,0,0,0,1.066,0,0,0,0,0,0,0,0,0,0,1.57088,0,0,0,0.0876,0,0,0,0,0,0,0,0,0,0.13812,0,0.54747,0,0.26121,0,0.98539,0.75696,0,0,0,0,0,0,0,0.0659,0.04519,0.42693,3.58371,0.06112,0,0,0,0,0,0.14248,0,0,0.00395,0,0,1.47577,0,0,0.14752,0,0,0,0,0,0,0,0,0,0,0,0,0,0.53305,0,0,0,0,0
"k__Bacteria|p__Proteobacteria|c__Deltaproteobacteria|o__Desulfovibrionales|f__Desulfovibrionaceae|g__Desulfovibrionaceae_unclassified|s__Desulfovibrionaceae_bacterium",0,0,0.10142,0,0,0,0,0,0,0,0,0,0,0,0,0,0,0,0.08114,0,0,0,0,0,0,0,0,0,0,0,0,0,0,0,0,0,0,0,0,0,0,0,0,0,0,0,0,0,0,0,0,0,0,0,0,0,0,0,0.04005,0,0,0,0,0,0,0,0.06266,0,0,0,0,0,0,0,0,0,0,0,0,0,0,0,0,0.0519,0,0,0,0,0,0,0,0,0,0,0,0,0,0,0,0,0,0,0,0,0,0,0,0,0,0,0,0,0,0,0,0.20088,0,0,0,0,0,0,0,0,0.03111,0,0,0,0,0,0,0,0,0,0,0,0.02892,0,0,0,0,0,0,0,0,0,0
"k__Archaea|p__Euryarchaeota|c__Methanobacteria|o__Methanobacteriales|f__Methanobacteriaceae|g__Methanobrevibacter|s__Methanobrevibacter_smithii",0,0,0.08707,0.03593,0,0.06927,0,0,0.0426,0.03856,0,0,0,0,0,0,0,0,0.03831,0.21779,0,0,0,0,0,1.41224,1.32845,0,0,0,0,0,0,0,0.00896,0,0,0,0,0,0,0,0.12324,0,0.01907,0,0,0,0,0,0,0,0,0,0,0,0.00192,0.00602,0,0,0,0,0,0,0,0,0.04137,0,0,0.06295,0,0.06317,0,0.06802,0,0.00575,0,0.11988,0,0,0,0,0,0.02766,0,0,0,0,0,0,0,0,0,0,0.01355,0,0,0.07303,0,0,0,0,0,0,0,0,0,0.00319,0.01568,0,0,0.02067,0.01947,0,0,0.04224,0,0,0,0,0.00218,0,0,0,0.06078,0,0,0,0,0,0,0,0,0,0,0,0,0,0,0,0,0,0,0.16375,0,0,0
"k__Bacteria|p__Bacteroidetes|c__Bacteroidia|o__Bacteroidales|f__Bacteroidaceae|g__Bacteroides|s__Bacteroides_salyersiae",0,0,0.08063,0,0.76779,0.00442,0,0,0.03068,0,0,0,0,0,0,0,0,7.14401,0,0,0,0,0,0,0,0,0,0,0,0,0,0,0,0,0,0.15617,0,0,0,0,0,0,0,0,0,0,0.01255,4.35518,0,0,0,0,0,0.14964,0,0,1.48612,0,0,0,0.00174,0,0,0,0,0,0,0,0,0,0,0,2.99461,0,0,0,0,0,0,3.44625,0,0.29109,0,0.07705,0,0,0.22213,0,0,0,0,0,0,0,0,0,0,7.03917,0,0,0,0,0,0,0,0,0,0,0,0.21996,0.19885,0,0,0,0,3.89026,0,0,1.58711,0,0,0,0,0,0,0,0,0,0,0,2.36365,0,0,0,0,0,0,0,0,0,0,0,0,0,0,0,0
"k__Bacteria|p__Firmicutes|c__Clostridia|o__Clostridiales|f__Ruminococcaceae|g__Ruminococcus|s__Ruminococcus_lactaris",0,0,0.06248,0.20908,0,0,0,0.02271,0,0.16111,0.67799,0,0,0,0.01351,0,0,0,0.44343,0.65571,0,0,0,0,0,0,0.09777,0,0,0,0.06992,0.21391,0,0.40155,1.45731,0.2379,0.01919,0.72162,0,0,0,0,0,0,0,0,0,0.03056,0.05859,0.01559,0,0.09956,0,0,0,0,0,0.0079,0,0.21591,0,0.39914,0.0061,0.04832,0,0,0.04112,0,0.12833,0.07072,0.4367,1.09022,0,0.15969,0,0.68242,0,0.1814,0,0.12431,0.33141,0,0.21473,0.02828,0,0,0,0,0,0,0,0,0,0.23986,0,0,0,0,0,0.16888,0,0,0,0,0.04191,0.01522,0.12869,0,0,0.01992,0.38674,0,0,0,0,0,0,0.00556,0.12281,2.13173,0,1.13101,0.16496,0.04154,1.0478,0.02018,0.19187,0,0,0,0,0,0.06672,0,0,0,0,0,0.18316,0.32957,0.00038,0,0,0,0,0.03824,0
"k__Bacteria|p__Firmicutes|c__Clostridia|o__Clostridiales|f__Lachnospiraceae|g__Roseburia|s__Roseburia_sp_CAG_471",0,0,0.04061,0.00067,0,0,0.00044,0,0,0.00105,0.00304,0,0,0,0.0013,0,0.00074,0.00013,0,0.00065,0.00171,0,0.00032,0,0,0,0.00482,0,0,6e-05,0,0,0,0,0.04344,0.00057,0.00058,0.00043,0,0,0,0.00122,0,0,0,0,0,0,0,0,5e-05,0,0.00481,0,0.00034,0.00075,0,0,0,0,0,0.00079,0,0,0,0,0,0,0,0,0,0,0,0.00157,0,0.30901,0.00115,0.00077,0,0.06279,0.00288,0,0,0.02112,0,0,0,0,0,0.00046,0,0,0.00364,0.00327,0,0,0,0,1e-04,0,0,0,0,5e-04,0.00022,0,0,0,0,0,0,0.00014,0,0.0011,0,0.00588,0,0,0.00986,0.00072,0,0.05026,0,0,0.02157,0,0.00072,0.00235,0,0,0.00029,0,0,0,0,0,5e-05,0,0.00161,0,0.00348,0,0,0.00044,0,0,0
"k__Bacteria|p__Firmicutes|c__Clostridia|o__Clostridiales|f__Clostridiaceae|g__Clostridium|s__Clostridium_sp_CAG_167",0,0,0.0253,0.01543,0.07546,0.05176,0.09868,0,0.02223,0,0,0,0,0,0.02075,0,0,0.03602,0,0,0,0,0.20883,0,0,0,0,0.22884,0.00175,0,0,0,0,0.00799,0,0,0,0,0,0,0,0,0,0,0.38362,0,0.00085,0,0,0,0,0.05323,0,0,0,0,0,0.08471,0,0,0.00568,0,0,0,0,0,0,0,0,0.01506,0.02055,0,0,0,0,0,0,0.00261,0,0,0.01784,0.16025,0,0.04197,0,0,0.0596,0,0,0,0,0.01676,0,0.12275,0.0115,0.11742,0,0.47196,0,0,0,0,0,0,0.02189,0,0,0,0.57237,0,0,0.12805,0.54278,0,0,0.0795,0,0,0,0,0,0,0,0,0,0,0,0,0,0,0.11123,0,0,0,0,0,0,0,0,0,0,0,0,0,0,0,0
"k__Bacteria|p__Bacteroidetes|c__Bacteroidia|o__Bacteroidales|f__Bacteroidaceae|g__Bacteroides|s__Bacteroides_nordii",0,0,0.01661,0,0.04111,0.00341,0,0,0,0.39065,0.00269,0,0,0,0,0.00197,0.01799,0.03838,0.00506,0,0,0,0.04252,0,0,0.02947,0,0.0593,0,0,0,0,0,0,0.00105,0,0,0,0,0,0,0.07485,0,0,0,0,0,0,0.00015,0,0,0,0,0,0,0.04236,0,0,0,0,0,0,0,1.21781,0,0,0.03132,0,0,0,0,0,0,0.00112,0,0,0,0,0,0.00083,0.00966,0,0,0.01289,0,0,0.05287,0.0108,0,0.03898,0,0,0,0,0.02057,0,0,0.00529,0,0,0,0,0,0,0,0.00035,0.00027,0.0026,0.00985,0,0.01503,0,0.00712,0,0,0,0.01534,0,0,0,0.09534,0,0,0,0,0,0,0.0043,0,0,0,0,0,0,0,0,0,0,0,0,0,0,0,0,0,0,0.00461
"k__Bacteria|p__Actinobacteria|c__Actinobacteria|o__Bifidobacteriales|f__Bifidobacteriaceae|g__Bifidobacterium|s__Bifidobacterium_adolescentis",0,0,0.01543,0.43333,0.0688,0.08626,0.00546,0,0.08227,0,0.24741,0,0,0,0.3353,0.02334,0,0.01061,0.1346,0,0,0,0.02938,0.00826,0.2763,0.19701,0.87574,0.06429,1.0603,0,0,0,0.00929,0.61096,0.07461,0.00949,0,0.04761,0,0,0,0,0,0,0.02344,0.07028,0.00832,0,0,0.01278,3.40552,0.005,0,0,0.01795,0.25383,0.01467,0.00549,0,0,1.92646,0,0.02018,0.04763,0,0.16658,0.04122,0,0,0.05504,0,0,0,0,0.09507,0.34248,0.6725,0.92478,0.00112,0.07334,2.03006,0.02264,0.15744,0,0,0,0.39665,0,0.00306,0,0,0.00601,0.00138,0.24451,0,0.6155,0,0.00944,0,0,0,0,0,0,0.00574,0.0189,0.02895,0.01547,0.04529,0,0,0,0.05552,0.00317,0.04788,0,0.07963,0,0.26756,0.20541,0.0348,0.12335,0,0.02895,0,0.10046,0,0.02243,0,0,0.04774,0,0.07347,0,0,0,0,0,0.10784,0.13857,0.17512,0.01306,0.05804,0.0234,0.00623,0.00433,0.16947
"k__Bacteria|p__Bacteroidetes|c__Bacteroidia|o__Bacteroidales|f__Rikenellaceae|g__Alistipes|s__Alistipes_onderdonkii",0,0,0.01197,0,0,0,0,0,0,0,0,0,0,0,0,0,0,0.08924,0,0,0.04914,0,0,0.94897,0,0,0,0,0,0,0.88445,0,0,0,0,0.1921,0,0,0.43478,0,0.58998,0,0,0,0,0,0,0,0.00493,0,0,0,0,0.0104,0,0,0,0,0,0,0.02269,0,0,0,0,0,0.00065,0,0,0.42974,0,0,0,0.01394,0,0,0,0,0,0,0,0,0,0.00366,0,0,0,0.36134,0,0,0,0,0,0,0,0,0,1.53711,0,0.01136,0,0,0,0,0,0.00274,0.00228,0,0,0.02885,0.06884,0,0,0,0,0,0,0,0,0,0,0,1.68848,0,0,0,0,0,0,0,0,0.01941,0,0,0,0,0,0.00883,0,0,1.44112,0,0,0,0,0,0
"k__Bacteria|p__Firmicutes|c__Clostridia|o__Clostridiales|f__Lachnospiraceae|g__Roseburia|s__Roseburia_sp_CAG_182",0,0,0.00517,0,0.33367,0.06137,0,0,0.00037,0,0,0,0,0,0,0,0,0,0,0,0,0,0,0,0,2.08996,0,0,0.02977,0,0,0,0,0,0.00375,0,0,0,0,0,0,0,0,0,0.10468,0,0.00033,0,0.04684,0,0,0,0,0.01003,0,0,0,0.07734,0,0,0,0,0,0.01405,0,0,0,0,0,0.08413,0,0,0,0,0,0.07976,0,0,0,0,0,0,0,0.10454,0,0,0.51088,0,0,0,0,0,0,0,0.01837,0.10302,0,0,0,0.01326,0,0,0,0,0,0,0,0,0.03628,0,0,0,0.0437,0,0,0,0,0,0,0,0.40546,0.07381,0,0,0.37496,0,0,0,0,0,0,0,0,0,0,0,0,0,0,0.00371,0,0,0,0,0,0,0
"k__Bacteria|p__Firmicutes|c__Clostridia|o__Clostridiales|f__Lachnospiraceae|g__Coprococcus|s__Coprococcus_catus",0,0,0.00333,0.05223,0.00178,0.00064,0,0,0.00885,0.00354,0.07854,0,0,0,0.02108,0,0.04436,0.00838,0.01537,0.00059,0,0,0.08003,0,0.01502,0,0.14058,0.09197,0,0.00819,0.11682,0.03062,0,0.0655,0.02787,0.05835,0.00309,0.05746,0,0.00089,0,0.02562,0.00066,0.02935,0.01658,0,0,0,0.00365,0.00013,0.02804,0.00322,0.00057,0.00884,0.01452,0,0.00173,0.005,0,0,0.00637,0.00981,0.03867,0,0.03605,0.00393,0.01337,0.00455,0.0052,0.00085,0.00926,0,0.00853,0.00229,0,0.48979,0.095,0.13527,0,0.00382,0.10974,0.03944,0.12638,0.00702,0.00089,0,0.00642,0.00458,0,0.11414,0,0,0.00864,0.02699,0,0.01007,6e-05,0.01999,0,0.0017,0,0.06824,0,0.02645,0.00402,0.00211,0.00394,0.00537,0.01744,0.00244,0.00728,0.00691,0.01265,0,0,0.02393,0.01637,0,0.19215,0.02643,0,0.04984,0.02361,0,0.04419,0,0,0.03731,0,0,0.06276,0,0.025,0.007,0,0,0.02426,0,0.08609,0,0,0,0,0.01331,0,0,0.01136
"k__Bacteria|p__Bacteroidetes|c__Bacteroidia|o__Bacteroidales|f__Bacteroidaceae|g__Bacteroides|s__Bacteroides_intestinalis",0,0,0.0025,0,0.05726,0.06675,6.26385,0,0,0,1.39954,0,0,0,0,0.04274,0,0,0,0,0,0,0,0,0,0,0,0,0,0,0,0,0,0,0.03355,0,0,0,3.4764,0,0,0,0,0,0.05829,0,0,0,0.24946,0,0,0,0,0,0,0,0,0,0,0,0.03269,0,0,0.00514,0,0,0,0,0,0.50304,0,0,0,0,0.1849,0.1066,0,9.68014,0,0.47142,0.16912,0,0,0.00166,0,0,0.00012,0,0,0,0,0.40675,0,0,0.17861,0,0,0.21461,0,0.28677,0,0,0,0,0,5.19612,3.9989,0,0.16111,0,0,0,0.14859,0,0,0.4812,0.89188,0,0.88259,0,0,0.02438,0,0,0,0,0,0,0,0,0,1.36453,0,0,0,0,0,0,0,0,0,0,0,0,0,0,0.18317
"k__Bacteria|p__Firmicutes|c__Bacilli|o__Lactobacillales|f__Lactobacillaceae|g__Sharpea|s__Sharpea_azabuensis",0,0,0.00239,0,0,0,0,0,0,0,0,0,0,0,0,0,0,0,0,0,0,0,0,0,0,0,0,0,0,0,0,0,0,0,0,0,0,0,0,0,0,0,0,0,0,0,0,0,0,0,0,0,0,0,0,0,0,0,0,0,0,0,0,0,0,0,0,0,0,0,0,0,0,0,0,0,0,0,0,0,0,0,0,0,0,0,0,0,0,0,0,0,0,0,0,0,0,0,0,0,0,0,0,0,0,0,0,0,0,0,0,0,0,0,0,0,0,0,0,0,0,0,0,0,0,0,0,0,0,0,0,0,0,0,0,0,0,0,0,0,0,0,0,0,0,0,0
"k__Bacteria|p__Actinobacteria|c__Coriobacteriia|o__Eggerthellales|f__Eggerthellaceae|g__Slackia|s__Slackia_isoflavoniconvertens",0,0,0.00111,0,0,0,0,0,0,0,0,0,0,0,0,0.00624,0.46881,0,0,0,0,0,0,0,0,0.00043,0,0,0.15506,0,0,0,0,0.00019,0.01559,0.26091,0,0,0,0,0,0,0,0,0,0,0,0,0,0,0,0,0,0.00828,0,0,0.00153,0,0,0,0,0,0,0,0,0,0,0,0,0.00284,0,0,0,0,0,0,0,0,0,0,0,0,0,0.00226,0,0,0,0,0,0.1362,0,0,0,0,0,0,0,0,0,0,0,0,0,0,0,0,0,0,0,5e-04,0,0,0,0.00634,0,0.01454,0.03784,0,0.00029,0,0,0.01239,0,0,0,0,0,0.00179,0,0,0,0,0,0,0,0,0,0,0,0.10473,0,0,0,0,0,0,0.00448
"k__Bacteria|p__Firmicutes|c__Erysipelotrichia|o__Erysipelotrichales|f__Erysipelotrichaceae|g__Turicibacter|s__Turicibacter_sanguinis",0,0,9e-04,0,0.00148,0.03619,0,0,0.00281,0,0.00401,0.0043,0,0,0,0.00226,0,0,0,0,0,0,0,0.00416,0.00606,0.03919,0,0,0,0,0,0,0,0.01101,0,0.00305,0.02406,0.04487,0,0,0,0.00095,0,0,0.01515,0.23855,0,0,0,0,0.00256,0,0,0,0,0,0,0.03798,0,0,0.00223,0.00648,0,0.01672,0,0,0,0.00356,0,0,0,0,0,0,0,0,0,0.0039,0,0,0,0,0,0.0289,0,0,0,0,0,0,0,0,0,0,0,0,0,0,0.0228,0,0,0.0077,0,0,0,0,0.00099,0.00016,0.0085,0,0,0,0.00753,0,0,0,0,0,0,0,0.00547,0.0055,0,0.00208,0,0.00084,0,0,0,0.062,0,0,0,0,0,0,0.00097,0,0.00392,0,0.00027,0,0,0,0,0.02897,0.00135
"k__Bacteria|p__Firmicutes|c__Firmicutes_unclassified|o__Firmicutes_unclassified|f__Firmicutes_unclassified|g__Firmicutes_unclassified|s__Firmicutes_bacterium_CAG_238",0,0,0.00087,0,0,0,0,0,0.02311,0,0,0,0,0,0.0021,0,5.02187,0,0,0,0,0,0,0,0,0,0,0,0,0,0,0,0,0,0,0,0,0,0,0,0,0,0,0,0,0,0,0,0,0,0,0,0,0,0,0,0,0,0,0,0,0,0,0,0,0,0,0,0,0.02399,0,0,0,0,0,0,0,0,0,0,0,0,0,0,0,0,0,0,0,0.56944,0,0,0,0.00254,0,0,0,0,0,0,0,0,0,0,0,0,0,0,0,0,0,0,0,0,0,0,0,0,0,0,0,0,0,0,0,0,0,0,0,0,0,0,0,0,0,0,0,0,0,0,0,0,0,0,0,0,0.00352
"k__Bacteria|p__Firmicutes|c__Clostridia|o__Clostridiales|f__Ruminococcaceae|g__Ruminococcaceae_unclassified|s__Ruminococcaceae_bacterium_D5",0,0,0.00074,0,0.00459,0,0.00154,0,0.00143,0,0.01898,0,0,0,0.03834,0,0.06385,0,0,0.03701,0,0,0,0,0,0,0,0,0,0,0,0,0,0,0,0.03346,0,0.00655,0,0,0,0.0073,0.07433,0,0,0,0,0,0,0,0,0,0,0,0,0,0,0,0,0,0,0,0,0,0.00716,0,0,0,0,0,0,0.04242,0,0,0,0.03783,0,0.1638,0,0,0.07487,0,0,0,0,0,0.00717,0,0,0.04697,0,0,0,0.03211,0.00072,0,0,0.00111,0,0,0,0,0,0,0,0,0,0,0,0,0,0,0,0,0,0,0,0,0,0,0,0,0,0,0.00289,0,0.02489,0,0,0,0,0,0,0,0,0,0,0,0,0,0,0.0126,0,0.02407,0,0,0
"k__Bacteria|p__Firmicutes|c__Firmicutes_unclassified|o__Firmicutes_unclassified|f__Firmicutes_unclassified|g__Firmicutes_unclassified|s__Firmicutes_bacterium_CAG_170",0,0,0.00031,0,0,0,0,0,0.00756,0,0,0,0,0,0,0,0,0,0,0,0,0,0,0,0,0,0,0,0,0,0,0,0,0,0,0,0,0,0,0,0,0,0,0,0,0,0,0,0,0,0,0,0,0.00614,0,0,0,0,0,0,0,0,0,0,0,0,0,0,0,0,0,0,0,0,0,0,0,0,0,0,0,0,0,0.00306,0,0,0,0,0,0,0,0,0,0,0,0,0,0,0,0,0,0,0,0,0,0,0,0,0,0,0,0,0,0,0,0,0,0,0,0,0,0,0,0,0.03173,0,0,0,0,0,0,0,0,0,0,0,0,0,0,0,0,0,0,0,0,0,0
"k__Bacteria|p__Proteobacteria|c__Betaproteobacteria|o__Neisseriales|f__Neisseriaceae|g__Morococcus|s__Morococcus_cerebrosus",0,0,0,0,0,0,0,0,0,0,0,0,0,0,0,0,0,0,0,0,0,0,0,0,0,0,0,0,0,0,0,0,0,0,0,0,0,0,0,0,0,0,0,0,0,0,0,0,0,0,0,0,0,0,0,0,0,0,0,0,0,0,0.0013,0,0,0,0,0,0,0,0,0,0,0,0,0,0,0,0,0,0,0,0,0,0,0,0,0,0,0,0,0,0,0,0,0,0,0,0,0,0,0,0,0,0,0,0,0,0,0,0,0,0,0,0,0,0,0,0,0,0,0,0,0,0,0,0,0,0,0,0,0,0,0,0,0,0,0,0,0,0,0,0,0,0,0,0
"k__Bacteria|p__Proteobacteria|c__Betaproteobacteria|o__Neisseriales|f__Neisseriaceae|g__Neisseria|s__Neisseria_cinerea",0,0,0,0,0,0,0,0,0,0,0,0,0,0,0,0,0,0,0,0,0,0,0,0,0,0,0,0,0,0,0,0,0,0,0,0,0,0,0,0,0,0,0,0,0,0,0,0,0,0,0,0,0,0,0,0,0,0,0,0,0,0,0,0,0,0,0,0,0,0,0,0,0,0,0,0,0,0,0,0,0,0,0,0,0,0,0,0,0,0,0,0,0,0,0,0,0,0,0,0,0,0,0,0,0,0,0,0,0,0,0,0,0,0,0,0,0,0,0,0,0,0,0,0,0,0,0,0,0,0,0,0,0,0,0,0,0,0,0,0,0,0,0,0,0,0,0
"k__Bacteria|p__Fusobacteria|c__Fusobacteriia|o__Fusobacteriales|f__Fusobacteriaceae|g__Fusobacterium|s__Fusobacterium_sp_oral_taxon_370",0,0,0,0,0,0,0,0,0,0,0,0,0,0,0,0,0,0,0,0,0,0,0,0,0,0,0,0,0,0,0,0,0,0,0,0,0,0,0,0,0,0,0,0,0,0,0,0,0,0,0,0,0,0,0,0,0,0,0,0,0,0,0,0,0,0,0,0,0,0,0,0,0,0,0,0,0,0,0,0,0,0,0,0,0,0,0,0,0,0,0,0,0,0,0,0,0,0,0,0,0,0,0,0,0,0,0,0,0,0,0,0,0,0,0,0,0,0,0,0,0,0,0,0,0,0,0,0,0,0,0,0,0,0,0,0,0,0,0,0,0,0,0,0,0,0,0
"k__Bacteria|p__Bacteroidetes|c__Bacteroidia|o__Bacteroidales|f__Tannerellaceae|g__Tannerella|s__Tannerella_sp_oral_taxon_808",0,0,0,0,0,0,0,0,0,0,0,0,0,0,0,0,0,0,0,0,0,0,0,0,0,0,0,0,0,0,0,0,0,0,0,0,0,0,0,0,0,0,0,0,0,0,0,0,0,0,0,0,0,0,0,0,0,0,0,0,0,0,0,0,0,0,0,0,0,0,0,0,0,0,0,0,0,0,0,0,0,0,0,0,0,0,0,0,0,0,0,0,0,0,0,0,0,0,0,0,0,0,0,0,0,0,0,0,0,0,0,0,0,0,0,0,0,0,0,0,0,0,0,0,0,0,0,0,0,0,0,0,0,0,0,0,0,0,0,0,0,0,0,0,0,0,0
"k__Bacteria|p__Bacteroidetes|c__Bacteroidia|o__Bacteroidales|f__Prevotellaceae|g__Prevotella|s__Prevotella_sp_F0091",0,0,0,0,0,0,0,0,0,0,0,0,0,0,0,0,0,0,0,0,0,0,0,0,0,0,0,0,0,0,0,0,0,0,0,0,0,0,0,0,0,0,0,0,0,0,0,0,0,0,0,0,0,0,0,0,0,0,0,0,0,0,0,0,0,0,0,0,0,0,0,0,0,0,0,0,0,0,0,0,0,0,0,0,0,0,0,0,0,0,0,0,0,0,0,0,0,0,0,0,0,0,0,0,0,0,0,0,0,0,0,0,0,0,0,0,0,0,0,0,0,0,0,0,0,0,0,0,0,0,0,0,0,0,0,0,0,0,0,0,0,0,0,0,0,0,0
"k__Bacteria|p__Firmicutes|c__Bacilli|o__Lactobacillales|f__Streptococcaceae|g__Streptococcus|s__Streptococcus_sp_SK643",0,0,0,0,0,0,0,0,0,0,0,0,0,0,0,0,0,0,0,0,0,0,0,0,0,0,0,0,0,0,0,0,0,0,0,0,0,0,0,0,0,0,0,0,0,0,0,0,0,0,0,0,0,0,0,0,0,0,0,0,0,0,0,0,0,0,0,0,0,0,0,0,0,0,0,0,0,0,0,0,0,0,0,0,0,0,0,0,0,0,0,0,0,0,0,0,0,0,0,0,0,0,0,0,0,0,0,0,0,0,0,0,0,0,0,0,0,0,0,0,0,0,0,0,0,0,0,0,0,0,0,0,0,0,0,0,0,0,0,0,0,0,0,0,0,0,0
"k__Bacteria|p__Proteobacteria|c__Betaproteobacteria|o__Neisseriales|f__Neisseriaceae|g__Neisseria|s__Neisseria_meningitidis",0,0,0,0,0,0,0,0,0,0,0,0,0,0,0,0,0,0,0,0,0,0,0,0,0,0,0,0,0,0,0,0,0,0,0,0,0,0,0,0,0,0,0,0,0,0,0,0,0,0,0,0,0,0,0,0,0,0,0,0,0,0,0,0,0,0,0,0,0,0,0,0,0,0,0,0,0,0,0,0,0,0,0,0,0,0,0,0,0,0,0,0,0,0,0,0,0,0,0,0,0,0,0,0,0,0,0,0,0,0,0,0,0,0,0,0,0,0,0,0,0,0,0,0,0,0,0,0,0,0,0,0,0,0,0,0,0,0,0,0,0,0,0,0,0,0,0
"k__Bacteria|p__Proteobacteria|c__Betaproteobacteria|o__Neisseriales|f__Neisseriaceae|g__Neisseria|s__Neisseria_macacae",0,0,0,0,0,0,0,0,0,0,0,0,0,0,0,0,0,0,0,0,0,0,0,0,0,0,0,0,0,0,0,0,0,0,0,0,0,0,0,0,0,0,0,0,0,0,0,0,0,0,0,0,0,0,0,0,0,0,0,0,0,0,0,0,0,0,0,0,0,0,0,0,0,0,0,0,0,0,0,0,0,0,0,0,0,0,0,0,0,0,0,0,0,0,0,0,0,0,0,0,0,0,0,0,0,0,0,0,0,0,0,0,0,0,0,0,0,0,0,0,0,0,0,0,0,0,0,0,0,0,0,0,0,0,0,0,0,0,0,0,0,0,0,0,0,0,0
"k__Bacteria|p__Firmicutes|c__Bacilli|o__Lactobacillales|f__Streptococcaceae|g__Streptococcus|s__Streptococcus_sp_oral_taxon_058",0,0,0,0,0,0,0,0,0,0,0,0,0,0,0,0,0,0,0,0,0,0,0,0,0,0,0,0,0,0,0,0,0,0,0,0,0,0,0,0,0,0,0,0,0,0,0,0,0,0,0,0,0,0,0,0,0,0,0,0,0,0,0,0,0,0,0,0,0,0,0,0,0,0,0,0,0,0,0,0,0,0,0,0,0,0,0,0,0,0,0,0,0,0,0,0,0,0,0,0,0,0,0,0,0,0,0,0,0,0,0,0,0,0,0,0,0,0,0,0,0,0,0,0,0,0,0,0,0,0,0,0,0,0,0,0,0,0,0,0,0,0,0,0,0,0,0
"k__Eukaryota|p__Ascomycota|c__Saccharomycetes|o__Saccharomycetales|f__Debaryomycetaceae|g__Candida|s__Candida_albicans",0,0,0,0,0,0,0,0,0,0,0,0,0,0,0,0,0,0,0,0,0,0,0,0,0,0,0,0,0,0,0,0,0,0,0,0,0,0,0,0,0,0,0,0,0,0,0,0,0,0,0,0,0,0,0,0,0,0,0,0,0,0,0,0,0,0,0,0,0,0,0,0,0,0,0,0,0,0,0,0,0,0,0,0,0,0,0,0,0,0,0,0,0,0,0,0,0,0,0,0,0,0,0,0,0,0,0,0,0,0,0,0,0,0,0,0,0,0,0,0,0,0,0,0,0,0,0,0,0,0,0,0,0,0,0,0,0,0,0,0,0,0,0,0,0,0,0
"k__Bacteria|p__Proteobacteria|c__Betaproteobacteria|o__Neisseriales|f__Neisseriaceae|g__Neisseria|s__Neisseria_bacilliformis",0,0,0,0,0,0,0,0,0,0,0,0,0,0,0,0,0,0,0,0,0,0,0,0,0,0,0,0,0,0,0,0,0,0,0,0,0,0,0,0,0,0,0,0,0,0,0,0,0,0,0,0,0,0,0,0,0,0,0,0,0,0,0,0,0,0,0,0,0,0,0,0,0,0,0,0,0,0,0,0,0,0,0,0,0,0,0,0,0,0,0,0,0,0,0,0,0,0,0,0,0,0,0,0,0,0,0,0,0,0,0,0,0,0,0,0,0,0,0,0,0,0,0,0,0,0,0,0,0,0,0,0,0,0,0,0,0,0,0,0,0,0,0,0,0,0,0
"k__Bacteria|p__Proteobacteria|c__Betaproteobacteria|o__Neisseriales|f__Neisseriaceae|g__Neisseria|s__Neisseria_sp_HMSC064E01",0,0,0,0,0,0,0,0,0,0,0,0,0,0,0,0,0,0,0,0,0,0,0,0,0,0,0,0,0,0,0,0,0,0,0,0,0,0,0,0,0,0,0,0,0,0,0,0,0,0,0,0,0,0,0,0,0,0,0,0,0,0,0,0,0,0,0,0,0,0,0,0,0,0,0,0,0,0,0,0,0,0,0,0,0,0,0,0,0,0,0,0,0,0,0,0,0,0,0,0,0,0,0,0,0,0,0,0,0,0,0,0,0,0,0,0,0,0,0,0,0,0,0,0,0,0,0,0,0,0,0,0,0,0,0,0,0,0,0,0,0,0,0,0,0,0,0
"k__Bacteria|p__Firmicutes|c__Negativicutes|o__Selenomonadales|f__Selenomonadaceae|g__Selenomonas|s__Selenomonas_sp_F0473",0,0,0,0,0,0,0,0,0,0,0,0,0,0,0,0,0,0,0,0,0,0,0,0,0,0,0,0,0,0,0,0,0,0,0,0,0,0,0,0,0,0,0,0,0,0,0,0,0,0,0,0,0,0,0,0,0,0,0,0,0,0,0,0,0,0,0,0,0,0,0,0,0,0,0,0,0,0,0,0,0,0,0,0,0,0,0,0,0,0,0,0,0,0,0,0,0,0,0,0,0,0,0,0,0,0,0,0,0,0,0,0,0,0,0,0,0,0,0,0,0,0,0,0,0,0,0,0,0,0,0,0,0,0,0,0,0,0,0,0,0,0,0,0,0,0,0
"k__Bacteria|p__Bacteroidetes|c__Bacteroidia|o__Bacteroidales|f__Bacteroidaceae|g__Bacteroides|s__Bacteroides_coprocola",0,0,0,6.72598,0,0,0,0,0,0,0,0,0,0,0,0,0,0,0,0,0,0,2.18438,0,0,0,0,1.83921,0,0,0,0,0,0,5.29799,2.93045,0,0,0,0,0,0,0,0,0,0,0,0,0,0,0,0,0,0,0,0,0,0,0,0,0,0,0,0,0,0,0,0,0,0,0,0,0,0,0,0,0,0,0,0,0,0,0,0,0,0,0,0,0,0,0,0,0,0,0,0,0,0,0,0,0,0.00251,0,0,0,0,0,0,0,0.56718,0,0,0,0,0,0,0,0,0,0,0,9.45425,0,0,0,0,0,0,0,0,0,0,0,0,0,0,0,0,0,0,0,0,0,0,0,0,0
"k__Bacteria|p__Firmicutes|c__Negativicutes|o__Acidaminococcales|f__Acidaminococcaceae|g__Acidaminococcus|s__Acidaminococcus_intestini",0,0,0,0.54783,0,0,0,0,0,0,0,0,0,0,0,0.02619,0,0,0,0,0,0.13928,0,0,2.35539,0,0,0,0,0,2.60836,1.22203,0,0,0,0,0,0,0,0,0,0,0,0.10766,0.01498,1.45145,0,0,0,0.00289,0,0,0,0,0,0,0,0,0,0,0,0,0,0,0,0.31816,0,0,0,0,0,0.14663,0.35426,0,0,0,0,0,0,0.05926,0,0,0.19643,0,0,1.53375,0,0,0,0,0,0,0,0,0,0,0,0,0,0,0,0,0,0,0,0,0,0,0.10606,0,0,0,0.16758,0,0,0,0.10633,0.85795,0,0,0,0,0.82573,1.45643,0,1.94816,0,0,0,0,0,0,0,0,0.27112,0.39647,0,0,0.17971,0,0,0,0,0,0,0.06022,0.03741
"k__Bacteria|p__Firmicutes|c__Clostridia|o__Clostridiales|f__Ruminococcaceae|g__Ruminococcus|s__Ruminococcus_sp_CAG_330",0,0,0,0.1303,0,0.02256,0,0,1e-04,0,0,0,0,0,0,0,0,0,0,0,0,0,0,0,0,0,0,0,0,0,0,0,0,0.01886,0,0,0,0,0,0,0,0,0,0,0,0,0,0,0,0,0,0,0,0,0,0,0,0,0,0,0,0,0,0,0,0,0,0,0,0,0,0,0,0,0,0,0,0,0,0,0,0,0,0,0,0,0,0,0,0,0,0,0,0,0.00017,0,0,0,0,0,0,0,0,0,0.01881,0,0,0,0,0,0,0,0,0,0,0,0,0,0,0.78974,0,0,0,0,0,0,0,0,0,0,0,0,0,0,0,0,0,0,0,0,0,0,0,0,0,0,0
"k__Bacteria|p__Firmicutes|c__Clostridia|o__Clostridiales|f__Ruminococcaceae|g__Anaeromassilibacillus|s__Anaeromassilibacillus_sp_An250",0,0,0,0.01503,0,0.00829,0,0,0.00229,0,0.05411,0,0.007,0,0,0,0.00043,0,0.0589,0.04367,0,0.00575,0,0.0023,0,0.00956,0,0,0.03762,0,0.00247,0,0,0.00208,0,0.00349,0.00115,0.00069,0.00315,0,0,0,0,0.00138,0.00029,0.0061,0,0,0,0,0.00013,0.00095,0,0,0,0.01126,0,0,0,0,0,0,0,0,0.00075,0,0.00515,0,0,0,0.02992,0.00355,0.01587,0.01062,0.00199,0.00025,0.04151,0,0,0.00401,0.02319,0,0,0,0.00441,0,0,0,0,0,0.01494,0,0,0.00106,0,0,0,0.00013,0,0,0,0.00933,0.00349,0.00095,0.00056,0,0.00183,0.00923,0.00143,0,0,0,0.00252,0,0,0.00803,0,0,0,0.03229,0,0,0,0,0,0.00629,0,0.00418,0,0,0,0,0,0.00381,0,0.00128,0,0,0,0.00445,0.04008,0,0,0.00613,0,0.00336,0
"k__Bacteria|p__Firmicutes|c__Clostridia|o__Clostridiales|f__Ruminococcaceae|g__Anaerotruncus|s__Anaerotruncus_colihominis",0,0,0,0.00397,0,0,0,0,0,0,0.00781,0,0,0,0,0,0.00384,0,0,0,0.03012,0.00022,0.06336,0,0.00125,0.01033,0.01016,0.04109,0.00157,0,0.03654,0.00512,0,0.00045,0,0.00668,0,0.01628,0,0,0.00053,0,0,0,0.00153,0.00069,0,0,0,9e-04,0,0,0,0,0.00797,0.38487,0,0,0,0,0,0.00721,0.00882,0,0,0,0,0,0,0,0.07962,0,0.00025,0,0,0.00704,0.02279,0.00567,0,0.00764,0.0026,0.01752,0,0,0.00417,0,0.00142,0,0,0,0,0,0,0,0,0,0.0016,0.00179,0.00054,0,0,0,0.00791,0.00855,0,0,0,0,0,0,9e-04,0,0,0,0,0,0,0,0,0.00532,0,0.00018,0.00634,0,0,0.00613,0.01529,0.00829,0.00166,1e-04,0.00263,0,0.00198,0.01449,0,0,0.01291,0,7e-04,0.0013,0.0015,0,0,0,0,0.00096,0
"k__Bacteria|p__Firmicutes|c__Clostridia|o__Clostridiales|f__Ruminococcaceae|g__Harryflintia|s__Harryflintia_acetispora",0,0,0,0.00283,0,0,0,0,0,0,0.01888,0,0,0,0,0,0,0,0,0,0.00597,0,0.00345,0,0,0,0,0,0.0068,0,0,0,0,0,0.00314,0,0,0,0,0,0,0,0,0,0,0,0,0,0,0,0,0,0,0,0,0,0,0,0,0,0,0.00141,0,0.00365,0,0,0,0,0,0.00622,0.00134,0,0,0,0,0.00126,0.00069,0.00729,0,0.00062,0,0,0,0,0,0,0,0,0,0,0,0,0,0,0,0,0,0,0,0,0,0,0,0,0,0,0,0,0,0,0,0,0,0,0,0,0,0,0,0,0,0,0,0,0,0,0.00025,1e-04,0,0,0,0,0,0,0,0,0,0,0.00053,0.00174,0,0,0,0,0,0,0
"k__Bacteria|p__Firmicutes|c__Firmicutes_unclassified|o__Firmicutes_unclassified|f__Firmicutes_unclassified|g__Firmicutes_unclassified|s__Firmicutes_bacterium_CAG_94",0,0,0,0.00269,0,0,0.02449,0,0,0,0.04917,0,0.00089,0,0,0,0.0102,0,0.062,0.03391,0,0,0,0,0,0,0.10205,0,0.18933,0,0,0.00921,0,0.00025,0,0,0,0,0,0,0,0,0.04214,0,0,0.02087,0,0,0,0,0,0,0,0,0,0.00276,0,0,0,0,0,0,0,0,0.0154,0,0.00761,0,0,0,0,0.00444,0,0,0,0,0.00134,0.0021,0,0,0.02416,0,0,0,0,0,0,0,0,2e-04,0.02013,0,0,0,0,0,0,0,0,0,0,0,0,0,0,0.00097,0.00281,0,0.00061,0,0,0,0.00397,0,0,0,0,0.00156,0,0,0,0,0,0,0,0.01271,0.00551,0,0,0,0,0,0,0,0,0,0,0,0.0054,0.00269,0.0375,0.01683,0,0.00112,0,0.00231,0
"k__Bacteria|p__Firmicutes|c__Clostridia|o__Clostridiales|f__Lachnospiraceae|g__Lachnoclostridium|s__Lachnoclostridium_sp_An138",0,0,0,0.00097,0,0,0.00638,0,0,0,0.01653,0,0,0,0,0,0.00464,0,0,0,0,0,0,0,0,0,0,0.00015,0.00356,0,0,0,0,0.00815,0,0,0,0,0,0,0,0,0,0,0,0,0,0,0,0,0,0,0,0,0,0,0,0,0,0,0,0,0,0,0,0,0,0,0,0,0,0,0,0,0,0.01009,0.00193,0.00339,0,0,0,0,0,0,0,0,0,0,0,0.00165,0,0.00283,0,0,0.00517,0,0,0,0,0.00072,0,0.00412,0.00481,0,0,0,0,0,0,0,0,0,0,0,0,0,0,0,0,0,0,0,0,0,0,0,0,0,0,0,0.00036,0,0,0,0,0,0,0,0,0.00024,0,0.01053,0,0,0,0,0
"k__Bacteria|p__Firmicutes|c__Erysipelotrichia|o__Erysipelotrichales|f__Erysipelotrichaceae|g__Massiliomicrobiota|s__Massiliomicrobiota_timonensis",0,0,0,0.00086,0,0,0,0,0,0,0,0,0,0,0,0,0,0,0,0,0,0,0,0,0,0,0,0,0,0,0,0,0,0,0,0,0,0,0,0,0,0,0,0,0,0.00735,0,0,0,0,0,0,0,0,0,0.00291,0,0,0,0,0,0,0,0,0.02613,0,0.00262,0,0,0,0,0,0,0,0,0,0,0,0,0,0,0,0,0,0.00245,0.00362,0,0,0,0,0,0,0,0,0,0,0,0,0,0,0,0,0,0,0,0,0,0,0,0,0,0,0,0,0,0,0,0,0.00213,0,0,0,0,0,0,0,0,0.00043,0,0,0,0,0,0.00342,0.00047,0,0,0,0,0,0,0,0,0,0,0,0
"k__Bacteria|p__Firmicutes|c__Clostridia|o__Clostridiales|f__Ruminococcaceae|g__Ruminococcaceae_unclassified|s__Ruminococcaceae_bacterium_D16",0,0,0,0.00021,0,0,0.00782,0,0,0,0.00693,0,0,0,0,0,0,0,0,0,0,0,0,0,0,0,0.00078,0,0,0,0,0,0,0.01257,0,0,0,0,0,0,0,0,0,0,0,0.0405,0,0,0,0.00113,0,0,0,0,0,0.13056,0,0,0,0,0,0.0049,0,0,0,0,0,0,0,0,0.00345,0,0,0,0,0.00203,0,0.0289,0,0,0.01145,0,0,0,0.01158,0,0.00286,0,0,8e-04,0,0.00904,0,0.00092,0,0,0,0,0,0,0,0,0,0,0,0,0,0,0,0,0,0,0,0,0.00211,0.06487,0,0,0,0,0,0,0,0,0,0,0,0,0,0,0,0,0,0.01329,0,0.00249,0,0,0,0,0,0,0,0.00351,0,0,0
"k__Bacteria|p__Proteobacteria|c__Betaproteobacteria|o__Neisseriales|f__Neisseriaceae|g__Neisseria|s__Neisseria_lactamica",0,0,0,0,0,0,0,0,0,0,0,0,0,0,0,0,0,0,0,0,0,0,0,0,0,0,0,0,0,0,0,0,0,0,0,0,0,0,0,0,0,0,0,0,0,0,0,0,0,0,0,0,0,0,0,0,0,0,0,0,0,0,0,0,0,0,0,0,0,0,0,0,0,0,0,0,0,0,0,0,0,0,0,0,0,0,0,0,0,0,0,0,0,0,0,0,0,0,0,0,0,0,0,0,0,0,0,0,0,0,0,0,0,0,0,0,0,0,0,0,0,0,0,0,0,0,0,0,0,0,0,0,0,0,0,0,0,0,0,0,0,0,0,0,0,0,0
"k__Bacteria|p__Firmicutes|c__Bacilli|o__Lactobacillales|f__Streptococcaceae|g__Streptococcus|s__Streptococcus_milleri",0,0,0,0,0,0,0,0,0,0,0,0,0,0,0,0,0,0,0,0,0,0,0,0,0,0,0,0,0,0,0,0,0,0,0,0,0,0,0,0,0,0,0,0,0,0,0,0,0,0,0,0,0,0,0,0,0,0,0,0,0,0,0,0,0,0,0,0,0,0,0,0,0,0,0,0,0,0,0,0,0,0,0,0,0,0,0,0,0,0,0,0,0,0,0,0,0,0,0,0,0,0,0,0,0,0,0,0,0,0,0,0,0,0,0,0,0,0,0,0,0,0,0,0,0,0,0,0,0,0,0,0,0,0,0,0,0,0,0,0,0,0,0,0,0,0,0
"k__Bacteria|p__Firmicutes|c__Clostridia|o__Clostridiales|f__Peptostreptococcaceae|g__Filifactor|s__Filifactor_alocis",0,0,0,0,0,0,0,0,0,0,0,0,0,0,0,0,0,0,0,0,0,0,0,0,0,0,0,0,0,0,0,0,0,0,0,0,0,0,0,0,0,0,0,0,0,0,0,0,0,0,0,0,0,0,0,0,0,0,0,0,0,0,0,0,0,0,0,0,0,0,0,0,0,0,0,0,0,0,0,0,0,0,0,0,0,0,0,0,0,0,0,0,0,0,0,0,0,0,0,0,0,0,0,0,0,0,0,0,0,0,0,0,0,0,0,0,0,0,0,0,0,0,0,0,0,0,0,0,0,0,0,0,0,0,0,0,0,0,0,0,0,0,0,0,0,0,0
"k__Bacteria|p__Bacteroidetes|c__Bacteroidia|o__Bacteroidales|f__Prevotellaceae|g__Prevotella|s__Prevotella_fusca",0,0,0,0,0,0,0,0,0,0,0,0,0,0,0,0,0,0,0,0,0,0,0,0,0,0,0,0,0,0,0,0,0,0,0,0,0,0,0,0,0,0,0,0,0,0,0,0,0,0,0,0,0,0,0,0,0,0,0,0,0,0,0,0,0,0,0,0,0,0,0,0,0,0,0,0,0,0,0,0,0,0,0,0,0,0,0,0,0,0,0,0,0,0,0,0,0,0,0,0,0,0,0,0,0,0,0,0,0,0,0,0,0,0,0,0,0,0,0,0,0,0,0,0,0,0,0,0,0,0,0,0,0,0,0,0,0,0,0,0,0,0,0,0,0,0,0
"k__Bacteria|p__Bacteroidetes|c__Bacteroidia|o__Bacteroidales|f__Prevotellaceae|g__Prevotella|s__Prevotella_oralis",0,0,0,0,0,0,0,0,0,0,0,0,0,0,0,0,0,0,0,0,0,0,0,0,0,0,0,0,0,0,0,0,0,0,0,0,0,0,0,0,0,0,0,0,0,0,0,0,0,0,0,0,0,0,0,0,0,0,0,0,0,0,0,0,0,0,0,0,0,0,0,0,0,0,0,0,0,0,0,0,0,0,0,0,0,0,0,0,0,0,0,0,0,0,0,0,0,0,0,0,0,0,0,0,0,0,0,0,0,0,0,0,0,0,0,0,0,0,0,0,0,0,0,0,0,0,0,0,0,0,0,0,0,0,0,0,0,0,0,0,0,0,0,0,0,0,0
"k__Bacteria|p__Actinobacteria|c__Actinobacteria|o__Actinomycetales|f__Actinomycetaceae|g__Actinomyces|s__Actinomyces_sp_oral_taxon_897",0,0,0,0,0,0,0,0,0,0,0,0,0,0,0,0,0,0,0,0,0,0,0,0,0,0,0,0,0,0,0,0,0,0,0,0,0,0,0,0,0,0,0,0,0,0,0,0,0,0,0,0,0,0,0,0,0,0,0,0,0,0,0,0,0,0,0,0,0,0,0,0,0,0,0,0,0,0,0,0,0,0,0,0,0,0,0,0,0,0,0,0,0,0,0,0,0,0,0,0,0,0,0,0,0,0,0,0,0,0,0,0,0,0,0,0,0,0,0,0,0,0,0,0,0,0,0,0,0,0,0,0,0,0,0,0,0,0,0,0,0,0,0,0,0,0,0
"k__Bacteria|p__Firmicutes|c__Negativicutes|o__Veillonellales|f__Veillonellaceae|g__Veillonella|s__Veillonella_rodentium",0,0,0,0,0,0,0,0,0,0,0,0,0,0,0,0,0,0,0,0,0,0,0,0,0,0,0,0,0,0,0,0,0,0,0,0,0,0,0,0,0,0,0,0,0,0,0,0,0,0,0,0,0,0,0,0,0,0,0,0,0,0,0,0,0,0,0,0,0,0,0,0,0,0,0,0,0,0,0,0,0,0,0,0,0,0,0,0,0,0,0,0,0,0,0,0,0,0,0,0,0,0,0,0,0,0,0,0,0,0,0,0,0,0,0,0,0,0,0,0,0,0,0,0,0,0,0,0,0,0,0,0,0,0,0,0,0,0,0,0,0,0,0,0,0,0,0
"k__Bacteria|p__Firmicutes|c__Clostridia|o__Clostridiales|f__Lachnospiraceae|g__Shuttleworthia|s__Shuttleworthia_satelles",0,0,0,0,0,0,0,0,0,0,0,0,0,0,0,0,0,0,0,0,0,0,0,0,0,0,0,0,0,0,0,0,0,0,0,0,0,0,0,0,0,0,0,0,0,0,0,0,0,0,0,0,0,0,0,0,0,0,0,0,0,0,0,0,0,0,0,0,0,0,0,0,0,0,0,0,0,0,0,0,0,0,0,0,0,0,0,0,0,0,0,0,0,0,0,0,0,0,0,0,0,0,0,0,0,0,0,0,0,0,0,0,0,0,0,0,0,0,0,0,0,0,0,0,0,0,0,0,0,0,0,0,0,0,0,0,0,0,0,0,0,0,0,0,0,0,0
"k__Bacteria|p__Actinobacteria|c__Actinobacteria|o__Corynebacteriales|f__Corynebacteriaceae|g__Corynebacterium|s__Corynebacterium_pseudodiphtheriticum",0,0,0,0,0,0,0,0,0,0,0,0,0,0,0,0,0,0,0,0,0,0,0,0,0,0,0,0,0,0,0,0,0,0,0,0,0,0,0,0,0,0,0,0,0,0,0,0,0,0,0,0,0,0,0,0,0,0,0,0,0,0,0,0,0,0,0,0,0,0,0,0,0,0,0,0,0,0,0,0,0,0,0,0,0,0,0,0,0,0,0,0,0,0,0,0,0,0,0,0,0,0,0,0,0,0,0,0,0,0,0,0,0,0,0,0,0,0,0,0,0,0,0,0,0,0,0,0,0,0,0,0,0,0,0,0,0,0,0,0,0,0,0,0,0,0,0
"k__Bacteria|p__Firmicutes|c__Tissierellia|o__Tissierellales|f__Peptoniphilaceae|g__Anaerococcus|s__Anaerococcus_octavius",0,0,0,0,0,0,0,0,0,0,0,0,0,0,0,0,0,0,0,0,0,0,0,0,0,0,0,0,0,0,0,0,0,0,0,0,0,0,0,0,0,0,0,0,0,0,0,0,0,0,0,0,0,0,0,0,0,0,0,0,0,0,0,0,0,0,0,0,0,0,0,0,0,0,0,0,0,0,0,0,0,0,0,0,0,0,0,0,0,0,0,0,0,0,0,0,0,0,0,0,0,0,0,0,0,0,0,0,0,0,0,0,0,0,0,0,0,0,0,0,0,0,0,0,0,0,0,0,0,0,0,0,0,0,0,0,0,0,0,0,0,0,0,0,0,0,0
"k__Bacteria|p__Firmicutes|c__Bacilli|o__Lactobacillales|f__Lactobacillaceae|g__Lactobacillus|s__Lactobacillus_vaginalis",0,0,0,0,0,0,0,0,0,0,0,0,0,0,0,0,0,0,0,0,0,0,0,0,0,0,0,0,0,0,0,0,0,0,0,0,0,0,0,0,0,0,0,0,0,0,0,0,0,0,0,0,0,0,0,0,0,0,0,0,0,0,0,0,0,0,0,0,0,0,0,0,0,0,0,0,0,0,0,0,0,0,0,0,0,0,0,0,0,0,0,0,0,0,0,0,0,0,0,0,0,0,0,0,0,0,0,0,0,0,0,0,0,0,0,0,0,0,0,0,0,0,0,0,0,0,0,0,0,0,0,0,0,0,0,0,0,0,0,0,0,0,0,0,0,0,0
"k__Bacteria|p__Firmicutes|c__Tissierellia|o__Tissierellales|f__Peptoniphilaceae|g__Finegoldia|s__Finegoldia_magna",0,0,0,0,0,0,0,0,0,0,0,0,0,0,0,0,0,0,0,0,0,0,0,0,0,0,0,0,0,0,0,0,0,0,0,0,0,0,0,0,0,0,0,0,0,0,0,0,0,0,0,0,0,0,0,0.00373,0,0,0,0,0,0,0,0,0,0,0,0.00181,0,0,0,0,0,0,0,0,0,0,0,0,0,0,0,0,0.00848,0,0,0,0,0,0,0,0,0,0,0,0,0,0,0,0,0,0,0,0,0,0,0,0,0,0,0,0,0,0,0,0,0,0,0,0,0,0,0,0,0,0,0,0,0,0,0,0,0,0,0,0,0,0,0,0,0,0,0,0,0,0
"k__Bacteria|p__Proteobacteria|c__Epsilonproteobacteria|o__Campylobacterales|f__Campylobacteraceae|g__Campylobacter|s__Campylobacter_ureolyticus",0,0,0,0,0,0,0,0,0,0,0,0,0,0,0,0,0,0,0,0,0,0,0,0,0,0,0,0,0.00182,0,0.00518,0,0,0,0,0,0,0,0,0,0,0,0,0,0,0,0,0,0,0,0,0,0,0,0,0,0,0,0,0,0,0,0,0,0,0,0.00342,0,0,0,0,0,0,0,0,0,6e-04,0,0,0,0,0,0,0,0,0,0,0,0,0,0,0,0,0,0,0,0,0,0,0,0,0,0,0,0,0,0,0,0,0,0,0,0,0,0,0,0,0,0,0,0,0,0,0,0,0,0,0,0,0,0,0,0,0,0,0,0,0,0,0,0,0,0,0,0,0,0
"k__Bacteria|p__Firmicutes|c__Erysipelotrichia|o__Erysipelotrichales|f__Erysipelotrichaceae|g__Faecalitalea|s__Faecalitalea_cylindroides",0,0,0,0,0.02836,0,0,0,0,0,0,0,0,0,0,0,0,0,0,0,0,0,0,0,0,0,0,0,0,0,0,0,0,0,0,0,0,0,0,0,0,0,0,0,0,0,0,0,0,0,0,0,0,0,0,0,0,0,0,0,0,0,0,0,0,0,0,0.05913,0,0,0,0,0,0,0,0.02827,0,0,0,0,0,0,0,0,0,0,0.01264,0,0,0,0,0,0,0,0,0,0,0,0,5e-04,0,0,0,0,0,0,0,0,0,0,0,0,0,0.02154,0,0,0,0,0,0,0,0,0,0,0,0,0,0,0,0,0,0,0,0,0,0,0,0,0,0,0,0,0,0,0,0,0
"k__Bacteria|p__Firmicutes|c__Clostridia|o__Clostridiales|f__Lachnospiraceae|g__Lachnoclostridium|s__Clostridium_bolteae",0,0,0,0,0.0099,0,0.01246,0.00616,0,0,0.03077,0.03086,0.0019,0.03259,0,0,0.02038,0,0,0.00494,0.51183,0,0.01112,0,0,0,0.00086,0.00195,0.0031,0.00639,0.10136,0.05333,0.01316,0,0,0,0.00394,0,0,0.00122,0,0.00435,0,0.00661,0,0,0,0,0,0,0,0,0,0,0,0.02198,0,0,0,0.01482,0,0,0,0,0,0,0,0,0.0028,0,0.03909,0,0.00244,0,0,0,0.01074,0,0,0,0,0,0,0,0.13264,0,0.00769,0,0.00851,0.00158,0,0.02098,0,0.00011,0,0,0,0,0.08749,0,0.00129,0,0.00057,0.00211,0,0,0,0,0,0,0,0,0,0.00104,0.00367,0,0,0,0,0.00015,0,0,0,0.00368,0,0.03469,0.00678,0,0.01497,0,0,0,0,0.01954,0.00052,0,0,0.00561,0.00333,0,0,0.00196,0,0,0.09773,0.00327,0
"k__Bacteria|p__Firmicutes|c__Clostridia|o__Clostridiales|f__Lachnospiraceae|g__Blautia|s__Blautia_sp_CAG_257",0,0,0,0,0.00475,0,0.00014,0.0081,0,0,0.00422,0.02394,0.01031,0.15812,0,0,0,0,0,0.00064,0.02639,0.05928,0,0,0,0,0,0,0,0.02338,0.44259,0,0.00284,0,0,0,0,0,0.00529,0,0.00544,0,0,0.34903,0,0.00286,0,0,0,0,0,0,0,0,0.02154,0.08221,0,0,0,0.00131,0,0.00547,0,0,0,0,0,0,0,0,0.0053,0,0.01051,0,0,0.00608,0,0,0,0,0.00087,0,0,0,0.00071,0.12164,0.00251,0,0.03557,0,0.01788,0.00044,0,0,0,0,0.0028,0,0.06426,0,0.00163,0,0.0146,0.05976,0,0,0,0,0,0,0,0,0,0,0.00309,0,0,0,0,0,0,0,0.02951,0.01982,0,0.00815,0.00211,0,0.00341,0.03537,0,0.10291,0,0,0.32118,0.02682,0,0.00032,0,0,0.00102,0.00021,0,0,0.15233,0.02097,0
"k__Bacteria|p__Firmicutes|c__Clostridia|o__Clostridiales|f__Eubacteriaceae|g__Eubacterium|s__Eubacterium_dolichum_CAG_375",0,0,0,0,0.00467,0,0,0,0,0,0,0,0,0.00113,0,0,0,0,0,0,0,0,0,0,0,0,0,0,0,0,0.68834,0.0319,0,0,0,0,0.00267,0,0,0,0,0,0,0.13991,0,0,0,0,0,0.00178,0,0,0,0,0.01268,0,0,0,0.00102,0,0,0,0.02395,0,0,0,0,0,0,0,0,0,0.00818,0,0,0,0,0,0,0,0,0,0,0,0,0,0.01644,0,0,0,0,0,0,0,0,0,0,0,0.02213,0,0.00582,0,0,0,0.00071,0,0,0,0,0,0,0,0,0,0.01018,0,0,0,0,0,0,0,0.02373,0.01588,0,0,0,0,0,0,0,0,0.00887,0,0.22192,0,0.00649,0,0,0,0,0,0,0,0.01191,0,0
"k__Bacteria|p__Firmicutes|c__Erysipelotrichia|o__Erysipelotrichales|f__Erysipelotrichaceae|g__Absiella|s__Absiella_dolichum",0,0,0,0,0.00375,0,0,0,0,0,0,0,0,0.00313,0,0,0,0,0,0,0,0,0,0,0,0,0,0,0,0,0.76101,0.03354,0,0,0,0,0.00071,0,0,0,0,0,0,0.14566,0,0,0,0,0,0.00341,0,0,0,0,0.01103,0,0,0,0.00014,0,0,0,0.02654,0,0,0,0,0,0,0,0,0,0.00944,0,0,0,0,0,0,0,0,0,0,0,0,0,0.01708,0,0,0,0,0,0,0,0,0,0,0,0.02758,0,0.00261,0,0,0,0,0,0,0,0,0,0,0,0,0,0.01165,0,0,0,0,0,0,0,0.02775,0.01248,0,0,0,0,0,0,0,0,0.01052,0,0.23497,0.00012,0.00694,0,0,0,0,0,0,0,0.0094,0,0
"k__Bacteria|p__Firmicutes|c__Clostridia|o__Clostridiales|f__Clostridiaceae|g__Clostridium|s__Clostridium_bolteae_CAG_59",0,0,0,0,0.00272,0,0,0,0,0,0.00947,0,0,0,0,0,0,0,0,0,0.07919,0,0.00301,0,0,0,0,0,0,0,0,0.00306,0,0,0,0,0,0,0,0,0,0,0,0,0,0.00011,0,0,0,0,0,0,0,0,0,0,0,0,0,0.01037,0,0,0,0,0,0,0,0,0,0,0,0,0,0,0,0,0,0,0,0,0,0,0,0,0,0,0,0,0,0.00335,0.00037,0.01053,0,0,0,0,0,0,0,0,0.00052,0,0,0,0,0,0,0,0,0,0,0,0,0,0,0,0,0,0,0,0,0,0,0,0,0.03492,0.00074,0,0,0,0,0,0,0,0.00319,0,0,0,0.00061,0,0,0,0,0,0,0.00205,0
"k__Bacteria|p__Bacteroidetes|c__Bacteroidia|o__Bacteroidales|f__Bacteroidaceae|g__Bacteroides|s__Bacteroides_faecis",0,0,0,0,0.00195,0,0,0,0,0,0,0,0,0,0,1.52669,0,2.8764,0.17169,0,2.4074,0,0,0,0,1.33349,0,0,2.24503,0,0,0,0,0,0,0,0,0,0,0,0.60059,0,0,0,12.48137,0,0.01199,0,0,0,0,0,0,0.95029,1.03978,0,0,0.00216,0,0,0,0,0,0,0,0,1.93058,0,0,0,0,0,0,0,0,0,0,0,0,0,0,0,0,0,0,0,0.00101,0,0,0,0,0,0,0,0,0,15.41742,0.00523,0,0,0,0,0,0,0,0,0,0,3.80452,0,3.01099,0,4.84941,0,0,0,1.82687,0,0,0,3.21973,0,0,0.2092,0,0,16.22241,3.36558,0,0,0,0,0,0,0,0,0,17.13945,0,3.74602,0,0,0,0,0,0,1.09993
"k__Bacteria|p__Firmicutes|c__Clostridia|o__Clostridiales|f__Lachnospiraceae|g__Lachnoclostridium|s__Clostridium_lavalense",0,0,0,0,0.00194,0,0.00192,0,0,0,0.11134,0,0.00034,0,0,0,0.04331,0,0,0.00229,0.0378,0,0,0,0,0,0,0,0.0064,0.00038,0.00311,0.05239,0,0,0,0.0022,0,0.00046,0,0,0,0.04259,0,0,0,0,0,0,0,0,0,0,0,0,0,0.01942,0,0,0,0,0,0.00395,0,0,0,0,0,0,0,0,0.00483,0,0.00275,0.00215,0,0.00489,0.00232,0.01235,0,0,0,0,0,0,0.00343,0,0.00296,0,0,0.02386,0.00087,0.00075,0,0,0,0,0.00385,0,0,0,0,0,0,0.0033,0,0,0,0,0,0,0,0,0,0,0,0,0,0,0,0,0,0,0.00091,0,0,0.00564,0.00407,0,0,0,0,0,0,0,0,0,0,0,0,0.00392,8e-04,0,0,0,0.01354,0,0
"k__Bacteria|p__Firmicutes|c__Clostridia|o__Clostridiales|f__Lachnospiraceae|g__Lachnoclostridium|s__Clostridium_saccharolyticum",0,0,0,0,0.00094,0,0.00193,0,0,0.0026,0.00907,0,0,0,0,0,0.02798,0,0.00011,0,0,0.00146,0,0,0.00829,0.01097,0,0,0,0,0,0.07075,0,0.01114,0,0,0,0,0,0,0,0,0,0,0,0.00042,0,0,0,0,0,0,0,0,0,0,0,0,0,0,0,0,0.004,0,0,0.02924,0.00217,0,0,0,0,0,0,0,0,0,0,0,0,0,0,0,0,0,0,0,0.00108,0,0,0.00055,0,0.00099,0,0,0,0,0.00444,0,0.00398,0,0.01745,0,0,0,0,0,0,0,0,0,0.0096,0,0,0,0.00056,0,0,0,0,0,0,0,0,0,0,0,0.0059,0,0,0,0,0,0,0,0,0,0,0,0,0,0,0,0,0,0,0,0
"k__Bacteria|p__Firmicutes|c__Clostridia|o__Clostridiales|f__Lachnospiraceae|g__Lachnoclostridium|s__Clostridium_clostridioforme",0,0,0,0,0.00052,0,0.00495,0.10763,0,0,0,0.00521,0.00241,0.00037,0,0,0.00853,0,0,0,0.00748,0,0.00047,0,0,0,0,0,0,0.00478,0.00565,0.01347,0.00366,0,0,0,0,0,0,0,0,0,0,0,0,0,0,0,0,0,0,0,0,0,0,0.00484,0,0,0,0,0,0,0,0,0,0,0,0,0,0,0.03087,0,0,0,0,0,0,0,0,0,0,0,0,0,0.00148,0.00774,0,0,0.01273,0.02705,0.00214,0,0,0,0,0,0,0,0.00644,0,0.00226,0,0,0.00934,0,0,0,0,0,0,0,0,0,0,0.00107,0,0,0,0,0,0,0,0.00579,0.00266,0,0,0.00063,0,0,0,0,0,0,0.041,0.02367,0,0,0,0,0,0,0,0,0,0.02839,0,0
"k__Bacteria|p__Firmicutes|c__Clostridia|o__Clostridiales|f__Lachnospiraceae|g__Lachnoclostridium|s__Clostridium_symbiosum",0,0,0,0,4e-04,0,0,0,0,0.0048,0.34675,0,0,0,0,0,0.09103,0,0,0.00024,0.03871,0,0.01499,0,0,0,0.0185,0.00506,0.01135,7e-05,0.04365,0,0,0.00298,0,0,0.00047,0,0,0,0,0,0,0,0,0,0,0,0,0,0,0,0,0,0.02779,0.11865,0,0,0,0,0,0,0,0,0,0,0,0,0,0,0.08053,0,0,0.01076,0,0,0.01637,0,0,0,0,0,0,0,0.07186,0,0.00154,0,0,0.00471,0,0,0,0,0,0,0,0,0.00059,0,0,0,0.00076,0.00657,0,0,0,0,0,0,0,0,0,0,0,0,0,0,0,0,0,0,0.00414,0,0,0.00011,0.00047,0,0,0.01139,0,0,0,0.0338,0,0,0,0,0,0.00225,0.00105,0,0,0,0,0,0
"k__Bacteria|p__Bacteroidetes|c__Bacteroidia|o__Bacteroidales|f__Bacteroidaceae|g__Bacteroides|s__Bacteroides_plebeius",0,0,0,0,0,4.35265,0,0,0,0,0,0,0,0,0,0,0,0,0,0,0,0,0,0,0,0,0,0,0,0,0,0,0,0,21.15021,4.24679,0,0,0,0.39695,0,0,0,0,0,0,0.45364,0,0,0,0,0,0,0,32.82245,0,0,0,0,0,0,0,0,0,0,0,0,0.00019,0,0,0,0,0,0,0,0,0,0,0,0,0,0,0,0,0,0,0,22.78109,0,0,0,0,0,0,20.43292,0,0,0,0,0,0,0.02482,0,0,0,0,0,0,0,2.9475,0,0,0,2.34157,0,0,0,0,0,0,0,12.78657,0,0,0,0,0,0,0,0,0,0,0,0,0,0,0,0,0,0,0,0,0,0,0,0,0
"k__Bacteria|p__Firmicutes|c__Clostridia|o__Clostridiales|f__Lachnospiraceae|g__Blautia|s__Blautia_hydrogenotrophica",0,0,0,0,0,0.01028,0,0,0,0.02348,0.01373,0,0.00267,0,0,0,0,0,0,0,0.02717,0,0,0,0,0.12361,0.00324,0,0.00261,0.01609,0,0.00786,0,0,0,0,0,0.00277,0,0,0,0,0,0,0.00235,0.06217,0,0,0,0,0,0,0,0,0,0.00129,0,0,0,0.00994,0.00235,0.0265,0,0.00859,0,0,0,0.00237,0,0,0.03827,0,0,0,0,0.00363,0.00018,0.00022,0,0.00303,0,0,0.06256,0,0,0,0,5e-04,0,0,0.00996,0,0,0,0.00699,0,0.00044,0,0,0,0,0.00271,0.0049,0.05308,0,0,0,0,0.00023,0,0,0,0,0,0.00646,0,0,0.01036,0.00457,0.00354,0,0,0,0,0,0.05659,0,0,0,0.00204,0,0,0,0,0,0,0,0,0.01629,0,0.01243,0,0.01096,0,0,0.02299,0
"k__Bacteria|p__Firmicutes|c__Clostridia|o__Clostridiales|f__Ruminococcaceae|g__Ruminococcus|s__Ruminococcus_sp_CAG_403",0,0,0,0,0,0.00514,0,0,0,0,0,0,0,0,0,0,0,0,0,0,0,0,0,0,0,0,0,0,0,0,0,0,0,0,0,0,0,0,0,0,0,0,0.30514,0,0,0,0,0,0,0,0,0,0,0,0,0,0,0.09923,0,0,0,0,0,0,0,0,0,0,0,0,0,0,0,0,0,0,0,0,0,0,0,0,0,0,0,0,0,0,0,0,0,0,0,0,0,0,0,0,0,0,0,0,0,0,0,0,0,0,0,0,0,0,0,0,0,0,0,0,0,0,0,0,0,0,0,0,0,0,0,0,0,0,0,0,0,0,0,0,0,0,0,0,0,0,0,0,0
"k__Bacteria|p__Firmicutes|c__Clostridia|o__Clostridiales|f__Lachnospiraceae|g__Blautia|s__Ruminococcus_gnavus",0,0,0,0,0,0.004,0.0283,0.06051,0,0.01175,3.91509,0.65681,0.11958,0.36053,0,0,0.01825,0,0.01664,0.02117,0.84214,0.13211,0.02476,0,0,0,0,0.04007,0.02029,0.01239,0.22064,0.01411,0.08708,0.36928,0.00067,0,0.01537,0,0.00073,0.01616,0.00325,0,0,1.01976,0.01484,0.10882,0,0.08997,0,0,0,0.22842,0,0,0.04908,0.5697,0,0,0.03481,0.06682,0,0.01983,0.00203,0.3411,0.03279,0,0.04083,0.01366,0.05721,0,0.01326,0.00412,0.05187,0.17147,0,0,0.00404,0,0.00358,0,0.0021,0,0.02928,0,0.02642,0.56251,0,0,0.32487,0,0.16146,0.06745,0.00151,0,0,0,0.15687,0,0.47338,0,1.65,0.0106,0.0122,0.07455,0.22242,0,0,0.04738,0,0,0.03972,0,0,0.00715,0.24578,0.02942,0.0035,0,0.40793,0,0.0017,0.00059,0.01405,0.01786,0.00143,0,0.02118,0,0.34577,0.17575,0.00197,0,0.00865,0.04007,7.07708,0.06796,0.05147,0.05036,0.00086,0.06931,0,0.00806,0.06785,0.00168,2.27038,0.00201,0
"k__Bacteria|p__Firmicutes|c__Bacilli|o__Lactobacillales|f__Streptococcaceae|g__Lactococcus|s__Lactococcus_lactis",0,0,0,0,0,0.00377,0,0,0,0.01321,0.00399,0,0,0,0,0,0,0,0.01485,0,0,0,0.00659,0,0,0,0.00271,0,0.00034,0,0,0.01365,0,0.14597,0.00341,0.00148,0.00526,0.06505,0,0,0,0,0,0,0,0.00374,0,0,0,0,0,0,0,0,0,0,0,0,0,0,0.00133,0.00479,0,0,0,0,0,0,0.03072,0,0,0.04697,0,0,0,0,0,0.03601,0,0.00559,0,0,0,0,0,0,0,0,0,0,0,0,0,0,0,0,0,0,0,0,0.00185,0.15558,0,0.00375,0,0,0,0,0,0,0,0,0,0.0014,0.00332,0,0,0,0,0.00172,0,0,0,0,0,0,0.00702,0.00025,0,0.00033,0,0.00024,0,0,0,0,0,0,0.0088,0,0,0,0,0,0,0,0
"k__Bacteria|p__Firmicutes|c__Clostridia|o__Clostridiales|f__Lachnospiraceae|g__Roseburia|s__Roseburia_sp_CAG_309",0,0,0,0,0,0.00146,0,0,0.00109,0,0,0,0,0,0,0,0.0128,0.00011,0.01424,0.03241,0,0,0,0,0,0,0,0,0,0,0,0,0,0,0.00223,0.02355,0,0,0,0.00588,0,0,0,0,0.14236,0,0,0,0,0,0,0,0,0,0,0,0.02417,0.04326,0,0,0.00417,0,0,0,0.05401,0,0.01873,0,0,0.0257,0,0.00845,0,0,0.0062,0,0,0,0,0,0,0,0.02134,0,0,0,0,0,0,0,0,0,0,0,0.00238,0,0,0.10151,0,0,0,0.02531,0,0,0,0,0,0,0,0.0075,0,0,0,0,0,0.05905,0,0,0,0.01623,0,0.02172,0,0,0,0,0,0,0,0,0,0,0,0,0,0,0,0,0.09005,0,0,0,0,0,0,0,0
"k__Bacteria|p__Firmicutes|c__Clostridia|o__Clostridiales|f__Peptostreptococcaceae|g__Romboutsia|s__Romboutsia_ilealis",0,0,0,0,0,0.00054,0,0,0,0,0,0,0,0,0,0,0,0,0,0,0,0,0,0,0.00216,0,0,0,0,0,0,0,0,0.10699,0,0,0,0.0013,0,0,0,0,0,0,0.0014,0,0,0,0,0,0,0,0,0,0,0,0,0,0,0,0,0,0,0,0,0,0,0,0,0,0,0,0,0,0,0,0,0.00199,0,0,0,0,0,0,0,0,0,0,0,0,0,0,0,0,0,0,0,0,0.00024,0,0,0,0,0,0,0,0,0,0,0,0,0,0,0,0,0,0,0,0,0,0,0,0,0,0,0,0,0,0,0.00428,0,0,0.00056,0,0,0,0,0,0,0,0,0,0,0.00035,0.00286,0.00048,0
"k__Bacteria|p__Firmicutes|c__Clostridia|o__Clostridiales|f__Peptostreptococcaceae|g__Peptoanaerobacter|s__Peptoanaerobacter_stomatis",0,0,0,0,0,0,0,0,0,0,0,0,0,0,0,0,0,0,0,0,0,0,0,0,0,0,0,0,0,0,0,0,0,0,0,0,0,0,0,0,0,0,0,0,0,0,0,0,0,0,0,0,0,0,0,0,0,0,0,0,0,0,0,0,0,0,0,0,0,0,0,0,0,0,0,0,0,0,0,0,0,0,0,0,0,0,0,0,0,0,0,0,0,0,0,0,0,0,0,0,0,0,0,0,0,0,0,0,0,0,0,0,0,0,0,0,0,0,0,0,0,0,0,0,0,0,0,0,0,0,0,0,0,0,0,0,0,0,0,0,0,0,0,0,0,0,0
"k__Bacteria|p__Firmicutes|c__Bacilli|o__Lactobacillales|f__Streptococcaceae|g__Streptococcus|s__Streptococcus_sp_NLAE_zl_C503",0,0,0,0,0,0,0,0,0,0,0,0,0,0,0,0,0,0,0,0,0,0,0,0,0,0,0,0,0,0,0,0,0,0,0,0,0,0,0,0,0,0,0,0,0,0,0,0,0,0,0,0,0,0,0,0,0,0,0,0,0,0,0,0,0,0,0,0,0,0,0,0,0,0,0,0,0,0,0,0,0,0,0,0,0,0,0,0,0,0,0,0,0,0,0,0,0,0,0,0,0,0,0,0,0,0,0,0,0,0,0,0,0,0,0,0,0,0,0,0,0,0,0,0,0,0,0,0,0,0,0,0,0,0,0,0,0,0,0,0,0,0,0,0,0,0,0
"k__Bacteria|p__Spirochaetes|c__Spirochaetia|o__Spirochaetales|f__Spirochaetaceae|g__Treponema|s__Treponema_lecithinolyticum",0,0,0,0,0,0,0,0,0,0,0,0,0,0,0,0,0,0,0,0,0,0,0,0,0,0,0,0,0,0,0,0,0,0,0,0,0,0,0,0,0,0,0,0,0,0,0,0,0,0,0,0,0,0,0,0,0,0,0,0,0,0,0,0,0,0,0,0,0,0,0,0,0,0,0,0,0,0,0,0,0,0,0,0,0,0,0,0,0,0,0,0,0,0,0,0,0,0,0,0,0,0,0,0,0,0,0,0,0,0,0,0,0,0,0,0,0,0,0,0,0,0,0,0,0,0,0,0,0,0,0,0,0,0,0,0,0,0,0,0,0,0,0,0,0,0,0
"k__Bacteria|p__Bacteroidetes|c__Bacteroidia|o__Bacteroidales|f__Prevotellaceae|g__Prevotella|s__Prevotella_marshii",0,0,0,0,0,0,0,0,0,0,0,0,0,0,0,0,0,0,0,0,0,0,0,0,0,0,0,0,0,0,0,0,0,0,0,0,0,0,0,0,0,0,0,0,0,0,0,0,0,0,0,0,0,0,0,0,0,0,0,0,0,0,0,0,0,0,0,0,0,0,0,0,0,0,0,0,0,0,0,0,0,0,0,0,0,0,0,0,0,0,0,0,0,0,0,0,0,0,0,0,0,0,0,0,0,0,0,0,0,0,0,0,0,0,0,0,0,0,0,0,0,0,0,0,0,0,0,0,0,0,0,0,0,0,0,0,0,0,0,0,0,0,0,0,0,0,0
"k__Bacteria|p__Firmicutes|c__Limnochordia|o__Limnochordales|f__Limnochordaceae|g__Limnochorda|s__Limnochorda_pilosa",0,0,0,0,0,0,0,0,0,0,0,0,0,0,0,0,0,0,0,0,0,0,0,0,0,0,0,0,0,0,0,0,0,0,0,0,0,0,0,0,0,0,0,0,0,0,0,0,0,0,0,0,0,0,0,0,0,0,0,0,0,0,0,0,0,0,0,0,0,0,0,0,0,0,0,0,0,0,0,0,0,0,0,0,0,0,0,0,0,0,0,0,0,0,0,0,0,0,0,0,0,0,0,0,0,0,0,0,0,0,0,0,0,0,0,0,0,0,0,0,0,0,0,0,0,0,0,0,0,0,0,0,0,0,0,0,0,0,0,0,0,0,0,0,0,0,0
"k__Bacteria|p__Firmicutes|c__Bacilli|o__Lactobacillales|f__Lactobacillaceae|g__Lactobacillus|s__Lactobacillus_crispatus",0,0,0,0,0,0,0,0,0,0,0,0,0,0,0,0,0,0,0,0,0,0,0.01386,0,0,0,0,0,0,0,0,0,0,0,0,0,0,0,0,0,0,0,0,0,0,0,0,0,0,0,0,0,0,0,0,0,0,0,0,0,0,0,0,0,0,0,0,0,0,0,0,0,0,0,0,0,0,0,0,0,0,0,0,0,0,0,0,0,0,0,0,0,0,0,0,0,0,0,0,0,0,0,0,0,0,0,0,0,0,0,0,0,0,0,0,0,0,0,0,0,0,0,0,0,0,0,0,0,0,0,0,0,0,0,0,0,0,0,0,0,0,0,0,0,0,0,0
"k__Bacteria|p__Proteobacteria|c__Gammaproteobacteria|o__Pseudomonadales|f__Moraxellaceae|g__Moraxella|s__Moraxella_nonliquefaciens",0,0,0,0,0,0,0,0,0,0,0,0,0,0,0,0,0,0,0,0,0,0,0,0,0,0,0,0,0,0,0,0,0,0,0,0,0,0,0,0,0,0,0,0,0,0,0,0,0,0,0,0,0,0,0,0,0,0,0,0,0,0,0,0,0,0,0,0,0,0,0,0,0,0,0,0,0,0,0,0,0,0,0,0,0,0,0,0,0,0,0,0,0,0,0,0,0,0,0,0,0,0,0,0,0,0,0,0,0,0,0,0,0,0,0,0,0,0,0,0,0,0,0,0,0,0,0,0,0,0,0,0,0,0,0,0,0,0,0,0,0,0,0,0,0,0,0
"k__Bacteria|p__Firmicutes|c__Bacilli|o__Lactobacillales|f__Carnobacteriaceae|g__Dolosigranulum|s__Dolosigranulum_pigrum",0,0,0,0,0,0,0,0,0,0,0,0,0,0,0,0,0,0,0,0,0,0,0,0,0,0,0,0,0,0,0,0,0,0,0,0,0,0,0,0,0,0,0,0,0,0,0,0,0,0,0,0,0,0,0,0,0,0,0,0,0,0,0,0,0,0,0,0,0,0,0,0,0,0,0,0,0,0,0,0,0,0,0,0,0,0,0,0,0,0,0,0,0,0,0,0,0,0,0,0,0,0,0,0,0,0,0,0,0,0,0,0,0,0,0,0,0,0,0,0,0,0,0,0,0,0,0,0,0,0,0,0,0,0,0,0,0,0,0,0,0,0,0,0,0,0,0
"k__Bacteria|p__Actinobacteria|c__Actinobacteria|o__Propionibacteriales|f__Propionibacteriaceae|g__Cutibacterium|s__Cutibacterium_granulosum",0,0,0,0,0,0,0,0,0,0,0,0,0,0,0,0,0,0,0,0,0,0,0,0,0,0,0,0,0,0,0,0,0,0,0,0,0,0,0,0,0,0,0,0,0,0,0,0,0,0,0,0,0,0,0,0,0,0,0,0,0,0,0,0,0,0,0,0,0,0,0,0,0,0,0,0,0,0,0,0,0,0,0,0,0,0,0,0,0,0,0,0,0,0,0,0,0,0,0,0,0,0,0,0,0,0,0,0,0,0,0,0,0,0,0,0,0,0,0,0,0,0,0,0,0,0,0,0,0,0,0,0,0,0,0,0,0,0,0,0,0,0,0,0,0,0,0
"k__Bacteria|p__Actinobacteria|c__Actinobacteria|o__Corynebacteriales|f__Corynebacteriaceae|g__Corynebacterium|s__Corynebacterium_pseudogenitalium",0,0,0,0,0,0,0,0,0,0,0,0,0,0,0,0,0,0,0,0,0,0,0,0,0,0,0,0,0,0,0,0,0,0,0,0,0,0,0,0,0,0,0,0,0,0,0,0,0,0,0,0,0,0,0,0,0,0,0,0,0,0,0,0,0,0,0,0,0,0,0,0,0,0,0,0,0,0,0,0,0,0,0,0,0,0,0,0,0,0,0,0,0,0,0,0,0,0,0,0,0,0,0,0,0,0,0,0,0,0,0,0,0,0,0,0,0,0,0,0,0,0,0,0,0,0,0,0,0,0,0,0,0,0,0,0,0,0,0,0,0,0,0,0,0,0,0
"k__Bacteria|p__Actinobacteria|c__Actinobacteria|o__Propionibacteriales|f__Propionibacteriaceae|g__Cutibacterium|s__Cutibacterium_avidum",0,0,0,0,0,0,0,0,0,0,0,0,0,0,0,0,0,0,0,0,0,0,0,0,0,0,0,0,0,0,0,0,0,0,0,0,0,0,0,0,0,0,0,0,0,0,0,0,0,0,0,0,0,0,0,0,0,0,0,0,0,0,0,0,0,0,0,0,0,0,0,0,0,0,0,0,0,0,0,0,0,0,0,0,0,0,0,0,0,0,0,0,0,0,0,0,0,0,0,0,0,0,0,0,0,0,0,0,0,0,0,0,0,0,0,0,0,0,0,0,0,0,0,0,0,0,0,0,0,0,0,0,0,0,0,0,0,0,0,0,0,0,0,0,0,0,0
"k__Bacteria|p__Bacteroidetes|c__Flavobacteriia|o__Flavobacteriales|f__Flavobacteriaceae|g__Cloacibacterium|s__Cloacibacterium_normanense",0,0,0,0,0,0,0,0,0,0,0,0,0,0,0,0,0,0,0,0,0,0,0,0,0,0,0,0,0,0,0,0,0,0,0,0,0,0,0,0,0,0,0,0,0,0,0,0,0,0,0,0,0,0,0,0,0,0,0,0,0,0,0,0,0,0,0,0,0,0,0,0,0,0,0,0,0,0,0,0,0,0,0,0,0,0,0,0,0,0,0,0,0,0,0,0,0,0,0,0,0,0,0,0,0,0,0,0,0,0,0,0,0,0,0,0,0,0,0,0,0,0,0,0,0,0,0,0,0,0,0,0,0,0,0,0,0,0,0,0,0,0,0,0,0,0,0
"k__Bacteria|p__Firmicutes|c__Clostridia|o__Clostridiales|f__Lachnospiraceae|g__Anaerotignum|s__Anaerotignum_lactatifermentans",0,0,0,0,0,0,0.02652,0,0,0,0.0192,0,0,0,0,0,0,0,0,0,0.37543,0.00016,0.1828,0,0,0,0,0.10945,0,0.00205,0.20379,1.44176,0.00105,0,0,0,0,0,0,0,0,0,0,0,0,0.08067,0,0,0,0,0,0,0,0,0,0.0097,0,0,0,0,0,0,0.00805,0,0,0,0,0,0,0,0.21555,0,0,0,0,0,0,0,0,0,0,0.01812,0.15615,0,0.15146,0.02119,0,0,0,0,0,0.00742,0,0,0,0,0,0,0,0,0,0,0,0.01247,0,0,0,0.00488,0,0,0,0,0,0.07103,0.03639,0,0,0.00636,0,0.00963,0,0,0.04376,0,0,0.09448,0.01559,0,0,0.04109,0.00399,0,0.00029,0,0.08221,7e-05,0,0.00355,0.057,0,0,0,0.0189,0,0.13286,0.0518,0
"k__Bacteria|p__Firmicutes|c__Clostridia|o__Clostridiales|f__Lachnospiraceae|g__Lachnoclostridium|s__Lachnoclostridium_sp_An14",0,0,0,0,0,0,0.02553,0,0,0,0.01054,0,0,0,0,0,0,0,0,0,0,0,0,0,0,0,0,0,0,0,0,0,0,0,0,0,0,0,0,0,0,0,0,0,0,0,0,0,0,0,0,0,0,0,0,0,0,0,0,0,0,0,0,0,0,0,0,0,0,0,0,0,0,0,0,0,0,0,0,0,0,0,0,0,0.01239,0,0,0,0,0,0,0.00853,0,0,0,0,0,0,0,0,0,0,0,0,0,0,0,0,0,0,0,0,0,0,0,0,0,0,0,0,0,0,0,0,0,0,0,0,0,0,0,0,0,0.01036,0,0,0,0,0,0,0,0,0,0,0,0,0
"k__Bacteria|p__Firmicutes|c__Clostridia|o__Clostridiales|f__Peptostreptococcaceae|g__Intestinibacter|s__Intestinibacter_bartlettii",0,0,0,0,0,0,0.01967,0,0.0029,0,0.00403,0,0.00186,0,0,0,0.01412,0,0,0.00875,0.00053,0,0,0.02111,0.0093,0.01298,0.0024,0,0,0.02877,0,0,0,0.02629,0.00084,0,0,0.74952,0,0,0,0,0,0,0,0.00153,0,0,0,0,0.00649,0,0,0,0,0.16207,0.00347,0.01045,0,0,0,0,0,0.00568,0,0,0,0,0,0,0.002,0,0,0,0,0,0.03615,0.00132,0,0,0.00077,0,0,0,0.04098,0,0,0.00057,0,0.05743,0,0,0,0.00178,0,0,0,0,0,0,0,0,0.00798,0,0.00807,0,0,0,0,0,0.01119,0,0,0,0,0,0,0,0,0.01095,0,0.00137,0,0,0,0,0,0,0.00629,0,0,0,0,0.02927,0,0,0.00355,0,0.00319,0,0.00785,0.00349,0,0,0,0,0
"k__Bacteria|p__Firmicutes|c__Erysipelotrichia|o__Erysipelotrichales|f__Erysipelotrichaceae|g__Erysipelatoclostridium|s__Erysipelatoclostridium_ramosum",0,0,0,0,0,0,0.01179,0,0,0,0,0.02156,0,0.01092,0,0,0,0,0,0,0.02781,0,0,0,0,0,0,0,0,0,0.03378,0,0.0043,0.00791,0,0,0,0,0,0,0,0,0,0.07405,0,0,0,0,0,0,0,0,0,0,0,0.00388,0,0,0,0,0,0,0,0,0,0,0,0,0,0,0,0,0,0.13926,0,0,0,0,0,0,0,0,0,0,0.1766,0.00795,0,0,0.01524,0,0.00148,0,0,0,0,0,0.00834,0,0.06274,0,0.1423,0,0,0,0,0,0,0,0,0,0,0,0,0,0,0,0,0,0,0,0,0,0,0,0,0,0,0,0.05513,0,0,0.00496,0,0.02847,0.04315,0,0,0,0,0,0,0.00754,0,0,0.0468,0,0
"k__Bacteria|p__Firmicutes|c__Clostridia|o__Clostridiales|f__Lachnospiraceae|g__Eisenbergiella|s__Eisenbergiella_tayi",0,0,0,0,0,0,0.01025,0,0,0.01674,1.79396,0,0,0,0,0,0.0123,0,0,0.00416,0.00636,0.00254,0.00518,0,0.00134,0.00306,0,0.00308,0,0,0.08639,0,0,0,0,0.0018,0,0.00233,0.00574,0,0,0,0,0,0,0.00199,0,0,0,0,0,0,0,0,0.07883,0.14572,0,0,0,0,0,0.00345,0.00027,0.0309,0,0,0,0,0,0,0.59161,0,0.00785,0.01395,0,0,0.00265,0.00345,0,0,0.00394,0,0,0,0.19647,0,0,0,0,0.00611,0,0,0,0.0012,0,0,0,0,0,0,0,0,0.00499,0,0,0,0,0,0,0,0.00148,0,0,0,0,0,0,0,0,0,0,0,0.00124,0,0,0,0.00787,0.00012,0.00617,0,0,0,0,0.07954,0,0,0,0,0,0,0.01164,0,0,0,0,0,0
"k__Bacteria|p__Firmicutes|c__Clostridia|o__Clostridiales|f__Eubacteriaceae|g__Eubacterium|s__Eubacterium_sp_CAG_274",0,0,0,0,0,0,0.00794,0,0,0,0,0,0,0,0,0,0,0.02525,0,0,0,0,0,0,0,0,0,0,0,0,0,0,0,0,0,0,0,0,0,0,0,0,0,0,0,0,0,0,0,0,0.08886,0,0.03042,0,0,0,0,0,0,0,0,0,0,0,0.00402,0.01725,0,0,0.01602,0,0,0,0,0,0.02041,0,0.02167,0,0,0,0.01796,0,0,0,0,0,0,0,0,0,0,0,0.05835,0,0,0.29243,0,0.03056,0,0,0,0,0.00137,0.14431,0,0,0,0,0,0,0,0,0,0,0,0,0,0,0.58037,0,0,0,0,0,0,0,0,0,0,0,0,0,0,0.00571,0,0,0,0,0,0,0.00841,0,0,0.028,0,0,0
"k__Bacteria|p__Firmicutes|c__Clostridia|o__Clostridiales|f__Clostridiales_unclassified|g__Clostridiales_unclassified|s__Clostridiales_bacterium_1_7_47FAA",0,0,0,0,0,0,0.00476,0,0,0,0.00096,0,0,0,0,0,0.00556,0,0,0.00172,0.02178,0,0,0,0,0,0,0,0,0,0.00016,0.00073,0,0,0,0,0,0,0,0,0,0,0,0,0,0,0,0,0,0,0,0,0,0,0,0.00297,0,0,0,0,0,0,0,0,0,0,0,0,0,0,0.00028,0,0,0,0,0.00445,0.0096,0,0,0,0,0,0,0,0,0,0,0,0,0,0,0,0,0,0,0,0,0,0,0,0,0,0,0,0,0,0,0,0,0,0,0,0,0,0,0,0,0,0,0,0,0,0,0,0,0,0.00166,0,0,0,0,0,0,0,0,0,0,0,0,0,0,0,0,0,0,0,0
"k__Bacteria|p__Firmicutes|c__Clostridia|o__Clostridiales|f__Lachnospiraceae|g__Blautia|s__Blautia_sp_An249",0,0,0,0,0,0,0.00227,0,0,0,0,0,0,0,0,0,0,0,0,0,0,0,0,0,0,0,0,0,0,0,0,0,0,0,0,0,0,0,0,0,0,0,0,0,0,0,0,0,0,0,0,0,0,0,0,0,0,0,0,0,0,0,0,0,0,0,0,0,0,0,0,0,0,0,0,0,0,0,0,0,0,0,0,0,0,0,0,0,0,0,0,0,0,0,0,0,0.00274,0,0,0,0,0,0,0,0,0,0,0,0,0,0,0,0,0,0,0,0,0,0,0,0,0,0,0,0,0,0,0,0,0,0,0,0,0,0,0,0,0,0,0,0,0,0,0,0,0,0
"k__Bacteria|p__Firmicutes|c__Clostridia|o__Clostridiales|f__Lachnospiraceae|g__Dorea|s__Dorea_sp_CAG_317",0,0,0,0,0,0,0,0.00759,0,0,0,0,0,0.00893,0,0,0.06315,0,0,0,0.03975,0,0,0.00089,0,0,0,0,0,0.19342,0.03712,0,0,0,0,0,0,0,0,0,0,0,0,0,0,0.0312,0,0,0,0,0,0,0,0,0.00022,0,0,0,0,0,0,0,0,0,0,0,0,0,0,0,0,0,0,0,0,0.01199,0,0,0,0,0,0,0,0,0,0.12485,0,0,0,0.09278,0,0,0,0,0,0,0,0,0.04252,0,0,0.07614,0,0.71088,0,0,0,0,0,0,0,0,0,0,0,0,0,0,0,0.00143,0,0,0.00115,0,0,0.0362,0.1088,0,0,0.0139,0,0,0,0,0,0,0,0.02699,0,0,0,0.00161,0,0,0,0.0147,0
"k__Bacteria|p__Firmicutes|c__Bacilli|o__Lactobacillales|f__Aerococcaceae|g__Aerococcus|s__Aerococcus_urinaeequi",0,0,0,0,0,0,0,0.00129,0,0,0,0,0,0,0,0,0,0,0,0,0,0,0,0,0,0,0,0,0,0,0,0,0,0,0,0,0,0,0,0,0,0,0,0,0,0,0,0,0,0,0,0,0,0,0,0,0,0,0,0,0,0,0,0,0,0,0,0,0,0,0,0,0,0,0,0,0,0,0,0,0,0,0,0,0,0,0,0,0,0,0,0,0,0,0,0,0,0,0,0,0,0,0,0,0,0,0,0,0,0,0,0,0,0,0,0,0,0,0,0,0,0,0,0,0,0,0,0,0,0,0,0,0,0,0,0,0,0,0,0,0,0,0,0,0,0,0
"k__Bacteria|p__Bacteroidetes|c__Bacteroidia|o__Bacteroidales|f__Prevotellaceae|g__Prevotella|s__Prevotella_stercorea",0,0,0,0,0,0,0,0,13.72729,0,0,0,0,0,0,0,0,0,0,0,0,0,0,0,0,0,0,0,0,0,0,0,0,0,0,0,0,0,0,0,0,0,0,0,0,0,0,0,0,0,0,0,0,0,0,0,0,0,0,0,0,0,0,0,0,0,0,0,0,0,0,0,0,0,0,0,0,0,0,0,0,0,0,0,0,0,0,0,0,0,0,0,0,0,0,0,0,0,0,0,0,0,0,0,0,0,0,0,0,0,0,0,0,0,0,0,0,0,0,0,0,0,0,0,0,0,0,0,0,0,0,0,0,0,0,0,0,0,0,0,0,0,0,0,0,0,0
"k__Bacteria|p__Bacteroidetes|c__Bacteroidia|o__Bacteroidales|f__Prevotellaceae|g__Prevotella|s__Prevotella_sp_CAG_279",0,0,0,0,0,0,0,0,3.5274,0,0,0,0,0,0,0,6.08248,0,0,0,0,0,0,0,0,0,0,0,0,0,0,0,0,0,0,0,0,0,0,0,0,0,1.66385,0,0,0,0,0,0,0,0,0,0,0,0,0,0,0,0,0,0,0,0,0,0,0,0,0,0,0,0,0,0,0,0,0,0,0,0,0,0,0,0,0,0,0,0,0,0,16.82763,0,0,0,0,0,0,0,0,0,0,0,0,0,0,0.001,0,0,0,0,0,8.10034,0,0,0,0,4.45226,0,0,0,0,0,0,0,0,0,0,0,0,0,0,0,0,0,0,0,0,0,0,0,0,0,0,0,0,0,0,0
"k__Bacteria|p__Bacteroidetes|c__Bacteroidia|o__Bacteroidales|f__Prevotellaceae|g__Paraprevotella|s__Paraprevotella_xylaniphila",0,0,0,0,0,0,0,0,0.76411,0,0,0,0,0,0,0.95703,1.27068,4.95948,0,0,0,0,0,0,0,0,0,0,0.68961,0,0,0,0,0,0,0.92602,0,0,0,0,0,0,0,0,0,0,0,0,0,0,0,0,0,0.74155,0.78503,0,6.53494,2.20262,0,0,0,0,0,0,0,0,0,0,0,0,0,0,0,0.03597,0,0,0,0,0,0,0,0,0,0,0,0,0,0,0,3.17013,0,0,0,0,0,0,0,4.49494,0,0,0,0,0,0,0,1.91692,2.31298,0,0,0.17686,0.43278,0,0,0.12037,0,0,0.84012,0,0,0,0,0,0,0,0,0,0,0,0,0,0,0,0,0,0,0,0,0,0,0.32894,0,0,0,0,0,0,0.51205
"k__Bacteria|p__Bacteroidetes|c__Bacteroidia|o__Bacteroidales|f__Bacteroidaceae|g__Bacteroides|s__Bacteroides_coprophilus",0,0,0,0,0,0,0,0,0.22246,0,0,0,0,0,0,0,0,0,0,0,0,0,0,0,0,0,0,0,0,0,0,0,0,0,0,0,0,0,0,0,0,0,0,0,0,0,0,0,0,0,0,0,0,0,0,0,0,0,0,0,0,0,0,0,0,0,0,0,0,0,0,0,0,0,0,0,0,0,0,0,0,0,0,0,0,0,0,0,0,0,0,0,0,0,0,0,0,0,0,0,0,0,0,0,0,0,0,0,0,0,0,0,0,0,0,0,0,0,0,0,0,0,0,0,0,0,0,0,0,0,0,0,0,0,0,0,0,0,0,0,0,0,0,0,0,0,0
"k__Bacteria|p__Firmicutes|c__Clostridia|o__Clostridiales|f__Eubacteriaceae|g__Eubacterium|s__Eubacterium_sp_CAG_251",0,0,0,0,0,0,0,0,0.15474,0,0,0,0,0,0,0,0,0,0,0,0,0,0,0,0,0,0,0,0,0.06851,40.04211,0,0,0,0,0.2289,0,0,0,0.0274,0,0,0.44775,0,0,0,0,0,0,0,0,0.09092,0,0,0.10067,0,0,0.01311,0,0,0,0,0,0,0,0,0,0,0,0,0,0,0,0,0,0,0,0,0,0,0,0,0.8375,0,0,0,0,0,0,0,0,0,0,0.25477,0,0,0,0,0,0,0,0.47419,0,0,0.09358,0,0,0,0.27391,0.02604,0,0,0.49899,0.31768,0,2.86417,0,0,0,0,0,0,0.55154,0,0.15956,0,0,0,0,0,0,0,0,0,0,0,0,0,2.60698,0,0,0,0,0,0,0,0
"k__Bacteria|p__Firmicutes|c__Clostridia|o__Clostridiales|f__Clostridiales_unclassified|g__Clostridiales_unclassified|s__Bacteroides_pectinophilus",0,0,0,0,0,0,0,0,0.15169,0,0,0,0,0,0,0,0,0,0,0,0,0,0,0,0,0,0,0,0,0,0,0,0,0,0,0,0,0,0,0,0,0,0,0,0,0,0.00334,0,0,0,0,0,0,0,0,0,0,0,0,0,0,0,0,0,0,0,0,0,0,0,0,0,0,0,0,0.81699,0,0,0,0,0,0,0,0,0,0,0,0,0,0,0,0,0,0,0,0,0,0,0,0,0,0,0,0,0,0,0,0,0,0,0,0,0,0,0,0,0,0,0,0,0,0,0,0,0,0,0,0,0,0,0,0,0,0,0,0,0,0,0,0,0,0,0,0,0,0,0
"k__Bacteria|p__Firmicutes|c__Clostridia|o__Clostridiales|f__Clostridiaceae|g__Clostridium|s__Clostridium_sp_CAG_253",0,0,0,0,0,0,0,0,0.11568,0,0.01221,0,0,0,0,0,0,0,0,0.03184,0,0,0.0121,0,0,0,0.18582,0.05741,0,0,0,0,0,0,0.01676,0,0,0.19744,0,0,0,0,0,0,0.01691,0,0,0,0,0,0,0,0,0,0,0,0,0,0,0,0.00488,0,0,0,0.00391,0,0,0,0,0.01353,0,0.00791,0,0,0.00085,0,0,0.00049,0,0,0,0,0,0,0,0,0,0,0,0,0,0,0,0,0,0,0.01542,0,0,0,0,0,0,0,0,0.00177,0.00875,0,0,0,0,0,0,0,0,0,0,0,0,0.0504,0,1.13092,0,0,0.5594,0,0,0,0,0,0,0,0,0,0,0,0,0,0,0,0,0,0,0.08375,0,0,0
"k__Bacteria|p__Bacteroidetes|c__Bacteroidia|o__Bacteroidales|f__Bacteroidaceae|g__Bacteroides|s__Bacteroides_sp_CAG_144",0,0,0,0,0,0,0,0,0.10869,0,0.49957,0,0,0,0,0,0,0,0,0,0,0,0,0,0,0,0,0,0,0,0,0,0,0,0,0,0,0,0,0,0,0,0,0,0,0,0,0,0,0,0,0,0,0,0,0,0,0,0,0,0,0,0,0,0,0,0,0,0,0,0,0,0,0,0,0,0,0,0,0,2.60425,0,0,0,0,0,0,0,0,0,0,0,0,0,0,0,0,0,0,0,0,0,0,0,0,0,0,0,0,0,0,0,0,0,0,2.40006,0,0,0,0,0,0,0,0,0,0,0,0,0,0,0,0,0,0,0,0,0,0,0,0,0,0,0,0,0,0,0
"k__Bacteria|p__Firmicutes|c__Bacilli|o__Lactobacillales|f__Lactobacillaceae|g__Lactobacillus|s__Lactobacillus_ruminis",0,0,0,0,0,0,0,0,0.0449,0,0,0,0,0,0,0,0,0,0,0,0,0,0,0,0,0,0,0,0,0,0,0,0,0,0,0,0,0,0,0,0,0,0,0,0,0,0,0,0,0,0,0,0,0,0,0,0,0,0,0,0,0,0,0,0,0,0,0,0,0,0,0,0,0,0,0,0,0.63778,0,0,0,0,0,0,0,0,0,0,0,0,0,0,0,0,0,0,0,0,0,0,0,0,0,0,0,0,0,0.01547,0,0,0,0,0,0,0,0,0,0,0,0,0,0,0,0,0,0,0,0,0,0,0,0,0,0,0,0,0,0,0,0,0,0,0,0,0,0,0
"k__Bacteria|p__Bacteroidetes|c__Bacteroidia|o__Bacteroidales|f__Barnesiellaceae|g__Coprobacter|s__Coprobacter_secundus",0,0,0,0,0,0,0,0,0.04205,0,0,0,0,0,0,0,0,0,0,0,0,0,0,0,0,0.51584,0,0,0,0,0,0.98595,0,0,0.09157,0.01846,0,0,0,0,0,0,0,0,0,0,0,0,0,0,0.23525,0,0,0.10459,0.06074,0,0,0.03108,0,0,0,0,0,0,0,0,0,0,0,0,0,0,0,0,0,0,0,0,0,0,0,0,0,0,0,0,0,0,0,0,0,0,0,0,0,0.66092,0,0,0,0,0,0,0,0,0,0,0,0,0.37855,0.00449,0.05527,0,0.47523,0,0,0,0,1.11339,0,0,1.0088,0.20746,0,0,0,0,0,0.07864,0,0,0,0,0,0,0,0,0,0,0,0,0,0,0,0,0,0,0
"k__Bacteria|p__Firmicutes|c__Clostridia|o__Clostridiales|f__Clostridiaceae|g__Clostridium|s__Clostridium_disporicum",0,0,0,0,0,0,0,0,0.03291,0,0,0,0,0,0,0,0,0,0.00387,0,0,0,0,0,0.00568,0,0,0,0,0,0,0,0,0.30268,0,0,0,0.02872,0,0,0,0,0,0,0.0061,0,0,0,0,0,0,0,0,0,0,0,0,0.16717,0,0,0,0,0,0,0,0,0,0,0,0,0,0.01177,0,0,0,0,0,0.00249,0,0,0,0,0,0,0,0,0,0,0,0,0,0,0,0,0,0,0,0,0,0,0,0,0,0,0,0,0,0,0,0,0,0,0,0,0,0,0,0,0,0,0,0,0,0,0,0,0,0,0,0,0,0,0,0,0,0,0,0,0,0,0,0,0,0,0,0,0
"k__Bacteria|p__Bacteroidetes|c__Bacteroidia|o__Bacteroidales|f__Prevotellaceae|g__Paraprevotella|s__Paraprevotella_clara",0,0,0,0,0,0,0,0,0.03189,0,0,0,0,0,0,0.03574,0.13018,0,0,0,0,0,0,0,0,0,0,0,0,0,0,0,0,0,0,0.04192,0,0,0,0,0,0,0,0,0,0,0,0,0,0,0,0,0,0.0617,0,0,0,1.13722,0,0,0,0,0,0,0,0,0,0,0,0,0,0,0,0.01648,0,0,0,0,0,0,0,0,0,0,0,0,0,0,0,0.30968,0,0,0,0,0,0,0,0,0,0,0,0,0,0,0,0.15661,0.20551,0,0,0.00786,0.08365,0,0,0.00382,0,0,0.0529,0,0,0,0,0,0,0,0,0,0,0,0,0,0,0,0,0,0,0,0,0,0,0.00053,0,0,0,0,0,0,0.02527
"k__Bacteria|p__Firmicutes|c__Clostridia|o__Clostridiales|f__Ruminococcaceae|g__Ruminococcus|s__Ruminococcus_sp_CAG_563",0,0,0,0,0,0,0,0,0.02669,0,0,0,0,0,0,0,0.00042,0,0,0,0,0,0,0,0,0,0,0,0,0,0,0,0,0,0,0,0,0,0,0,0,0,0,0,0,0,0,0,0,0,0,0,0,0,0,0,0,0,0,0,0,0,0,0,0,0,0,0,0,0,0,0,0,0,0,0,0,0,0,0,0,0,0,0,0,0,0,0,0,0.00025,0,0,0,0,0,0,0,0,0,0,0,0,0,0,0,0,0,0,0,0,0,0,0,0,0,0,0.00032,0,0,0,0,0,0,0,0,0,0,0,0,0,0,0,0,0,0,0,0,0,0,0,0,0,0,0,0,0,0.00215
"k__Bacteria|p__Firmicutes|c__Clostridia|o__Clostridiales|f__Clostridiaceae|g__Clostridium|s__Clostridium_perfringens",0,0,0,0,0,0,0,0,0.02631,0,0,0,0,0,0,0,0,0,0,0,0,0,0,0,0,0,0,0,0,0,0,0,0,0,0,0,0,0,0,0,0,0,0,0,0,0,0,0,0,0,0,0,0,0,0,0,0,0,0,0,0,0,0,0,0,0,0,0,0,0,0,0,0,0,0,0,0,0,0,0,0,0,0,0,0,0,0,0,0,0,0,0,0,0,0,0,0,0,0,0,0,0,0,0,0,0,0,0,0,0,0,0,0,0,0,0,0,0,0,0,0,0,0,0,0,0,0,0,0,0,0,0,0,0,0,0,0,0,0,0,0,0,0,0,0,0,0
"k__Bacteria|p__Firmicutes|c__Clostridia|o__Clostridiales|f__Ruminococcaceae|g__Ruminococcus|s__Ruminococcus_callidus",0,0,0,0,0,0,0,0,0.02021,0,0.02597,0,0,0,0,0,0,0,0,0,0,0,0,0,0,0,0,0,0,0,0.02776,0,0,0.0241,0,0.00865,0.00929,0.04604,0,0,0,0,0,0,0,0.00257,0,0,0.00242,0,0,0.00687,0,0,0,0,7e-04,0.0027,0,0,0.00016,0.003,0,0,0,0.00046,0,0,0,0,0,0,0,0,0,0.00445,0,0.13483,0,0,0.01913,0,0.09198,0,0,0,0,0,0,0,0,0,0,0,0,0,0,0.04876,0,0.00542,0,0,0,0,0,0,0,0.03135,0,0.00033,0,0,0,0,0,0,0,0,0,0,0,0,0.00321,0,0.00224,0,0,0,0,0.00107,0,0,0,0,0,0,0.00308,0,0.12796,0,0,0,0,0,0,0,0.00756
"k__Bacteria|p__Firmicutes|c__Clostridia|o__Clostridiales|f__Clostridiaceae|g__Clostridium|s__Clostridium_sp_CAG_413",0,0,0,0,0,0,0,0,0.01958,0,0,0,0,0,0,0,0,0,0,0,0,0,0,0,0,0,0,0,0,0,0,0,0,0,0,0,0,0,0,0,0,0,0,0,0,0,0,0,0,0,0,0,0,0,0,0,0,0,0,0,0,0,0,0,0,0,0,0,0,0,0,0,0,0,0,0,0,0,0,0,0,0,0,0,0,0,0,0,0,0,0,0,0,0,0,0,0,0,0,0,0,0,0,0,0,0,0,0,0,0,0,0,0,0,0,0,0,0,0,0,0,0,0,0,0,0,0,0,0,0,0,0,0,0,0,0,0,0,0,0,0,0,0,0,0,0,0
"k__Bacteria|p__Firmicutes|c__Erysipelotrichia|o__Erysipelotrichales|f__Erysipelotrichaceae|g__Holdemanella|s__Holdemanella_biformis",0,0,0,0,0,0,0,0,0.01231,0,0,0,0,0,0,0,0,0.00286,0,0,0,0,0,0,0,0,0,0,0,0,0,0,0,0,0.15105,0,0,0,0,0,0,0,0,0,0,0,0,0,0,0,0,0,0.00948,0,0,0,0.00028,0,0,0,0,0,0,0,0,0,0,0.00107,0,0.02165,0,0,0,0.00707,0,0,0,0,0,0,0,0,0.03654,0,0,0,0,0,0,0,0,0,0.00907,0,0,0,0,0.09023,0,0,0,0,0,0,0,0,0,0,0,0,0,0,0,0,0,0.12033,0,0,0,0,0,0.02335,0,0,0,0,0,0.02818,0,0,0,0,0,0,0,0,0,0,0.05122,0,0,0,0,0,0,0,0
"k__Bacteria|p__Firmicutes|c__Clostridia|o__Clostridiales|f__Clostridiaceae|g__Clostridium|s__Clostridium_paraputrificum",0,0,0,0,0,0,0,0,0.00453,0,0,0,0,0,0,0,0,0,0,0.09775,0,0,0,0,0,0,0,0,0,0,0,0,0,0,0,0,0,0,0,0,0,0,0,0,0,0,0,0,0,0,0,0,0,0,0,0,0,0,0,0,0,0,0,0,0,0,0,0,0,0,0,0,0,0,0,0,0,0,0,0,0,0,0,0,0,0,0,0,0,0,0,0,0,0,0,0,0,0,0,0,0,0,0,0,0,0,0,0,0,0,0,0,0,0,0,0,0,0,0,0,0,0,0,0,0,0,0,0,0,0,0,0,0,0,0,0,0,0,0,0,0,0,0,0,0.01066,0,0
"k__Bacteria|p__Bacteroidetes|c__Bacteroidia|o__Bacteroidales|f__Prevotellaceae|g__Prevotella|s__Prevotella_sp_CAG_520",0,0,0,0,0,0,0,0,0.00272,0,0,0,0,0,0,0,0,0,0,0,0,0,0,0,0,0,0,0,0,0,0,0,0,0,0,0,0,0,0,0,0,0,0,0,0,0,0,0,0,0,0,0,0,0,0,0,0,0,0,0,0,0,0,0,0,0,0,0,0,0,0,0,0,0,0,0,0,0,0,0,0,0,0,0,0,0,0,0,0,0,0,0,0,0,0,0,0,0,0,0,0,0,0,0,0,0,0,0,0,0,0,0,0,0,0,0,0,0,0,0,0,0,0,0,0,0,0,0,0,0,0,0,0,0,0,0,0,0,0,0,0,0,0,0,0,0,0
"k__Bacteria|p__Firmicutes|c__Clostridia|o__Clostridiales|f__Clostridiaceae|g__Clostridium|s__Clostridium_sp_CAG_964",0,0,0,0,0,0,0,0,0.00205,0,0,0,0,0,0,0,0,0,0,0,0,0,0,0.39803,0,0,0,0,0,0,0,0,0,0,0,0,0,0,0,0,0,0,0,0,0,0,0.00362,0,0,0,0,0,0,0,0,0,0,0,0,0,0,0,0,0,0,0,0,0,0,0,0,0,0,0,0,0,0,0,0,0,0,0,0,0,0,0,0,0,0,0,0,0,0,0,0,0,0,0,0,0,0,0,0,0,0,0,0,0,0,0,0,0,0,0,0,0,0,0,0,0,0,0,0,0,0,0,0,0,0,0,0,0,0,0,0,0,0,0,0,0,0,0,0,0,0,0,0
"k__Bacteria|p__Firmicutes|c__Clostridia|o__Clostridiales|f__Ruminococcaceae|g__Ruminococcus|s__Ruminococcus_sp_CAG_488",0,0,0,0,0,0,0,0,0.00011,0,0,0,0,0,0,0,0.0989,0,0,0,0,0,0,0,0,0,0,0,0,0,0,0,0,0,0,0,0,0,0,0,0,0,0,0,0,0,0,0,0,0,0,0,0,0,0,0,0,0,0,0,0,0,0,0,0,0,0,0,0,0,0,0,0,0,0,0,0,0,0,0,0,0,0,0,0,0,0,0,0,0.08623,0,0,0,0,0,0,0,0,0,0,0,0,0,0,0,0,0,0,0,0,0,0,0,0,0,0,0.03801,0,0,0,0,0,0,0,0,0,0,0,0,0,0,0,0,0,0,0,0,0,0,0,0,0,0,0,0,0,0.13613
"k__Bacteria|p__Bacteroidetes|c__Bacteroidia|o__Bacteroidales|f__Porphyromonadaceae|g__Sanguibacteroides|s__Sanguibacteroides_justesenii",0,0,0,0,0,0,0,0,5e-05,0,0,0,0,0,0,0,0,0,0,0,0,0,0,0,0,0,0,0,0,0,0,0,0,0,0,0,0,0,0,0,0,0,0,0,0.0775,0,0,0,0,0,0.00011,0,0,0,0,0,0,0,0,0,0,0,0,0,0,0,0,0,7e-04,0,0,0,0,0,0,0.00035,0,0,0,0,0,0,0,0,0,0,0,0,0,0,0,0,0,0,0,0,0,0,0,0,0,0,0,0,0,0,0,0,0.01012,0,0.01996,0.27207,0.00795,0,0,0,0,0,0,0,0,0,0,0,0,0,0,0,0,0,0,0,0,0,0,0,0,0,0,0,0,0,0,0,0,0,0
"k__Bacteria|p__Firmicutes|c__Erysipelotrichia|o__Erysipelotrichales|f__Erysipelotrichaceae|g__Coprobacillus|s__Coprobacillus_cateniformis",0,0,0,0,0,0,0,0,0,0.54862,0,0,0,0,0,0,0,0,0.00149,0,0,0,0,0,0,0,0.01231,0,0,0.00013,0.21714,0.00266,0,0,0.08489,0.01905,0.20131,0,0,0,0,0.0642,0,0,0,0.10026,0,0,0,0,0,0,0,0,0,0.40002,0,0,0,0,0,0,0.12806,0,0,0,0,0,0,0,0.11675,0,0,0.0543,0,0.01012,0,0,0,0,0,0,0,0,0,0,0,0,0,0,0.00619,0,0.00537,0,0,0,0.00247,0,0,0,0,0.00031,0,0,0,0,0,0,0,0,0.00663,0,0,0,0,0,0,0,0,0,0,0,0.00989,0,0,0,0.00368,0,0,0,0,0,0,0.03117,0,0,0,0,0,0,0.01675,0,0,0.00146,0.00317,0,0
"k__Bacteria|p__Firmicutes|c__Clostridia|o__Clostridiales|f__Lachnospiraceae|g__Eisenbergiella|s__Eisenbergiella_massiliensis",0,0,0,0,0,0,0,0,0,0.0148,0,0,0.00195,0,0,0,0.06553,0,0,0,0.18383,0.00712,0.00637,0,0,0.00129,0,0.00397,0,6e-05,0.1234,0.00056,0.00594,0,0,0,0,0,0,0,0,0.13466,0.00754,0,0,0.00131,0,0.00108,0,0,0,0,0,0,0,0,0,0,0,0.00171,0,0.00443,0,0.0283,0,0,0,0,0,0,0,0,0.01038,0,0,0.00243,0.00386,0,0,0,0,0,0,0,0.04541,0,0,0,0,0.03813,0.01166,0,0,0,0,0,0,0,0,0,0,0,0.00624,0,0,0,0,0,0,0,0,0,0,0,0,0,0,0,0,0,0,0,0.00041,0,0,0,0.04449,0,0.01057,0.01148,0,0,0,0.16948,0,9e-04,0,0.06223,0.00094,0,0,0,0.02398,0,0,0,0
"k__Bacteria|p__Actinobacteria|c__Actinobacteria|o__Bifidobacteriales|f__Bifidobacteriaceae|g__Bifidobacterium|s__Bifidobacterium_pseudocatenulatum",0,0,0,0,0,0,0,0,0,0.01073,0,0.11579,0.03371,0.07177,0,0,0,0,0.00437,0,0,0,0,0,0.02181,0.03992,0,0,0,0,0,0.01432,0,0,0.02077,0,0,0,0,0,0,0,0,0,0,0.0696,0,0,0,0,0,0,0.09025,0,0.01632,0,0.09196,0,0,0,0,0.01182,0.02286,0.64515,0,0,0,0,0,0,0,0,0,0.17546,0,0,0,0,0,0,0,0,0,0,0,0,0,0,0.04402,0,0.07358,0,0.29753,0,0,0,0,0.00503,0.02004,0.01896,0,0,0,0,0,0.03523,0.12811,0,0,0,0,0.00883,0,0,0,0,0,0,0,0,0,0.36801,0,0.01084,0.27103,0.02125,0,0,0,0,0,0,0.00281,0,0.02265,0,0.01625,0,0,0.00059,0,0,0,0,0.23474,0,0.00188
"k__Bacteria|p__Firmicutes|c__Clostridia|o__Clostridiales|f__Clostridiaceae|g__Hungatella|s__Hungatella_hathewayi",0,0,0,0,0,0,0,0,0,0.00346,0.00387,0,0.00501,0,0,0,0.00181,0,0,0,0.00419,0,0,0,0,0,0,0,0,0,0.06874,0.00223,0,0,0,0,0,0,0,0,0,0,0,0,0,0,0,0,0,0,0,0,0,0,0,0.22357,0,0,0,0,0,0,0,0.01824,0,0,0,0,0,0,0.26736,0,0,0,0,0.00863,0,0,0,0,0,0,0,0,0.01181,0,0,0,0,0,0,0,0,0,0,0,0,0,0,0,0,0,0,0,0,0,0,0,0,0,0,0,0,0,0,0,0,0,0,0,0,0,0.00446,0,0,0,0.00063,0,0.01143,0,0,0.00084,0.00073,0.05144,0,0,0,0,0,0,0,0,0,0,0.01251,0,0
"k__Bacteria|p__Firmicutes|c__Clostridia|o__Clostridiales|f__Clostridiaceae|g__Clostridium|s__Clostridium_sp_CAG_411",0,0,0,0,0,0,0,0,0,0.00214,0,0,0,0,0,0,0,0,0,0,0,0,0,0,0,0,0,0,0,0,0,0,0,0,0,0,0,0,0,0,0,0,0,0,0,0,0,0,0,0,0,0,0,0.06321,0,0,0,0,0,0,0,0,0,0,0,0,0,0,0,0,0,0,0,0,0,0,0,0,0,0,0,0,0,0,0,0,0,0,0,0,0,0,0,0,0,0,0,0,0,0,0,0,0,0,0,0,0,0,0,0,0,0,0,0,0,0,0,0,0,0,0,0,0,0,0,0,0,0,0,0,0,0,0,0,0,0,0,0,0,0,0,0,0,0,0,0,0
"k__Bacteria|p__Firmicutes|c__Clostridia|o__Clostridiales|f__Ruminococcaceae|g__Pseudoflavonifractor|s__Pseudoflavonifractor_capillosus",0,0,0,0,0,0,0,0,0,0.00187,0.00222,0,0,0,0,0,0,0,0,0,0,0,0,0,0,0.00521,0,0,0,0,0,0,0,0,0,0.00165,0.00035,0,0,0,0,0,0,0,0,0,0,0,0,0,0,0,0,0,0,0,0,0,0,0,0,0,0,0,0,0,0,0,0,0,0,0,0,0,0,0,0,0,0,0,0,0,0,0,0,0,0,0,0,0,0,0,0,0,0,0,0,0,0,0,0,0,0,0,0,0,0,0,0,0,0,0.00014,0,0,0,0,0,0,0,0,0,0,0,0,0,0,0,0,0,0,0,0,0,0,0,0,0,0,0,0,0,0,0,0,0,0,0
"k__Bacteria|p__Bacteroidetes|c__Bacteroidia|o__Bacteroidales|f__Prevotellaceae|g__Prevotella|s__Prevotella_sp_CAG_1031",0,0,0,0,0,0,0,0,0,0,0.82139,0,0,0,0,0,0,0,0,0,0,0,0,0,0,0,0,0,0,0,0,0,0,0,0,0,0,0,0,0,0,0,0,0,0,0,0,0,0,0,0,0,0,0,0,0,0,0,0,0,0,0,0,0,0,0,0,0,0,0,0,0,0,0,0,0,0,0,0,0,4.47784,0,0,0,0,0,0,0,0,0,0,0,0,0,0,0,0,0,0,0,0,0,0,0,0,0,0,0,0,0,0,0,0,0,0,0,0,0,0,0,0,0,0,0.93323,0,0,0,0,0,0,0,0,0,0,0,0,0,0,0,0,0,0,0,0,0,0,0
"k__Bacteria|p__Proteobacteria|c__Deltaproteobacteria|o__Desulfovibrionales|f__Desulfovibrionaceae|g__Desulfovibrio|s__Desulfovibrio_piger",0,0,0,0,0,0,0,0,0,0,0.15936,0,0,0,0,0,0,0.02558,0,0,0,0,0,0,0,0,0,0,0,0,0,0,0,0,0,0,0,0,0,0,0,0,0,0,0,0,0,0.00209,0,0,0,0,0,0,0.07586,0,0.00702,0,0,0,0,0,0,0,0,0,0,0,0,0.14202,0,0,0,0.00041,0,0.03275,0,0,0,0,0.18929,0,0,0,0,0,0,0,0,0,0,0,0,0,0,0,0,0.07569,0,0,0,0,0,0,0,0,0,0,0,0,0.04683,0,0,0.02571,0,0.15863,0,0,0,0,0,0,0,0,0.04449,0,0,0,0,0,0,0,0,0,0,0,0,0,0,0,0,0,0,0,0,0,0
"k__Bacteria|p__Bacteroidetes|c__Bacteroidia|o__Bacteroidales|f__Prevotellaceae|g__Prevotella|s__Prevotella_corporis",0,0,0,0,0,0,0,0,0,0,0.06126,0,0,0,0,0,0,0,0.01113,0.01078,0.0084,0,0,0.00025,0.00216,0,0,0,0.00047,0.00292,0,0,0,0,0,0.00047,0,0,0,0,0,0,0,0,0,0,0,0,0,0,0.00342,0,0,0,0,0,0,0,0,0,0,0,0,0,0,0,0.04664,0,0,0,0,0,0,0,0,0,0,0,0,0,0,0.00245,0,0,0,0,0,0,0,0,0,0,0,0.00222,0,0,0,0,0,0.00077,0.00095,0.01106,0,0.00053,0.00503,0.00682,0,0,0,0,0,0,0,0,0,0,0,0,0,0,0,0,0,0,0,0,0,0,0,0,0,0,0,0,0,0,0,0,0,0,0.00881,0,0,0,0,0,0
"k__Bacteria|p__Proteobacteria|c__Epsilonproteobacteria|o__Campylobacterales|f__Campylobacteraceae|g__Campylobacter|s__Campylobacter_hominis",0,0,0,0,0,0,0,0,0,0,0.05393,0,0,0,0,0,0,0,0,0.00543,0,0,0,0,0.00482,0,0,0,0,0,0,0,0,0,0.01231,0,0,0,0,0,0,0,0.015,0,0,0,0,0,0,0,0,0,0,0,0,0.31242,0,0,0,0,0,0,0,0,0,0,0,0,0,0,0,0,0,0,0,0,0,0,0,0,0,0.00386,0,0,0,0,0,0,0,0,0,0,0.01069,0,0,0,0,0,0,0,0,0,0,0,0.00986,0,0,0,0,0,0,0,0,0,0,0,0,0,0,0,0,0.00266,0,0,0,0,0,0,0,0,0,0,0,0,0,0,0,0,0,0,0.02127,0,0,0,0,0,0
"k__Bacteria|p__Firmicutes|c__Clostridia|o__Clostridiales|f__Ruminococcaceae|g__Ruminococcus|s__Ruminococcus_obeum_CAG_39",0,0,0,0,0,0,0,0,0,0,0.02433,0,0,0,0,0,0,0,0,0,0,0,0,0,0,0,0,0,0,0,0,0.00326,0,0,0,0,0,0,0,0,0,0,0,0,0,0,0,0,0,0,0,0,0,0,0.14731,0,0,0,0,0,0,0,0,0,0,0,0,0,0,0.00033,0,0,0,0,0,0,0,0,0,0.00188,0.00502,0,0,0,0,0.00132,0,0,0,0,0,0.00142,0,0,0,0,0,0,0,0,0,0,0,0,0,0.07988,0.00486,0,0,0,0,0,0,0,0,0,0,0,0,0,0,0,0,0,0,0,0,0,0,0,0,0,0,0,0,0.00145,0,0,0,0,0,0,0,0,0,0,0
"k__Bacteria|p__Proteobacteria|c__Gammaproteobacteria|o__Enterobacterales|f__Enterobacteriaceae|g__Klebsiella|s__Klebsiella_variicola",0,0,0,0,0,0,0,0,0,0,0.01648,0,0,0,0,0,0,0,0,0,0,0,0,0,0,0,0,0,0,0,0,0,0,0,0,0,0.07951,0,0,0,0,0,0,0,0,0,0,0,0,0,0,0.05973,0,0,0,0,0,0,0,0,0,0,0,0,0,0,0,0,0,0,0,0.0526,0,0,0,0,0,0,0,0,0,0,0,0,0,0,0,0,0.02264,0,0,0,0,0,0,0,0,0,0.00176,0,0,0,0,0,0,0,0,0,0,0,0,0,0,0,0,0,0,0,0.31078,0,0,0,0,0,0,0,0,0,0,0,0,0,0,0,0,0,0,0,0,0,0,0,0,0,0,0,0
"k__Bacteria|p__Firmicutes|c__Clostridia|o__Clostridiales|f__Lachnospiraceae|g__Lachnoclostridium|s__Lachnoclostridium_sp_An131",0,0,0,0,0,0,0,0,0,0,0.00999,0,0,0,0,0,0,0,0,0,0,0,0,0,0,0,0,0,0,0,0,0,0,0,0,0,0,0,0,0,0,0,0,0,0,0.005,0,0,0,0,0,0,0,0,0,0.00203,0,0,0,0,0,0,0,0,0,0,0,0,0,0,0,0,0,0,0,0,0.01195,0,0,0,0.00073,0,0,0,0,0,0,0,0,0.00079,0,0,0,0,0,0,0,0,0,0,0,0,0,0,0,0,0,0,0,0,0,0,0,0,0,0,0,0,0,0,0,0,0,0,0,0,0.00348,0,0,0,0,0,0,0,0,0,0,0,0,0,0,0.00183,0,0,0,0,0
"k__Bacteria|p__Firmicutes|c__Clostridia|o__Clostridiales|f__Eubacteriaceae|g__Anaerofustis|s__Anaerofustis_stercorihominis",0,0,0,0,0,0,0,0,0,0,0.00644,0,0,0,0,0,0,0,0,0,0.00147,0,0,0,0,0,0,0,0,0,0.02433,0,0,0,0,0,0,0,0,0,0,0,0,0,0,0,0,0,0,0,0,0,0,0,0,0,0,0,0,0,0,0,0,0,0,0,0,0,0,0,8e-05,0,0,0,0,0,0,0,0,0,0,0.00126,0,0,0,0,0,0,0,0,0,0,0,0,0,0,0,0,0,0,0,0,0,0,0,0,0,0,0,0,0,0,0,0,0,0,0,0,0,0,0,0,0,0,0,0,0,0,0,0,0,0,0,0,0,0,0,0,0,0,0,0,0,0,0,0,0
"k__Bacteria|p__Firmicutes|c__Clostridia|o__Clostridiales|f__Lachnospiraceae|g__Sellimonas|s__Sellimonas_intestinalis",0,0,0,0,0,0,0,0,0,0,0.00465,0,0,0,0,0,0,0,0,0,0,0.0067,0,0,0,0,0,0,0,0,0,0,0.00074,0.00243,0,0,0,0,0,0,0,0,0.00661,0,0,0.01483,0,0,0,0,0,0,0,0,0,0.01302,0,0,0,0,0,0,0,0,0,0,0,0,0,0,0.17149,0,0,0,0,0,0,0,0,0,0,0,0,0,0,0,0,0,0,0,0,0,0,0,0,0,0,0,0,0,0,0,0.00115,0,0,0,0,0,0,0,0,0,0,0,0,0,0,0,0,0,0,0,0,0,0,0.00817,0,0,0.02537,0.00638,0,0,0,0,0,0.02511,0,0,0,0,0,0,0,0,0,0.00103,0
"k__Bacteria|p__Firmicutes|c__Clostridia|o__Clostridiales|f__Ruminococcaceae|g__Pseudoflavonifractor|s__Pseudoflavonifractor_sp_An184",0,0,0,0,0,0,0,0,0,0,0.00448,0,0,0,0,0,0,0,0,0.00031,0,0,0,0,0,0,0,0,0,0,0,0,0,0,0,0,0,0,0,0,0,0,0,0,0,0,0,0,0,0,0,0,0,0,0,0,0,0,0,0,0,0,0,0,0,0,0.00056,0,0,0,0.00148,0.00313,0,0,0,0,0.00298,0.00326,0,0,0.00313,0,0,0,0,0,0,0,0,0,0,0.00015,0,0,0,0,0,0,0,0,0,0,0,0,0,0,0,0,0,0,0,0,0,0,0,0,0,0,0,0,0,0,0,0,0,0,0,0,0,0.00841,0,0,0,0,0,0,0,0,0,0,0,0,0,0.00813,0,0,0
"k__Bacteria|p__Firmicutes|c__Clostridia|o__Clostridiales|f__Eubacteriaceae|g__Eubacterium|s__Eubacterium_limosum",0,0,0,0,0,0,0,0,0,0,0.00331,0,0,0,0,0,0,0,0,0,0,0,0,0,0,0,0,0,0,0,0,0,0,0,0,0,0,0,0,0,0,0,0,0,0,0,0,0,0,0,0,0,0,0,0,0,0,0,0,0,0,0,0,0,0,0,0,0,0,0,0.01215,0,0,0,0,0,0,0,0,0,0,0,0,0,0,0,0,0,0,0,0,0,0,0,0,0,0,0,0,0,0,0,0,0,0,0,0,0,0,0,0,0,0,0,0,0,0,0,0,0,0,0,0,0,0,0,0,0,0,0,0,0,0,0,0,0,0,0,0,0,0,0,0,0,0,0,0
"k__Bacteria|p__Firmicutes|c__Clostridia|o__Clostridiales|f__Lachnospiraceae|g__Lachnoclostridium|s__Clostridium_aldenense",0,0,0,0,0,0,0,0,0,0,0.00241,0,0,0,0,0,0.00124,0,0,0,0.00388,0,0,0,0,0,0.00509,0,0,0,0,0,0,0,0,0,0,0,0,0,0,0,0,0,0,0,0,0,0,0,0,0,0,0,0,0,0,0,0,0,0,0.00099,0,0,0,0,0,0,0,0,0,0,0,0,0,0,0,0,0,0,0,0,0,0,0,0,0,0,0,0,0,0,0,0,0,0,0,0,0,0,0,0,0,0,0,0,0,0,0,0,0,0,0,0,0.00152,0,0,0,0,0,0,0,0,0,0,0,0,0,0,0,0,0,0,0.00151,0,0,0,0,0,0,0,0,0,0,0.00041,0,0
"k__Bacteria|p__Firmicutes|c__Bacilli|o__Lactobacillales|f__Streptococcaceae|g__Streptococcus|s__Streptococcus_sinensis",0,0,0,0,0,0,0,0,0,0,0.00172,0,0,0,0,0,0,0,0,0,0,0,0,0,0,0,0,0,0,0,0,0,0,0,0,0,0,0,0,0,0,0,0,0,0,0,0,0,0,0,0,0,0,0,0,0,0,0,0,0,0,0,0,0,0,0,0,0,0,0,0,0,0,0,0,0,0,0,0,0,0,0,0,0,0,0,0,0,0,0,0,0,0,0,0,0,0,0,0,0,0,0,0,0,0,0,0,0,0,0,0,0,0,0,0,0,0,0,0,0,0,0,0,0,0,0,0,0,0,0,0,0,0,0,0,0,0,0,0,0,0,0,0,0,0,0,0
"k__Bacteria|p__Firmicutes|c__Clostridia|o__Clostridiales|f__Ruminococcaceae|g__Ruminococcaceae_unclassified|s__Clostridium_methylpentosum",0,0,0,0,0,0,0,0,0,0,0.00143,0,0,0,0,0,0,0,0,0,0,0.00232,0,0,0,0.04803,0.01959,0,0,0,1e-04,0,0,0,0,0,0,0,0,0,0,0,0,0,0,0,0,0,0,0,0,0,0,0,0,0,0,0,0,0,0,0,0,0,0,0,0,0,0,0,0,0,0,0,0,0.00231,0,0,0,0,0,0,0,0,0,0,0,0,0,0,0,0,0,0,0,0,0,0,0,0,0,0,0.00131,0,0,0,0,0,0,0,0,0,0,0,0,0,0,0,0,0,0,0,0,0,0,0,0,0,0,0,0,0,0,0,0,0,0,0,0,0,0,0,0,0,0,0,0
"k__Bacteria|p__Firmicutes|c__Clostridia|o__Clostridiales|f__Clostridiales_Family_XIII_Incertae_Sedis|g__Mogibacterium|s__Mogibacterium_timidum",0,0,0,0,0,0,0,0,0,0,0,0,0,0,0,0,0,0,0,0,0,0,0,0,0,0,0,0,0,0,0,0,0,0,0,0,0,0,0,0,0,0,0,0,0,0,0,0,0,0,0,0,0,0,0,0,0,0,0,0,0,0,0,0,0,0,0,0,0,0,0,0,0,0,0,0,0,0,0,0,0,0,0,0,0,0,0,0,0,0,0,0,0,0,0,0,0,0,0,0,0,0,0,0,0,0,0,0,0,0,0,0,0,0,0,0,0,0,0,0,0,0,0,0,0,0,0,0,0,0,0,0,0,0,0,0,0,0,0,0,0,0,0,0,0,0,0
"k__Eukaryota|p__Basidiomycota|c__Malasseziomycetes|o__Malasseziales|f__Malasseziaceae|g__Malassezia|s__Malassezia_restricta",0,0,0,0,0,0,0,0,0,0,0,0,0,0,0,0,0,0,0,0,0,0,0,0,0,0,0,0,0,0,0,0,0,0,0,0,0,0,0,0,0,0,0,0,0,0,0,0,0,0,0,0,0,0,0,0,0,0,0,0,0,0,0,0,0,0,0,0,0,0,0,0,0,0,0,0,0,0,0,0,0,0,0,0,0,0,0,0,0,0,0,0,0,0,0,0,0,0,0,0,0,0,0,0,0,0,0,0,0,0,0,0,0,0,0,0,0,0,0,0,0,0,0,0,0,0,0,0,0,0,0,0,0,0,0,0,0,0,0,0,0,0,0,0,0,0,0
"k__Bacteria|p__Firmicutes|c__Bacilli|o__Bacillales|f__Staphylococcaceae|g__Staphylococcus|s__Staphylococcus_capitis",0,0,0,0,0,0,0,0,0,0,0,0,0,0,0,0,0,0,0,0,0,0,0,0,0,0,0,0,0,0,0,0,0,0,0,0,0,0,0,0,0,0,0,0,0,0,0,0,0,0,0,0,0,0,0,0,0,0,0,0,0,0,0,0,0,0,0,0,0,0,0,0,0,0,0,0,0,0,0,0,0,0,0,0,0,0,0,0,0,0,0,0,0,0,0,0,0,0,0,0,0,0,0,0,0,0,0,0,0,0,0,0,0,0,0,0,0,0,0,0,0,0,0,0,0,0,0,0,0,0,0,0,0,0,0,0,0,0,0,0,0,0,0,0,0,0,0
"k__Bacteria|p__Firmicutes|c__Negativicutes|o__Selenomonadales|f__Selenomonadaceae|g__Megamonas|s__Megamonas_hypermegale",0,0,0,0,0,0,0,0,0,0,0,0.19407,0,0,0,0,0,0.0088,0,0,0,0,0,0,0,0,0,0,0,0,0,0,0,0,0,0,0,0,0,0,0,0,0,0,0,0,0,0,0,0,0,0,0,0,0.01084,0,0,0,0,0,0,0,0,0,0,0,0,0,0,0,0,0,0,0,0,0,0,0,0,0,0,0,0,0,0,0,0,0,0.77718,0,0,0,0.00122,0,0,0,0,0.0148,0,0,0,0,0,0,0,0,0,0,0,0,0,0,0,0,0,0,0,0,0,0,0,0,0,0,0,0,0,0,0,0,0,0,0,0,0,0,0,0,0,0,0,0,0,0,4.02192,0,0
"k__Bacteria|p__Firmicutes|c__Negativicutes|o__Selenomonadales|f__Selenomonadaceae|g__Megamonas|s__Megamonas_funiformis",0,0,0,0,0,0,0,0,0,0,0,0.18516,0,0,0,0,0,0.00038,0,0,0,0,0,0,0,0,0,0,0,0,0,0,0,0,0,0,0,0,0,0,0,0,0,0,0,0,0,0,0,0,0,0,0.01793,0,0.03783,0,0,0,0,0,0,0,0,0,0,0,0,0,0,0,0,0,0,0,0,0,0,0,0,0,0,0,0,0,0,0,0,0,1.0314,0,0,0,0.00792,0,0,0,0,0.00384,0,0,0,0,0,0,0,0,0,0,0,0,0,0,0,0,0,0,0,0,0,0,0,0,0,0,0,0,0,0,0,0,0,0,0,0,0,0,0,0,0,0,0,0,0,0,4.7201,0,0
"k__Bacteria|p__Firmicutes|c__Clostridia|o__Clostridiales|f__Clostridiaceae|g__Clostridium|s__Clostridium_sp_CAG_299",0,0,0,0,0,0,0,0,0,0,0,0.0569,0,0,0,0,0,0,0.00134,0,0.59808,0.00034,0,0,0,0,0,0,0.00294,0.02394,0,0,0.03727,0,0.0023,0,0,0,0,0,0,0,0,0.09437,0,0,0,0,0,0,0,0,0,0,0,0.16643,0,0,0,0,0,0.0138,0,0,0,0,0,0,0,0,0.00036,0,0,0,0,0,0.01201,0,0,0,0,0.0022,0,0,0,0,0,0,0.06989,0,0,0,0,0,0,0,0,0,0,0,0,0.00071,0.0018,0.01957,0,0,0,0,0,0,0,0,0,0.03139,0.00171,0,0,0,0.02098,0,0,0,0,0,0,0,0,0,0,0,0,0,0,0,0.04486,0.02838,0,0,0,0.00283,0,0,0,0,0.35134,0,0
"k__Bacteria|p__Firmicutes|c__Clostridia|o__Clostridiales|f__Lachnospiraceae|g__Tyzzerella|s__Tyzzerella_nexilis",0,0,0,0,0,0,0,0,0,0,0,0.02024,0,0,0,0,0,0,2e-04,0,0.11168,0,0,0,0,0,0,0,0,0,0,0,0,0,0,0,0,0,0,0,0,0,0,0.00682,0,0,0,0,0,0,0,0,0,0,0,0,0,0,0,0,0,0,0,0,0,0,0,0,0,0,0.00556,0,0,0,0,0,0,0,0,0,0,0,0,0,0,0,0,0,0.03201,0,0,0,0,0,0,0,0,0,0.02522,0,0,0,0,0,0,0,0,0,0,0,0,0,0,0,0,0,0,0,0,0,0,0,0,0,0,0,0,0,0.00083,0,0,0,0,0,0.08859,0,0,0.01051,0,0,0,0,0,0,0.10514,0,0
"k__Bacteria|p__Firmicutes|c__Clostridia|o__Clostridiales|f__Lachnospiraceae|g__Blautia|s__Blautia_hansenii",0,0,0,0,0,0,0,0,0,0,0,0.00824,0,0.00153,0,0,0,0,0,0,0,0,0,0,0,0,0,0,0,0,0,0,0,0,0,0,0,0,0,0,0,0,0,0,0,0,0,0,0,0,0,0,0,0,0.00081,0,0,0,0,0.23483,0,0,0,0,0,0,0,0,0,0,0,0,0,0,0,0,0,0,0,0,0,0,0,0,0,0.00064,0,0,0,0,0.00146,0,0,0,0,0,0,0,0.01822,0,0,0.00668,0,0,0,0,0,0,0,0,0,0,0,0,0.00711,0,0,0,0,0,0,0,0,0.01385,0,0,0,0,0,0,0,0,0,0,0.09504,0,0,0,0,0,0,0,0,0,0.10167,0,0
"k__Bacteria|p__Actinobacteria|c__Actinobacteria|o__Bifidobacteriales|f__Bifidobacteriaceae|g__Bifidobacterium|s__Bifidobacterium_bifidum",0,0,0,0,0,0,0,0,0,0,0,0,0.04018,0,0,0.00566,0,0,0.00535,0,0,0,0,0.01788,0.19157,0.08203,0,0,0,0,0,0,0,0,0,0,0.00806,0,0,0,0,0,0,0,0,0.01459,0,0,0,0.00365,0,0,0,0,0.01076,0,0,0,0,0,0,0,0,0,0.01212,0.0141,0.01565,0,0,0,0,0,0,0,0.00309,0,0.18818,0,0,0.02381,0,0,0,0,0,0,0,0,0,0,0.01379,0,0,0,0,0,0,0,0,0,0,0,0,0,0,0.00717,0.00095,0.03132,0,0,0,0,0,0.07169,0.02698,0,0.01937,0,0.52589,0,0.00313,0,0,0.00406,0,0.03858,0,0.00983,0,0.02515,0,0,0,0,0,0,0,0,0,0,0.16805,0,0.00812,0,0,0.00026,0.01068
"k__Bacteria|p__Firmicutes|c__Bacilli|o__Bacillales|f__Bacillaceae|g__Bacillus|s__Bacillus_aerius",0,0,0,0,0,0,0,0,0,0,0,0,0.02113,0,0,0,0,0,0,0,0,0,0,0,0,0,0,0,0,0,0,0,0,0,0,0,0,0,0,0,0,0,0,0,0,0,0,0,0,0,0,0,0,0,0,0,0,0,0,0.00132,0,0,0,0,0,0,0,0,0,0,0,0,0,0,0,0,0,0,0,0,0,0,0,0,0,0,0,0,0,0,0,0,0,0,0,0,0,0,0,0,0,0,0,0,0,0,0,0,0,0,0,0,0,0,0,0,0,0,0,0,0,0,0,0,0,0,0,0.00114,0,0,0,0,0,0,0,0,0,0,0,0,0,0,0,0,0,0,0
"k__Bacteria|p__Firmicutes|c__Erysipelotrichia|o__Erysipelotrichales|f__Erysipelotrichaceae|g__Candidatus_Stoquefichus|s__Candidatus_Stoquefichus_sp_KLE1796",0,0,0,0,0,0,0,0,0,0,0,0,0.01915,0,0,0,0,0,0,0,0.1431,0,0,0,0,0,0,0,0,0,0,0.01131,0,0.05673,0,0,0,0.01563,0.01807,0,0,0,0,0,0,0,0,0,0,0,0,0,0,0,0,0,0,0,0,0,0,0,0,0,0,0,0,0,0,0,0.00504,0,0,0,0,0,0,0,0,0,0,0,0,0,0,0,0.00587,0,0,0,0.00606,0,0,0,0,0,0,0,0,0,0,0,0,0.00531,0,0,0,0.00425,0,0,0,0,0,0,0,0,0,0,0,0.00276,0,0,0,0.00046,0,0,0,0,0,0,0,0.09191,0,0,0,0.00095,0,0.07953,0,0,0,0,0,0,0,0,0
"k__Bacteria|p__Actinobacteria|c__Actinobacteria|o__Bifidobacteriales|f__Bifidobacteriaceae|g__Scardovia|s__Scardovia_wiggsiae",0,0,0,0,0,0,0,0,0,0,0,0,0,0,0,0,0,0,0,0,0,0,0,0,0,0,0,0,0,0,0,0,0,0,0,0,0,0,0,0,0,0,0,0,0,0,0,0,0,0,0,0,0,0,0,0,0,0,0,0,0,0,0,0,0,0,0,0,0,0,0,0,0,0,0,0,0,0,0,0,0,0,0,0,0,0,0,0,0,0,0,0,0,0,0,0,0,0,0,0,0,0,0,0,0,0,0,0,0,0,0,0,0,0,0,0,0,0,0,0,0,0,0,0,0,0,0,0,0,0,0,0,0,0,0,0,0,0,0,0,0,0,0,0,0,0,0
"k__Bacteria|p__Bacteroidetes|c__Bacteroidia|o__Bacteroidales|f__Prevotellaceae|g__Prevotella|s__Prevotella_intermedia",0,0,0,0,0,0,0,0,0,0,0,0,0,0,0,0,0,0,0,0,0,0,0,0,0,0,0,0,0,0,0,0,0,0,0,0,0,0,0,0,0,0,0,0,0,0,0,0,0,0,0,0,0,0,0,0,0,0,0,0,0,0,0,0,0,0,0,0,0,0,0,0,0,0,0,0,0,0,0,0,0,0,0,0,0,0,0,0,0,0,0,0,0,0,0,0,0,0,0,0,0,0,0,0,0,0,0,0,0,0,0,0,0,0,0,0,0,0,0,0,0,0,0,0,0,0,0,0,0,0,0,0,0,0,0,0,0,0,0,0,0,0,0,0,0,0,0
"k__Bacteria|p__Firmicutes|c__Tissierellia|o__Tissierellales|f__Peptoniphilaceae|g__Parvimonas|s__Parvimonas_sp_KA00067",0,0,0,0,0,0,0,0,0,0,0,0,0,0,0,0,0,0,0,0,0,0,0,0,0,0,0,0,0,0,0,0,0,0,0,0,0,0,0,0,0,0,0,0,0,0,0,0,0,0,0,0,0,0,0,0,0,0,0,0,0,0,0,0,0,0,0,0,0,0,0,0,0,0,0,0,0,0,0,0,0,0,0,0,0,0,0,0,0,0,0,0,0,0,0,0,0,0,0,0,0,0,0,0,0,0,0,0,0,0,0,0,0,0,0,0,0,0,0,0,0,0,0,0,0,0,0,0,0,0,0,0,0,0,0,0,0,0,0,0,0,0,0,0,0,0,0
"k__Bacteria|p__Bacteroidetes|c__Flavobacteriia|o__Flavobacteriales|f__Flavobacteriaceae|g__Capnocytophaga|s__Capnocytophaga_sp_oral_taxon_878",0,0,0,0,0,0,0,0,0,0,0,0,0,0,0,0,0,0,0,0,0,0,0,0,0,0,0,0,0,0,0,0,0,0,0,0,0,0,0,0,0,0,0,0,0,0,0,0,0,0,0,0,0,0,0,0,0,0,0,0,0,0,0,0,0,0,0,0,0,0,0,0,0,0,0,0,0,0,0,0,0,0,0,0,0,0,0,0,0,0,0,0,0,0,0,0,0,0,0,0,0,0,0,0,0,0,0,0,0,0,0,0,0,0,0,0,0,0,0,0,0,0,0,0,0,0,0,0,0,0,0,0,0,0,0,0,0,0,0,0,0,0,0,0,0,0,0
"k__Bacteria|p__Firmicutes|c__Bacilli|o__Lactobacillales|f__Streptococcaceae|g__Streptococcus|s__Streptococcus_viridans",0,0,0,0,0,0,0,0,0,0,0,0,0,0,0,0,0,0,0,0,0,0,0,0,0,0,0,0,0,0,0,0,0,0,0,0,0,0,0,0,0,0,0,0,0,0,0,0,0,0,0,0,0,0,0,0,0,0,0,0,0,0,0,0,0,0,0,0,0,0,0,0,0,0,0,0,0,0,0,0,0,0,0,0,0,0,0,0,0,0,0,0,0,0,0,0,0,0,0,0,0,0,0,0,0,0,0,0,0,0,0,0,0,0,0,0,0,0,0,0,0,0,0,0,0,0,0,0,0,0,0,0,0,0,0,0,0,0,0,0,0,0,0,0,0,0,0
"k__Bacteria|p__Firmicutes|c__Clostridia|o__Clostridiales|f__Lachnospiraceae|g__Blautia|s__Blautia_sp_N6H1_15",0,0,0,0,0,0,0,0,0,0,0,0,0,0.00483,0,0,0,0,0,0,0,0,0,0,0,0,0,0,0,0,0,0,0,0,0,0,0,0,0,0,0,0,0,0,0,0,0,0,0,0,0,0,0,0,0,0,0,0,0,0,0,0,0,0,0,0,0,0,0,0,0,0,0,0,0,0,0,0,0,0,0,0,0,0,0,0,0,0,0,0,0,0,0,0,0,0,0,0,0.0075,0,0,0,0,0,0,0,0,0,0,0,0,0,0,0,0,0,0,0,0,0,0,0,0,0,0,0,0,0,0,0,0,0,0,0,0,0,0,0,0,0,0,0,0,0,0,0,0
"k__Bacteria|p__Firmicutes|c__Clostridia|o__Clostridiales|f__Lachnospiraceae|g__Lachnoclostridium|s__Clostridium_scindens",0,0,0,0,0,0,0,0,0,0,0,0,0,0.00156,0,0,0,0,0,0,0,0,0,0,0,0,0,0,0,0,0,0,0,0,0,0,0,0,0,0,0,0,0,0,0,0.0015,0,0,0,0,0,0,0,0,0,0,0,0,0,0,0,0,0,0,0,0,0,0,0,0,0,0,0,0,0,0,0,0,0,0,0,0,0,0,0,0,0,0,0,0,0,0,0,0,0,0,0,0,0.00024,0,0,0,0,0,0,0,0,0,0,0,0,0,0,0,0.00128,0,0,0,0,0,0,0,0,0,0,0,0,0,0,0,0,0,0,0,0,0,0,0,0,0,0,0,0,0,0,0,0
"k__Bacteria|p__Fusobacteria|c__Fusobacteriia|o__Fusobacteriales|f__Fusobacteriaceae|g__Fusobacterium|s__Fusobacterium_ulcerans",0,0,0,0,0,0,0,0,0,0,0,0,0,5e-04,0,0,0,0,0,0,0,0,0,0,0,0,0,0,0,0,0,0,0,0,0,0,0,0,0,0,0,0,0,0,0,0,0,0,0,0,0,0,0,0,0,0,0,0,0,0,0,0,0,0,0,0,0,0,0,0,0,0,0,0,0,0,0,0,0,0,0,0,0,0,0,0,0,0,0.07045,0,0,0,0,0,0,0,0,0,0.1208,0,0,0,0,0,0,0,0,0,0,0,0,0,0,0,0,0,0,0,0,0,0,0,0,0,0,0,0,0,0,0,0,0,0,0,0.13205,0,0,0,0,0,0,0,0,0,0.12657,0,0
"k__Eukaryota|p__Basidiomycota|c__Malasseziomycetes|o__Malasseziales|f__Malasseziaceae|g__Malassezia|s__Malassezia_globosa",0,0,0,0,0,0,0,0,0,0,0,0,0,0,0,0,0,0,0,0,0,0,0,0,0,0,0,0,0,0,0,0,0,0,0,0,0,0,0,0,0,0,0,0,0,0,0,0,0,0,0,0,0,0,0,0,0,0,0,0,0,0,0,0,0,0,0,0,0,0,0,0,0,0,0,0,0,0,0,0,0,0,0,0,0,0,0,0,0,0,0,0,0,0,0,0,0,0,0,0,0,0,0,0,0,0,0,0,0,0,0,0,0,0,0,0,0,0,0,0,0,0,0,0,0,0,0,0,0,0,0,0,0,0,0,0,0,0,0,0,0,0,0,0,0,0,0
"k__Bacteria|p__Actinobacteria|c__Actinobacteria|o__Micrococcales|f__Micrococcaceae|g__Micrococcus|s__Micrococcus_luteus",0,0,0,0,0,0,0,0,0,0,0,0,0,0,0,0,0,0,0,0,0,0,0,0,0,0,0,0,0,0,0,0,0,0,0,0,0,0,0,0,0,0,0,0,0,0,0,0,0,0,0,0,0,0,0,0,0,0,0,0,0,0,0,0,0,0,0,0,0,0,0,0,0,0,0,0,0,0,0,0,0,0,0,0,0,0,0,0,0,0,0,0,0,0,0,0,0,0,0,0,0,0,0,0,0,0,0,0,0,0,0,0,0,0,0,0,0,0,0,0,0,0,0,0,0,0,0,0,0,0,0,0,0,0,0,0,0,0,0,0,0,0,0,0,0,0,0
"k__Bacteria|p__Actinobacteria|c__Actinobacteria|o__Micrococcales|f__Micrococcaceae|g__Kocuria|s__Kocuria_palustris",0,0,0,0,0,0,0,0,0,0,0,0,0,0,0,0,0,0,0,0,0,0,0,0,0,0,0,0,0,0,0,0,0,0,0,0,0,0,0,0,0,0,0,0,0,0,0,0,0,0,0,0,0,0,0,0,0,0,0,0,0,0,0,0,0,0,0,0,0,0,0,0,0,0,0,0,0,0,0,0,0,0,0,0,0,0,0,0,0,0,0,0,0,0,0,0,0,0,0,0,0,0,0,0,0,0,0,0,0,0,0,0,0,0,0,0,0,0,0,0,0,0,0,0,0,0,0,0,0,0,0,0,0,0,0,0,0,0,0,0,0,0,0,0,0,0,0
"k__Bacteria|p__Proteobacteria|c__Gammaproteobacteria|o__Pseudomonadales|f__Moraxellaceae|g__Moraxella|s__Moraxella_osloensis",0,0,0,0,0,0,0,0,0,0,0,0,0,0,0,0,0,0,0,0,0,0,0,0,0,0,0,0,0,0,0,0,0,0,0,0,0,0,0,0,0,0,0,0,0,0,0,0,0,0,0,0,0,0,0,0,0,0,0,0,0,0,0,0,0,0,0,0,0,0,0,0,0,0,0,0,0,0,0,0,0,0,0,0,0,0,0,0,0,0,0,0,0,0,0,0,0,0,0,0,0,0,0,0,0,0,0,0,0,0,0,0,0,0,0,0,0,0,0,0,0,0,0,0,0,0,0,0,0,0,0,0,0,0,0,0,0,0,0,0,0,0,0,0,0,0,0
"k__Bacteria|p__Firmicutes|c__Tissierellia|o__Tissierellales|f__Peptoniphilaceae|g__Anaerococcus|s__Anaerococcus_nagyae",0,0,0,0,0,0,0,0,0,0,0,0,0,0,0,0,0,0,0,0,0,0,0,0,0,0,0,0,0,0,0,0,0,0,0,0,0,0,0,0,0,0,0,0,0,0,0,0,0,0,0,0,0,0,0,0,0,0,0,0,0,0,0,0,0,0,0,0,0,0,0,0,0,0,0,0,0,0,0,0,0,0,0,0,0,0,0,0,0,0,0,0,0,0,0,0,0,0,0,0,0,0,0,0,0,0,0,0,0,0,0,0,0,0,0,0,0,0,0,0,0,0,0,0,0,0,0,0,0,0,0,0,0,0,0,0,0,0,0,0,0,0,0,0,0,0,0
"k__Bacteria|p__Proteobacteria|c__Gammaproteobacteria|o__Pseudomonadales|f__Moraxellaceae|g__Acinetobacter|s__Acinetobacter_radioresistens",0,0,0,0,0,0,0,0,0,0,0,0,0,0,0,0,0,0,0,0,0,0,0,0,0,0,0,0,0,0,0,0,0,0,0,0,0,0,0,0,0,0,0,0,0,0,0,0,0,0,0,0,0,0,0,0,0,0,0,0,0,0,0,0,0,0,0,0,0,0,0,0,0,0,0,0,0,0,0,0,0,0,0,0,0,0,0,0,0,0,0,0,0,0,0,0,0,0,0,0,0,0,0,0,0,0,0,0,0,0,0,0,0,0,0,0,0,0,0,0,0,0,0,0,0,0,0,0,0,0,0,0,0,0,0,0,0,0,0,0,0,0,0,0,0,0,0
"k__Bacteria|p__Proteobacteria|c__Alphaproteobacteria|o__Rhodospirillales|f__Rhodospirillales_unclassified|g__Enhydrobacter|s__Enhydrobacter_aerosaccus",0,0,0,0,0,0,0,0,0,0,0,0,0,0,0,0,0,0,0,0,0,0,0,0,0,0,0,0,0,0,0,0,0,0,0,0,0,0,0,0,0,0,0,0,0,0,0,0,0,0,0,0,0,0,0,0,0,0,0,0,0,0,0,0,0,0,0,0,0,0,0,0,0,0,0,0,0,0,0,0,0,0,0,0,0,0,0,0,0,0,0,0,0,0,0,0,0,0,0,0,0,0,0,0,0,0,0,0,0,0,0,0,0,0,0,0,0,0,0,0,0,0,0,0,0,0,0,0,0,0,0,0,0,0,0,0,0,0,0,0,0,0,0,0,0,0,0
"k__Bacteria|p__Actinobacteria|c__Actinobacteria|o__Propionibacteriales|f__Propionibacteriaceae|g__Cutibacterium|s__Propionibacterium_humerusii",0,0,0,0,0,0,0,0,0,0,0,0,0,0,0,0,0,0,0,0,0,0,0,0,0,0,0,0,0,0,0,0,0,0,0,0,0,0,0,0,0,0,0,0,0,0,0,0,0,0,0,0,0,0,0,0,0,0,0,0,0,0,0,0,0,0,0,0,0,0,0,0,0,0,0,0,0,0,0,0,0,0,0,0,0,0,0,0,0,0,0,0,0,0,0,0,0,0,0,0,0,0,0,0,0,0,0,0,0,0,0,0,0,0,0,0,0,0,0,0,0,0,0,0,0,0,0,0,0,0,0,0,0,0,0,0,0,0,0,0,0,0,0,0,0,0,0
"k__Bacteria|p__Bacteroidetes|c__Bacteroidia|o__Bacteroidales|f__Odoribacteraceae|g__Odoribacter|s__Odoribacter_laneus",0,0,0,0,0,0,0,0,0,0,0,0,0,0,1.30923,0,0,0,0,1.9173,0,0,0,0,0,0,0,0,0,0,0,0,0,0,0,0,0,0,0,0,0,0,0,0,0,0,0,0,0,0,0,0,0,0,0,0,0,0,0,0,0,0,0,0,0,0,0,0,0,0.47544,0,0.86821,0,0,0,0,0,0,0,0,0,0,0,0,0,0,0,0,0,0,0,0,0,0.67552,0,0,0,0,0,0,0,0,0,0,0,0,0,0,0,0,0,0,0,0,0,0,0,0,0,0,0,0,0,0,0,0,1.8836,0,0,0,0,0,0,0,0,0,0,0,0,0,0,0,0,0,0,0,0
"k__Archaea|p__Euryarchaeota|c__Thermoplasmata|o__Methanomassiliicoccales|f__Methanomassiliicoccaceae|g__Methanomassiliicoccus|s__Candidatus_Methanomassiliicoccus_intestinalis",0,0,0,0,0,0,0,0,0,0,0,0,0,0,0.46462,0,0,0,0,0.1089,0,0,0,0,0,0,0,0,0,0,0,0,0,0,0,0,0,0,0,0,0,0,0,0,0,0,0,0,0,0,0,0,0,0,0,0,0,0,0,0,0,0,0,0,0,0,0,0,0,0.2765,0,0.0192,0,0,0,0,0,0,0,0,0,0,0,0,0,0,0,0,0,0,0,0,0,0.23641,0,0,0,0,0,0,0,0,0,0,0,0,0,0,0,0,0,0.97033,0,0,0,0,0,0,0,0,0,0,0,0,0,0,0,0,0,0,0,0,0,0,0,0,0,0,0,0,0,0,0,0.60876,0,0,0
"k__Bacteria|p__Firmicutes|c__Clostridia|o__Clostridiales|f__Lachnospiraceae|g__Roseburia|s__Roseburia_sp_CAG_303",0,0,0,0,0,0,0,0,0,0,0,0,0,0,0.12038,0.00296,0,0,0,0,0,0,0,0,0,0.04112,0,0,0,0,0,0.00678,0,0,0,0,0,0,0,0,0,0,0,0.02244,0,0,0,0,0,0,0,0,0,0.03153,0,0,0,0,0,0,0,0.03283,0,0,0,0,0,0,0,0,0,0,0,0,0,0,0,0.23891,0,0.01376,0,0,0,0,0,0,0,0,0,0,0,0,0,0,0,0,0,0,0,0,0,0,0,0,0,0,0,0,0,0,0,0,0,0,0,0,0,0,0,0,0.02868,0,0,0,0,0,0,0,0,0,0,0,0,0,0,0,0,0,0,0,0,0,0,0,0,0,0
"k__Bacteria|p__Firmicutes|c__Clostridia|o__Clostridiales|f__Ruminococcaceae|g__Ruminococcus|s__Ruminococcus_sp_CAG_624",0,0,0,0,0,0,0,0,0,0,0,0,0,0,0.02136,0,0,0,0,0,0,0,0,0,0,0,0,0,0,0,0,0,0,0,0,0,0,0,0,0,0,0,0,0,0,0,0,0,0,0,0,0,0,0,0,0,0,0,0,0,0,0,0,0,0,0,0,0,0,0.12096,0,0,0,0,0,0,0,0,0,0,0,0,0,0,0,0,0,0,0,0,0,0,0,0.20049,0,0,0,0,0,0,0,0,0,0,0,0,0,0,0,0,0,0,0,0,0,0,0,0,0,0,0,0,0,0,0,0,0,0,0,0,0,0,0,0,0,0,0,0,0,0,0,0,0,0,0,0,0
"k__Bacteria|p__Firmicutes|c__Bacilli|o__Lactobacillales|f__Lactobacillaceae|g__Lactobacillus|s__Lactobacillus_acidophilus",0,0,0,0,0,0,0,0,0,0,0,0,0,0,0.00377,0,0,0,0,0,0,0,0,0,0,0,0,0,0,0,0,0,0,0,0,0,0,0,0,0,0,0,0,0,0,0,0,0,0,0,0.13421,0,0,0,0,0,0,0,0,0,0,0,0,0,0,0,0,0,0,0,0,0,0,0,0,0,0,0,0,0,0,0,0,0,0,0,0.00198,0,0,0,0,0,0,0,0,0,0,0,0,0,0,0,0,0,0,0,0,0,0,0,0,0,0,0,0,0,0,0,0,0,0,0,0,0,0,0,0,0,0,0,0,0,0,0,0,0,0,0,0,0,0,0,0,0,0,0,0
"k__Bacteria|p__Proteobacteria|c__Deltaproteobacteria|o__Desulfovibrionales|f__Desulfovibrionaceae|g__Desulfovibrio|s__Desulfovibrio_fairfieldensis",0,0,0,0,0,0,0,0,0,0,0,0,0,0,0.00074,0,0,0,0,0.10563,0,0,0,0,0,0,0,0,0,0,0,0,0,0,0,0,0,0,0,0,0,0,0,0,0,0,0,0,0,0,0,0,0,0,0,0,0,0,0,0,0,0,0,0,0,0,0,0,0,0,0,0.08026,0,0,0,0,0,0,0,0,0,0.00071,0,0,0,0,0,0,0,0,0,0,0,0.00569,0,0,0,0,0,0,0,0,0,0,0,0,0,0,0,0,0,0,0,0,0,0,0,0,0,0,0,0,0,0,0,0,0,0,0,0,0,0,0,0,0,0,0,0,0,0,0,0,0,0,0,0,0
"k__Bacteria|p__Firmicutes|c__Negativicutes|o__Veillonellales|f__Veillonellaceae|g__Allisonella|s__Allisonella_histaminiformans",0,0,0,0,0,0,0,0,0,0,0,0,0,0,0.00043,4e-04,0,0,0,0,0,0,0,0,0,0,0,0,0,0,0,0,0,0,0,0.01837,0,0,0,0,0,0,0,0,0,0,0,0,0,0,0,0,0,0,0,0,0,0,0,0,0,0,0,0,0,0,0,0,0.00609,0,0,0,0,0,0,0,0,0,0,0,0,0,0,0,0,0,0,0,0,0,0,0,0,0.00036,0,0,0,0,0,0,0,0,0,0,0,0,0,0,0,0,0,0,0,0.00266,0,0.01261,0,0,0,0,0,0,0,0,0,0,0,0.00798,0,0,0,0,0,0,0,0,0,0,0,0,0,0,0,0,0,0,0.00261
"k__Bacteria|p__Proteobacteria|c__Gammaproteobacteria|o__Pasteurellales|f__Pasteurellaceae|g__Haemophilus|s__Haemophilus_aegyptius",0,0,0,0,0,0,0,0,0,0,0,0,0,0,0,0,0,0,0,0,0,0,0,0,0,0,0,0,0,0,0,0,0,0,0,0,0,0,0,0,0,0,0,0,0,0,0,0,0,0,0,0,0,0,0,0,0,0,0,0,0,0,0,0,0,0,0,0,0,0,0,0,0,0,0,0,0,0,0,0,0,0,0,0,0,0,0,0,0,0,0,0,0,0,0,0,0,0,0,0,0,0,0,0,0,0,0,0,0,0,0,0,0,0,0,0,0,0,0,0,0,0,0,0,0,0,0,0,0,0,0,0,0,0,0,0,0,0,0,0,0,0,0,0,0,0,0
"k__Eukaryota|p__Ascomycota|c__Saccharomycetes|o__Saccharomycetales|f__Debaryomycetaceae|g__Candida|s__Candida_tropicalis",0,0,0,0,0,0,0,0,0,0,0,0,0,0,0,0,0,0,0,0,0,0,0,0,0,0,0,0,0,0,0,0,0,0,0,0,0,0,0,0,0,0,0,0,0,0,0,0,0,0,0,0,0,0,0,0,0,0,0,0.01497,0,0,0,0,0,0,0,0,0,0,0,0,0,0,0,0,0,0,0,0,0,0,0,0,0,0,0,0,0,0,0,0,0,0,0,0,0,0,0,0,0,0,0,0,0,0,0,0,0,0,0,0,0,0,0,0,0,0,0,0,0,0,0,0,0,0,0,0,0,0,0,0,0,0,0,0,0,0,0,0,0,0,0,0,0,0,0
"k__Bacteria|p__Bacteroidetes|c__Bacteroidia|o__Bacteroidales|f__Prevotellaceae|g__Prevotella|s__Prevotella_sp_AM42_24",0,0,0,0,0,0,0,0,0,0,0,0,0,0,0,5.32816,0,0,0,0,0,0,0,0,0,0,0,0,0,0,0,0,0,0,0,0,0,0,0,0,0,0,0,0,0,0,0,0,0,0,0,0,0,0,0,0,0,0,0,0,0,0,0,0,0,0,0,0,0,0,0,0,0,0.54806,0,0,0,0,0,0,0,0,0,0,0,0,0,0,0,0,0,0,0,0,0,0,0,0,0,0,0,0,0,0,0,0,0,0,0,0,0,0,0,0,0,5.80794,0.36672,0,0,0,0,0,0,0,0,0,0,0,0,0,0,0,0,0,0,0,0,0,0,0,0,0,0,0,0,0,9.2696
"k__Bacteria|p__Bacteroidetes|c__Bacteroidia|o__Bacteroidales|f__Bacteroidaceae|g__Bacteroides|s__Bacteroides_faecis_CAG_32",0,0,0,0,0,0,0,0,0,0,0,0,0,0,0,0.57793,0,1.10038,0,0,0,0,0,0,0,0,0,0,0.97871,0,0,0,0,0,0,0.00025,0,0,0,0,0.05861,0,0,0,3.87424,0,0.00208,0,0,0,0,0,0,0.93077,0.0105,0,0,0,0,0,0,0,0,0,0,0,0,0,0,0,0,0,0,0,0,0,0,0,0,0,0,0,0,0,0,0,0.458,0,0,0,0,0,0,0,0,0,6.57158,0.00826,0,0,0,0,0,0,0,0,0,0.00018,4.68214,0,0,0,5.66612,0,0,0,0.69821,0,0,0,0,0,0,1.59786,0,0,6.02347,0.03293,0,0,0,0,0,0,0,0,0,0,0,0.98713,0,0,0,0,0,0,0.37316
"k__Bacteria|p__Firmicutes|c__Negativicutes|o__Veillonellales|f__Veillonellaceae|g__Dialister|s__Dialister_sp_CAG_357",0,0,0,0,0,0,0,0,0,0,0,0,0,0,0,0.1438,0,0,0,0,0,0,0,0,2.7063,0,0,0,0,0,0,0,0,0,0,0,0,0,0,0,0,0,0,0,0,0,0,0,0,0,0,0.19197,0,0,0,0,0,0,0,0,0,0,0,0,0,0.09108,0,0,0,0,0,0,0,0,0.26364,0,0,1.95557,0,0,0,0,0,0,0,0,0,0,0,0,0,0,0,0,0,0,0,0,0,0,0,0,0,0,0.04536,0,0,1.34288,0,0,0,0,0,0,0,0,0.39774,0,0,2.45221,0,0,0,0,0,0,0,0,0,0,0,0,0,0,0,0.17249,0,0,0,0,0,0,0,0,0,0,1.3071
"k__Bacteria|p__Firmicutes|c__Bacilli|o__Lactobacillales|f__Enterococcaceae|g__Enterococcus|s__Enterococcus_faecium",0,0,0,0,0,0,0,0,0,0,0,0,0,0,0,0.00586,0,0,0,0,0,0,0,0,0,0,0,0,0,0,0,0,0,0,0,0,0,0,0,0,0,0,0,0,0,0.10844,0,0,0,0,0,0,0,0,0,0,0,0,0,0,0,0,0,0,0,0,0,0,0,0,0,0,0,0,0,0,0,0.09672,0,0,0,0,0,0,0,0,0,0,0,0,0,0,0,0,0,0.00172,0,0,0,0,0,0,0,0,0,0,0,0,0,0,0,0,0,0,0,0,0,0,0,0,0,0,0,0,0,0,0,0,0,0,0,0,0,0,0,0,0,0,0,0,0,0,0,0,0,0,0
"k__Bacteria|p__Actinobacteria|c__Actinobacteria|o__Bifidobacteriales|f__Bifidobacteriaceae|g__Bifidobacterium|s__Bifidobacterium_catenulatum",0,0,0,0,0,0,0,0,0,0,0,0,0,0,0,0.00107,0,0,0,0,0,0,0,0,0,0,0,0,0,0,0,0,0,0,0,0,0,0,0,0,0,0,0,0,0,0.0046,0,0.02211,0,0,0.08927,0,0,0,0,0,0,0,0,0.0111,0,0,0,0,0,0.00115,0,0,0,0.00653,0,0,0,0,0,0,0,0,0,0,0,0,0,0,0,0,0,0,0,0,0,0,0,0.00938,0,0.00042,0,0,0,0,0,0,0,0,0,0,0,0,0,0,0,0,0,0.05836,0,0,0.00778,0,0.06331,0,0,0,0,0,0,0,0,0,0,0,0,0,0,0,0,0,0,0,0,0.00116,0,0,0,0,0,0,0.00112
"k__Bacteria|p__Firmicutes|c__Clostridia|o__Clostridiales|f__Clostridiales_Family_XIII_Incertae_Sedis|g__Clostridiales_Family_XIII_Incertae_Sedis_unclassified|s__Eubacterium_saphenum",0,0,0,0,0,0,0,0,0,0,0,0,0,0,0,0,0,0,0,0,0,0,0,0,0,0,0,0,0,0,0,0,0,0,0,0,0,0,0,0,0,0,0,0,0,0,0,0,0,0,0,0,0,0,0,0,0,0,0,0,0,0,0,0,0,0,0,0,0,0,0,0,0,0,0,0,0,0,0,0,0,0,0,0,0,0,0,0,0,0,0,0,0,0,0,0,0,0,0,0,0,0,0,0,0,0,0,0,0,0,0,0,0,0,0,0,0,0,0,0,0,0,0,0,0,0,0,0,0,0,0,0,0,0,0,0,0,0,0,0,0,0,0,0,0,0,0
"k__Bacteria|p__Bacteroidetes|c__Bacteroidetes_unclassified|o__Bacteroidetes_unclassified|f__Bacteroidetes_unclassified|g__Bacteroidetes_unclassified|s__Bacteroidetes_bacterium_oral_taxon_272",0,0,0,0,0,0,0,0,0,0,0,0,0,0,0,0,0,0,0,0,0,0,0,0,0,0,0,0,0,0,0,0,0,0,0,0,0,0,0,0,0,0,0,0,0,0,0,0,0,0,0,0,0,0,0,0,0,0,0,0,0,0,0,0,0,0,0,0,0,0,0,0,0,0,0,0,0,0,0,0,0,0,0,0,0,0,0,0,0,0,0,0,0,0,0,0,0,0,0,0,0,0,0,0,0,0,0,0,0,0,0.00034,0,0,0,0,0,0,0,0,0,0,0,0,0,0,0,0,0,0,0,0,0,0,0,0,0,0,0,0,0,0,0,0,0,0,0,0
"k__Bacteria|p__Firmicutes|c__Negativicutes|o__Veillonellales|f__Veillonellaceae|g__Dialister|s__Dialister_pneumosintes",0,0,0,0,0,0,0,0,0,0,0,0,0,0,0,0,0,0,0,0,0,0,0,0,0,0,0,0,0,0,0,0,0,0,0,0,0,0,0,0,0,0,0,0,0,0,0,0,0,0,0,0,0,0,0,0,0,0,0,0,0,0,0,0,0,0,0,0,0,0,0,0,0,0,0,0,0,0,0,0,0,0,0,0,0,0,0,0,0,0,0,0,0,0,0,0,0,0,0,0,0,0,0,0,0,0,0,0,0,0,0,0,0,0,0,0,0,0,0,0,0,0,0,0,0.00143,0,0,0,0,0,0,0,0,0,0,0,0,0,0,0,0,0,0,0,0,0,0
"k__Bacteria|p__Chloroflexi|c__Anaerolineae|o__Anaerolineales|f__Anaerolineaceae|g__Anaerolineaceae_unclassified|s__Anaerolineaceae_bacterium_oral_taxon_439",0,0,0,0,0,0,0,0,0,0,0,0,0,0,0,0,0,0,0,0,0,0,0,0,0,0,0,0,0,0,0,0,0,0,0,0,0,0,0,0,0,0,0,0,0,0,0,0,0,0,0,0,0,0,0,0,0,0,0,0,0,0,0,0,0,0,0,0,0,0,0,0,0,0,0,0,0,0,0,0,0,0,0,0,0,0,0,0,0,0,0,0,0,0,0,0,0,0,0,0,0,0,0,0,0,0,0,0,0,0,0,0,0,0,0,0,0,0,0,0,0,0,0,0,0,0,0,0,0,0,0,0,0,0,0,0,0,0,0,0,0,0,0,0,0,0,0
"k__Bacteria|p__Firmicutes|c__Bacilli|o__Lactobacillales|f__Streptococcaceae|g__Streptococcus|s__Streptococcus_massiliensis",0,0,0,0,0,0,0,0,0,0,0,0,0,0,0,0,0,0,0,0,0,0,0,0,0,0,0,0,0,0,0,0,0,0,0,0,0,0,0,0,0,0,0,0,0,0,0,0,0,0,0,0,0,0,0,0,0,0,0,0,0,0,0,0,0,0,0,0,0,0,0,0,0,0,0,0,0,0,0,0,0,0,0,0,0,0,0,0,0,0,0,0,0,0,0,0,0,0,0,0,0,0,0,0,0,0,0,0,0,0,0,0,0,0,0,0,0,0,0,0,0,0,0,0,0,0,0,0,0,0,0,0,0,0,0,0,0,0,0,0,0,0,0,0,0,0,0
"k__Bacteria|p__Bacteroidetes|c__Flavobacteriia|o__Flavobacteriales|f__Flavobacteriaceae|g__Capnocytophaga|s__Capnocytophaga_haemolytica",0,0,0,0,0,0,0,0,0,0,0,0,0,0,0,0,0,0,0,0,0,0,0,0,0,0,0,0,0,0,0,0,0,0,0,0,0,0,0,0,0,0,0,0,0,0,0,0,0,0,0,0,0,0,0,0,0,0,0,0,0,0,0,0,0,0,0,0,0,0,0,0,0,0,0,0,0,0,0,0,0,0,0,0,0,0,0,0,0,0,0,0,0,0,0,0,0,0,0,0,0,0,0,0,0,0,0,0,0,0,0,0,0,0,0,0,0,0,0,0,0,0,0,0,0,0,0,0,0,0,0,0,0,0,0,0,0,0,0,0,0,0,0,0,0,0,0
"k__Bacteria|p__Bacteroidetes|c__Bacteroidia|o__Bacteroidales|f__Prevotellaceae|g__Prevotella|s__Prevotella_dentalis",0,0,0,0,0,0,0,0,0,0,0,0,0,0,0,0,0,0,0,0,0,0,0,0,0,0,0,0,0,0,0,0,0,0,0,0,0,0,0,0,0,0,0,0,0,0,0,0,0,0,0,0,0,0,0,0,0,0,0,0,0,0,0,0,0,0,0,0,0,0,0,0,0,0,0,0,0,0,0,0,0,0,0,0,0,0,0,0,0,0,0,0,0,0,0,0,0,0,0,0,0,0,0,0,0,0,0,0,0,0,0,0,0,0,0,0,0,0,0,0,0,0,0,0,0,0,0,0,0,0,0,0,0,0,0,0,0,0,0,0,0,0,0,0,0,0,0
"k__Bacteria|p__Firmicutes|c__Clostridia|o__Clostridiales|f__Eubacteriaceae|g__Pseudoramibacter|s__Pseudoramibacter_alactolyticus",0,0,0,0,0,0,0,0,0,0,0,0,0,0,0,0,0,0,0,0,0,0,0,0,0,0,0,0,0,0,0,0,0,0,0,0,0,0,0,0,0,0,0,0,0,0,0,0,0,0,0,0,0,0,0,0,0,0,0,0,0,0,0,0,0,0,0,0,0,0,0,0,0,0,0,0,0,0,0,0,0,0,0,0,0,0,0,0,0,0,0,0,0,0,0,0,0,0,0,0,0,0,0,0,0,0,0,0,0,0,0,0,0,0,0,0,0,0,0,0,0,0,0,0,0,0,0,0,0,0,0,0,0,0,0,0,0,0,0,0,0,0,0,0,0,0,0
"k__Bacteria|p__Spirochaetes|c__Spirochaetia|o__Spirochaetales|f__Spirochaetaceae|g__Treponema|s__Treponema_putidum",0,0,0,0,0,0,0,0,0,0,0,0,0,0,0,0,0,0,0,0,0,0,0,0,0,0,0,0,0,0,0,0,0,0,0,0,0,0,0,0,0,0,0,0,0,0,0,0,0,0,0,0,0,0,0,0,0,0,0,0,0,0,0,0,0,0,0,0,0,0,0,0,0,0,0,0,0,0,0,0,0,0,0,0,0,0,0,0,0,0,0,0,0,0,0,0,0,0,0,0,0,0,0,0,0,0,0,0,0,0,0,0,0,0,0,0,0,0,0,0,0,0,0,0,0,0,0,0,0,0,0,0,0,0,0,0,0,0,0,0,0,0,0,0,0,0,0
"k__Bacteria|p__Bacteroidetes|c__Bacteroidia|o__Bacteroidales|f__Prevotellaceae|g__Prevotella|s__Prevotella_sp_oral_taxon_820",0,0,0,0,0,0,0,0,0,0,0,0,0,0,0,0,0,0,0,0,0,0,0,0,0,0,0,0,0,0,0,0,0,0,0,0,0,0,0,0,0,0,0,0,0,0,0,0,0,0,0,0,0,0,0,0,0,0,0,0,0,0,0,0,0,0,0,0,0,0,0,0,0,0,0,0,0,0,0,0,0,0,0,0,0,0,0,0,0,0,0,0,0,0,0,0,0,0,0,0,0,0,0,0,0,0,0,0,0,0,0,0,0,0,0,0,0,0,0,0,0,0,0,0,0,0,0,0,0,0,0,0,0,0,0,0,0,0,0,0,0,0,0,0,0,0,0
"k__Bacteria|p__Bacteroidetes|c__Bacteroidia|o__Bacteroidales|f__Prevotellaceae|g__Prevotella|s__Prevotella_amnii",0,0,0,0,0,0,0,0,0,0,0,0,0,0,0,0,0,0,0,0,0,0,0,0,0,0,0,0,0,0,0,0,0,0,0,0,0,0,0,0,0,0,0,0,0,0,0,0,0,0,0,0,0,0,0,0,0,0,0,0,0,0,0,0,0,0,0,0,0,0,0,0,0,0,0,0,0,0,0,0,0,0,0,0,0,0,0,0,0,0,0,0,0,0,0,0,0,0,0,0,0,0,0,0,0,0,0,0,0,0,0,0,0,0,0,0,0,0,0,0,0,0,0,0,0,0,0,0,0,0,0,0,0,0,0,0,0,0,0,0,0,0,0,0,0,0,0
"k__Bacteria|p__Proteobacteria|c__Gammaproteobacteria|o__Pseudomonadales|f__Moraxellaceae|g__Moraxella|s__Moraxella_lincolnii",0,0,0,0,0,0,0,0,0,0,0,0,0,0,0,0,0,0,0,0,0,0,0,0,0,0,0,0,0,0,0,0,0,0,0,0,0,0,0,0,0,0,0,0,0,0,0,0,0,0,0,0,0,0,0,0,0,0,0,0,0,0,0,0,0,0,0,0,0,0,0,0,0,0,0,0,0,0,0,0,0,0,0,0,0,0,0,0,0,0,0,0,0,0,0,0,0,0,0,0,0,0,0,0,0,0,0,0,0,0,0,0,0,0,0,0,0,0,0,0,0,0,0,0,0,0,0,0,0,0,0,0,0,0,0,0,0,0,0,0,0,0,0,0,0,0,0
"k__Bacteria|p__Bacteroidetes|c__Bacteroidia|o__Bacteroidales|f__Prevotellaceae|g__Prevotella|s__Prevotella_sp_885",0,0,0,0,0,0,0,0,0,0,0,0,0,0,0,0,4.6521,0,0,0,0,0,0,0,0,0,0,0,0,0,0,0,0,0,0,0,0,0,0,0,0,0,0,0,0,0,0,0,0,0,0,0,0,0,0,0,0,0,0,0,0,0,0,0,0,0,0,0,0,0,0,0,0,0,0,0,0,0,0,0,0,0,0,0,0,0,0,0,0,1.95174,0,0,0,0,0,0,0,0,0,0,0,0,0,0,0,0,0,0,0,0,0,0,0,0,0,0.40458,0,0,0,0,0,0,0,0,0,0,0,0,0,0,0,0,0,0,0,0,0,0,0,0,0,0,0,0,0,0,0
"k__Bacteria|p__Firmicutes|c__Clostridia|o__Clostridiales|f__Lachnospiraceae|g__Butyrivibrio|s__Butyrivibrio_sp_CAG_318",0,0,0,0,0,0,0,0,0,0,0,0,0,0,0,0,1.50301,0,0,0,0,0,0,0,0,0,0,0,0,0,0,0,0,0,0,0,0,0,0,0,0,0,0,0,0,0,0,0,0,0,0,0,0,0.03642,0,0,0,0,0,0,0,0,0,0,0,0,0,0,0,0,0,0,0,0,0,0,0,0,0,0,0,0,0,0,0,0,0,0,0,0.80906,0,0,0,0,0,0,0,0,0,0,0,0,0,0,0,0,0,0,0,0,0,0,0,0,0,0,0,0,0,0,0,0,0,0,0,0,0,0,0,0,0,0,0,0,0,0,0,0,0,0,0,0,0,0,0,0,0
"k__Bacteria|p__Bacteroidetes|c__Bacteroidia|o__Bacteroidales|f__Bacteroidaceae|g__Bacteroides|s__Bacteroides_sartorii",0,0,0,0,0,0,0,0,0,0,0,0,0,0,0,0,0.1045,0,0,0,0,0,0,0,0,0,0,0,0,0,0,0,0,0,0,0,0,0,0,0,0,0,0,0,0,0,0,0,0,0,0,0,0,0,0,0,0,0,0,0,0,0,0,0.33564,0,0,0,0,0,0,0,0,0,0,0,0,0,0,0,0,0,0,0,0,0,0,0,0,0,0.02015,0,0,0,0,0,0,2.67794,0,0,0,0,0,0,0,0,0,0,0,0,0,0,0,0,0,0,0,0,0,0,0,0,0,0,0,0,0,0,0,0,0,0,0,0,0,0,0,0,0,0,0,0,0,0,0,0,0,0
"k__Bacteria|p__Firmicutes|c__Clostridia|o__Clostridiales|f__Clostridiaceae|g__Clostridium|s__Clostridium_sp_CAG_590",0,0,0,0,0,0,0,0,0,0,0,0,0,0,0,0,0.04223,0,0,0,0,0,0,0,0,0,0,0,0,0,0,0,0,0,0,0,0,0,0,0,0,0,0,0,0,0,0,0,0,0,0,0,0,0,0,0,0,0,0,0,0,0,0,0,0,0,0,0,0,0,0,0,0,0,0,0,0,0,0,0,0,0,0,0,0,0,0,0,0,0,0,0,0,0,0,0,0,0,0,0,0,0,0,0,0,0,0,0,0,0,0,0,0,0,0,0,0,0,0,0,0,0,0,0,0,0,0,0,0,0,0,0,0,0,0,0,0,0,0,0,0,0,0,0,0,0,0
"k__Bacteria|p__Firmicutes|c__Clostridia|o__Clostridiales|f__Clostridiales_unclassified|g__Clostridiales_unclassified|s__Clostridiales_bacterium_CHKCI006",0,0,0,0,0,0,0,0,0,0,0,0,0,0,0,0,0.00423,0,0,0,0,0,0,0,0,0,0,0,0,0,0,0,0,0,0,0,0,0,0,0,0,0,0,0,0,0,0,0,0,0,0,0,0,0,0,0,0,0,0,0,0,0,0,0,0,0,0,0,0,0,0,0,0,0,0,0,0,0.00532,0,0,0,0,0,0,0,0,0,0,0,0,0,0,0,0,0,0,0,0,0,0,0,0,0,0,0,0,0,0,0,0,0,0,0,0,0,0,0,0,0,0,0,0,0,0,0,0,0,0,0,0,0,0,0,0,0,0,0,0,0,0,0,0,0,0,0,0,0
"k__Bacteria|p__Firmicutes|c__Clostridia|o__Clostridiales|f__Clostridiaceae|g__Clostridium|s__Clostridium_sp_CAG_242",0,0,0,0,0,0,0,0,0,0,0,0,0,0,0,0,0.00417,0,0,0,0,0,0,0,0,0,0,0,0.00869,0,0,0.1559,0.00513,0,0,0,0,0,0,0,0.01524,0,0,0.00596,5e-04,0.00016,0,0,0,0,0,0,0,0,0,0,0,0,0,0,0,0,0,0,0,0,0,2e-04,0,0,0,0,0.01767,0,0.00014,0,0,0,0,0,0,0,0,0,0,0,0,0,0,0,0,0,0,0,0,0,0,0,0,0,0,0,0,0,0,0.00199,0,0,0.00015,0,0,0,0,0,0,0,0,0,0,0,0,0,0,0,0,0.00168,0,0,0,0,0,0,0,0,0,0,0,0,0.00134,0.00212,0,0.00085,0,0,0,0,0
"k__Bacteria|p__Firmicutes|c__Clostridia|o__Clostridiales|f__Clostridiaceae|g__Clostridium|s__Clostridium_sp_chh4_2",0,0,0,0,0,0,0,0,0,0,0,0,0,0,0,0,0.00356,0,0,0,0.00751,0,0,0,0,0,0,0,0,0,0,0,0,0,0,0,0,0,0,0,0,0.00205,0,0,0,0,0,0,0,0,0,0,0,0,0,0,0,0,0,0,0,0,0,0,0,0,0,0,0,0,0,0,0,0,0,0,0,0,0,0,0,0,0,0,0,0,0,0,0,0,0,0,0,0,0,0,0,0,0,0,0,0,0,0,0,0,0,0,0,0,0,0,0,0,0,0,0,0,0,0,0,0,0,0,0,0,0,0,0,0,0,0,0,0,0,0,0,0,0,0,0,0,0,0,0,0,0
"k__Bacteria|p__Firmicutes|c__Clostridia|o__Clostridiales|f__Ruminococcaceae|g__Flavonifractor|s__Flavonifractor_sp_An10",0,0,0,0,0,0,0,0,0,0,0,0,0,0,0,0,0.0035,0,0,0,0,0,0,0,0,0,0,0,0,0,0,0,0,0,0,0,0,0,0,0,0,0,0,0,0,0,0,0,0,0,0,0,0,0,0,0,0,0,0,0,0,0,0,0,0,0,0,0,0,0,0,0,0,0,0,0,0,0,0,0,0,0,0.02151,0,0,0,0,0,0,0.00123,0,0,0,0,0,0,0,0,0,0,0,0,0,0,0,0,0,0,0,0,0,0,0,0,0,0,0,0,0,0,0,0,0,0,0,0,0,0,0,0,0,0,0,0,0,0,0,0,0.00256,0,0,0,0,0,0,0,0
"k__Archaea|p__Euryarchaeota|c__Methanobacteria|o__Methanobacteriales|f__Methanobacteriaceae|g__Methanosphaera|s__Methanosphaera_stadtmanae",0,0,0,0,0,0,0,0,0,0,0,0,0,0,0,0,0.00137,0,0,0,0,0,0,0,0,0,0,0,0,0,0,0,0,0,0,0,0,0,0,0,0,0,0,0,0,0,0,0,0,0,0,0,0,0,0,0,0,0,0,0,0,0,0,0,0,0,0,0,0,0,0,0,0,0,0,0,0,0,0,0,0,0,0,0,0,0,0,0,0,0.19394,0,0,0,0,0,0,0,0,0,0,0,0,0,0,0,0,0,0,0,0,0,0,0,0,0,0,0,0,0,0,0,0,0,0,0,0,0,0,0,0,0,0,0,0,0,0,0,0,0,0,0,0,0,0,0,0,0
"k__Bacteria|p__Firmicutes|c__Clostridia|o__Clostridiales|f__Lachnospiraceae|g__Blautia|s__Blautia_producta",0,0,0,0,0,0,0,0,0,0,0,0,0,0,0,0,0.00096,0,0,0,0,0,0,0,0,0,0,0,0,0,0.00173,0,0,0,0,0,0,0,0,0,0,0,0,0,0,0.00095,0,0,0,0,0,0,0,0,0,0,0,0,0,0,0,0.00906,0,0,0,0,0,0,0,0,0.00292,0,0,0,0,0,0,0,0,0,0,0,0,0,0,0.00481,0,0,0,0,0,0,0,0,0,0,0,0,0,0,0,0,0,0,0,0,0,0,0,0,0,0,0,0,0,0,0,0,0,0,0,0,0,0,0,0,0,0,0.01757,0,0,0,0,0,0,0,0,0,0,0,0,0,0,0,0,0,0
"k__Bacteria|p__Firmicutes|c__Clostridia|o__Clostridiales|f__Lachnospiraceae|g__Lachnoclostridium|s__Clostridium_asparagiforme",0,0,0,0,0,0,0,0,0,0,0,0,0,0,0,0,0.00062,0,0,0.00388,0,0,0.00712,0,0,0,0,0.00475,0,0.00097,0,0,0,0,0,0,0,0,0,0,0,0,0,0,0,0,0,0,0,0,0,0,0,0,0,0,0,0,0,0,0,0,0,0,0,0,0,0,0,0,0,0,0,0,0,0,0,0,0,0,0,0,0,0,0,0,0,0,0,0.01007,0,0,0,0,0,0,0,0,0,0,9e-04,0,0,0.00195,0,0,0,0,0,0,0,0.00028,0,0,0,0,0,0,0,0,0,0,0,0,0,0.00657,0.00278,0,0.00017,0,0,0,0,0,0,0,0,0,0,0,0,0,0,0.00029,0,0,0
"k__Bacteria|p__Firmicutes|c__Clostridia|o__Clostridiales|f__Clostridiaceae|g__Lactonifactor|s__Lactonifactor_longoviformis",0,0,0,0,0,0,0,0,0,0,0,0,0,0,0,0,0.00012,0,0,0,0,0,0,0,0,0,0,0,0,0,0,0,0,0,0,0,0,0,0,0,0,0,0,0,0,0,0,0,0,0,0,0,0,0,0,0,0,0,0,0,0,0,0,0,0,0,0,0,0,0,0,0,0,0,0,0,0,0,0,0,0,0,0,0,0,0,0,0,0,0,0,0,0,0,0,0,0,0,0,0,0,0,0,0,0,0,0,0,0,0,0,0,0,0,0,0,0,0,0,0,0,0,0,0,0,0,0,0,0,0,0,0,0,0,0,0,0,0,0,0,0,0,0,0,0,0,0
"k__Bacteria|p__Proteobacteria|c__Betaproteobacteria|o__Neisseriales|f__Neisseriaceae|g__Simonsiella|s__Simonsiella_muelleri",0,0,0,0,0,0,0,0,0,0,0,0,0,0,0,0,0,0,0,0,0,0,0,0,0,0,0,0,0,0,0,0,0,0,0,0,0,0,0,0,0,0,0,0,0,0,0,0,0,0,0,0,0,0,0,0,0,0,0,0,0,0,0,0,0,0,0,0,0,0,0,0,0,0,0,0,0,0,0,0,0,0,0,0,0,0,0,0,0,0,0,0,0,0,0,0,0,0,0,0,0,0,0,0,0,0,0,0,0,0,0,0,0,0,0,0,0,0,0,0,0,0,0,0,0,0,0,0,0,0,0,0,0,0,0,0,0,0,0,0,0,0,0,0,0,0,0
"k__Bacteria|p__Chlamydiae|c__Chlamydiia|o__Chlamydiales|f__Chlamydiaceae|g__Chlamydia|s__Chlamydia_ibidis",0,0,0,0,0,0,0,0,0,0,0,0,0,0,0,0,0,0,0,0,0,0,0,0,0,0,0,0,0,0,0,0,0,0,0,0,0,0,0,0,0,0,0,0,0,0,0,0,0,0,0,0,0,0,0,0,0,0,0,0,0,0,0,0,0,0,0,0,0,0,0,0,0,0,0,0,0,0,0,0,0,0,0,0,0,0,0,0,0,0,0,0,0,0,0,0,0,0,0,0,0,0,0,0,0,0,0,0,0,0,0,0,0,0,0,0,0,0,0,0,0,0,0,0,0,0,0,0,0,0,0,0,0,0,0,0,0,0,0,0,0,0,0,0,0,0,0
"k__Bacteria|p__Firmicutes|c__Negativicutes|o__Selenomonadales|f__Selenomonadaceae|g__Megamonas|s__Megamonas_funiformis_CAG_377",0,0,0,0,0,0,0,0,0,0,0,0,0,0,0,0,0,0.00448,0,0,0,0,0,0,0,0,0,0,0,0,0,0,0,0,0,0,0,0,0,0,0,0,0,0,0,0,0,0,0,0,0,0,0.00439,0,0.00032,0,0,0,0,0,0,0,0,0,0,0,0,0,0,0,0,0,0,0,0,0,0,0,0,0,0,0,0,0,0,0,0,0,0,0,0,0,0.00997,0,0,0,0,0.0185,0,0,0,0,0,0,0,0,0,0,0,0,0,0,0,0,0,0,0,0,0,0,0,0,0,0,0,0,0,0,0,0,0,0,0,0,0,0,0,0,0,0,0,0,0,0,0,0,0
"k__Bacteria|p__Bacteroidetes|c__Bacteroidia|o__Bacteroidales|f__Porphyromonadaceae|g__Porphyromonas|s__Porphyromonas_gingivalis",0,0,0,0,0,0,0,0,0,0,0,0,0,0,0,0,0,0,0,0,0,0,0,0,0,0,0,0,0,0,0,0,0,0,0,0,0,0,0,0,0,0,0,0,0,0,0,0,0,0,0,0,0,0,0,0,0,0,0,0,0,0,0,0,0,0,0,0,0,0,0,0,0,0,0,0,0,0,0,0,0,0,0,0,0,0,0,0,0,0,0,0,0,0,0,0,0,0,0,0,0,0,0,0,0,0,0,0,0,0,0,0,0,0,0,0,0,0,0,0,0,0,0,0,0,0,0,0,0,0,0,0,0,0,0,0,0,0,0,0,0,0,0,0,0,0,0
"k__Bacteria|p__Bacteroidetes|c__Bacteroidia|o__Bacteroidales|f__Prevotellaceae|g__Prevotella|s__Prevotella_multiformis",0,0,0,0,0,0,0,0,0,0,0,0,0,0,0,0,0,0,0,0,0,0,0,0,0,0,0,0,0,0,0,0,0,0,0,0,0,0,0,0,0,0,0,0,0,0,0,0,0,0,0,0,0,0,0,0,0,0,0,0,0,0,0,0,0,0,0,0,0,0,0,0,0,0,0,0,0,0,0,0,0,0,0,0,0,0,0,0,0,0,0,0,0,0,0,0,0,0,0,0,0,0,0,0,0,0,0,0,0,0,0,0,0,0,0,0,0,0,0,0,0,0,0,0,0,0,0,0,0,0,0,0,0,0,0,0,0,0,0,0,0,0,0,0,0,0,0
"k__Bacteria|p__Firmicutes|c__Clostridia|o__Clostridiales|f__Clostridiales_Family_XIII_Incertae_Sedis|g__Clostridiales_Family_XIII_Incertae_Sedis_unclassified|s__Eubacterium_nodatum",0,0,0,0,0,0,0,0,0,0,0,0,0,0,0,0,0,0,0,0,0,0,0,0,0,0,0,0,0,0,0,0,0,0,0,0,0,0,0,0,0,0,0,0,0,0,0,0,0,0,0,0,0,0,0,0,0,0,0,0,0,0,0,0,0,0,0,0,0,0,0,0,0,0,0,0,0,0,0,0,0,0,0,0,0,0,0,0,0,0,0,0,0,0,0,0,0,0,0,0,0,0,0,0,0,0,0,0,0,0,0,0,0,0,0,0,0,0,0,0,0,0,0,0,0,0,0,0,0,0,0,0,0,0,0,0,0,0,0,0,0,0,0,0,0,0,0
"k__Bacteria|p__Fusobacteria|c__Fusobacteriia|o__Fusobacteriales|f__Leptotrichiaceae|g__Leptotrichia|s__Leptotrichia_sp_oral_taxon_847",0,0,0,0,0,0,0,0,0,0,0,0,0,0,0,0,0,0,0,0,0,0,0,0,0,0,0,0,0,0,0,0,0,0,0,0,0,0,0,0,0,0,0,0,0,0,0,0,0,0,0,0,0,0,0,0,0,0,0,0,0,0,0,0,0,0,0,0,0,0,0,0,0,0,0,0,0,0,0,0,0,0,0,0,0,0,0,0,0,0,0,0,0,0,0,0,0,0,0,0,0,0,0,0,0,0,0,0,0,0,0,0,0,0,0,0,0,0,0,0,0,0,0,0,0,0,0,0,0,0,0,0,0,0,0,0,0,0,0,0,0,0,0,0,0,0,0
"k__Bacteria|p__Firmicutes|c__Bacilli|o__Lactobacillales|f__Streptococcaceae|g__Streptococcus|s__Streptococcus_sp_HMSC070B10",0,0,0,0,0,0,0,0,0,0,0,0,0,0,0,0,0,0,0,0,0,0,0,0,0,0,0,0,0,0,0,0,0,0,0,0,0,0,0,0,0,0,0,0,0,0,0,0,0,0,0,0,0,0,0,0,0,0,0,0,0,0,0,0,0,0,0,0,0,0,0,0,0,0,0,0,0,0,0,0,0,0,0,0,0,0,0,0,0,0,0,0,0,0,0,0,0,0,0,0,0,0,0,0,0,0,0,0,0,0,0,0,0,0,0,0,0,0,0,0,0,0,0,0,0,0,0,0,0,0,0,0,0,0,0,0,0,0,0,0,0,0,0,0,0,0,0
"k__Bacteria|p__Proteobacteria|c__Deltaproteobacteria|o__Desulfobacterales|f__Desulfobulbaceae|g__Desulfobulbus|s__Desulfobulbus_oralis",0,0,0,0,0,0,0,0,0,0,0,0,0,0,0,0,0,0,0,0,0,0,0,0,0,0,0,0,0,0,0,0,0,0,0,0,0,0,0,0,0,0,0,0,0,0,0,0,0,0,0,0,0,0,0,0,0,0,0,0,0,0,0,0,0,0,0,0,0,0,0,0,0,0,0,0,0,0,0,0,0,0,0,0,0,0,0,0,0,0,0,0,0,0,0,0,0,0,0,0,0,0,0,0,0,0,0,0,0,0,0,0,0,0,0,0,0,0,0,0,0,0,0,0,0,0,0,0,0,0,0,0,0,0,0,0,0,0,0,0,0,0,0,0,0,0,0
"k__Bacteria|p__Bacteroidetes|c__Bacteroidia|o__Bacteroidales|f__Prevotellaceae|g__Prevotella|s__Prevotella_sp_oral_taxon_376",0,0,0,0,0,0,0,0,0,0,0,0,0,0,0,0,0,0,0,0,0,0,0,0,0,0,0,0,0,0,0,0,0,0,0,0,0,0,0,0,0,0,0,0,0,0,0,0,0,0,0,0,0,0,0,0,0,0,0,0,0,0,0,0,0,0,0,0,0,0,0,0,0,0,0,0,0,0,0,0,0,0,0,0,0,0,0,0,0,0,0,0,0,0,0,0,0,0,0,0,0,0,0,0,0,0,0,0,0,0,0,0,0,0,0,0,0,0,0,0,0,0,0,0,0,0,0,0,0,0,0,0,0,0,0,0,0,0,0,0,0,0,0,0,0,0,0
"k__Bacteria|p__Firmicutes|c__Erysipelotrichia|o__Erysipelotrichales|f__Erysipelotrichaceae|g__Eggerthia|s__Eggerthia_catenaformis",0,0,0,0,0,0,0,0,0,0,0,0,0,0,0,0,0,0,0,0,0,0,0,0,0,0,0,0,0,0,0,0,0,0,0,0,0,0,0,0,0,0,0,0,0,0,0,0,0,0,0,0,0,0,0,0,0,0,0,0,0,0,0,0,0,0,0,0,0,0,0,0,0,0,0,0,0,0,0,0,0,0,0,0,0,0,0,0,0,0,0,0,0,0,0,0,0,0,0,0,0,0,0,0,0,0,0,0,0,0,0,0,0,0,0,0,0,0,0,0,0,0,0,0,0,0,0,0,0,0,0,0,0,0,0,0,0,0,0,0,0,0,0,0,0,0,0
"k__Bacteria|p__Bacteroidetes|c__Bacteroidia|o__Bacteroidales|f__Prevotellaceae|g__Prevotella|s__Prevotella_baroniae",0,0,0,0,0,0,0,0,0,0,0,0,0,0,0,0,0,0,0,0,0,0,0,0,0,0,0,0,0,0,0,0,0,0,0,0,0,0,0,0,0,0,0,0,0,0,0,0,0,0,0,0,0,0,0,0,0,0,0,0,0,0,0,0,0,0,0,0,0,0,0,0,0,0,0,0,0,0,0,0,0,0,0,0,0,0,0,0,0,0,0,0,0,0,0,0,0,0,0,0,0,0,0,0,0,0,0,0,0,0,0,0,0,0,0,0,0,0,0,0,0,0,0,0,0,0,0,0,0,0,0,0,0,0,0,0,0,0,0,0,0,0,0,0,0,0,0
"k__Bacteria|p__Actinobacteria|c__Actinobacteria|o__Propionibacteriales|f__Propionibacteriaceae|g__Propionibacterium|s__Propionibacterium_acidifaciens",0,0,0,0,0,0,0,0,0,0,0,0,0,0,0,0,0,0,0,0,0,0,0,0,0,0,0,0,0,0,0,0,0,0,0,0,0,0,0,0,0,0,0,0,0,0,0,0,0,0,0,0,0,0,0,0,0,0,0,0,0,0,0,0,0,0,0,0,0,0,0,0,0,0,0,0,0,0,0,0,0,0,0,0,0,0,0,0,0,0,0,0,0,0,0,0,0,0,0,0,0,0,0,0,0,0,0,0,0,0,0,0,0,0,0,0,0,0,0,0,0,0,0,0,0,0,0,0,0,0,0,0,0,0,0,0,0,0,0,0,0,0,0,0,0,0,0
"k__Bacteria|p__Firmicutes|c__Clostridia|o__Clostridiales|f__Peptostreptococcaceae|g__Peptostreptococcaceae_unclassified|s__Peptostreptococcaceae_bacterium_oral_taxon_113",0,0,0,0,0,0,0,0,0,0,0,0,0,0,0,0,0,0,0,0,0,0,0,0,0,0,0,0,0,0,0,0,0,0,0,0,0,0,0,0,0,0,0,0,0,0,0,0,0,0,0,0,0,0,0,0,0,0,0,0,0,0,0,0,0,0,0,0,0,0,0,0,0,0,0,0,0,0,0,0,0,0,0,0,0,0,0,0,0,0,0,0,0,0,0,0,0,0,0,0,0,0,0,0,0,0,0,0,0,0,0,0,0,0,0,0,0,0,0,0,0,0,0,0,0,0,0,0,0,0,0,0,0,0,0,0,0,0,0,0,0,0,0,0,0,0,0
"k__Bacteria|p__Actinobacteria|c__Actinobacteria|o__Corynebacteriales|f__Corynebacteriaceae|g__Corynebacterium|s__Corynebacterium_tuberculostearicum",0,0,0,0,0,0,0,0,0,0,0,0,0,0,0,0,0,0,0,0,0,0,0,0,0,0,0,0,0,0,0,0,0,0,0,0,0,0,0,0,0,0,0,0,0,0,0,0,0,0,0,0,0,0,0,0,0,0,0,0,0,0,0,0,0,0,0,0,0,0,0,0,0,0,0,0,0,0,0,0,0,0,0,0,0,0,0,0,0,0,0,0,0,0,0,0,0,0,0,0,0,0,0,0,0,0,0,0,0,0,0,0,0,0,0,0,0,0,0,0,0,0,0,0,0,0,0,0,0,0,0,0,0,0,0,0,0,0,0,0,0,0,0,0,0,0,0
"k__Bacteria|p__Proteobacteria|c__Betaproteobacteria|o__Neisseriales|f__Neisseriaceae|g__Kingella|s__Kingella_kingae",0,0,0,0,0,0,0,0,0,0,0,0,0,0,0,0,0,0,0,0,0,0,0,0,0,0,0,0,0,0,0,0,0,0,0,0,0,0,0,0,0,0,0,0,0,0,0,0,0,0,0,0,0,0,0,0,0,0,0,0,0,0,0,0,0,0,0,0,0,0,0,0,0,0,0,0,0,0,0,0,0,0,0,0,0,0,0,0,0,0,0,0,0,0,0,0,0,0,0,0,0,0,0,0,0,0,0,0,0,0,0,0,0,0,0,0,0,0,0,0,0,0,0,0,0,0,0,0,0,0,0,0,0,0,0,0,0,0,0,0,0,0,0,0,0,0,0
"k__Bacteria|p__Firmicutes|c__Erysipelotrichia|o__Erysipelotrichales|f__Erysipelotrichaceae|g__Faecalicoccus|s__Faecalicoccus_pleomorphus",0,0,0,0,0,0,0,0,0,0,0,0,0,0,0,0,0,0,0.08245,0,0,0,0,0,0,0,0,0,0,0,0,0,0,0,0,0,0,0,0,0,0,0,0,0,0,0,0,0,0,0,0,0,0,0,0,0,0,0,0,0,0,0,0,0.039,0,0,0.06683,0,0,0,0,0,0,0,0,0,0,0,0,0,0,0,0,0,0,0,0,0,0,0,0,0,0,0,0,0,0,0,0,0,0,0,0,0,0,0,0,0,0,0,0,0,0,0,0,0,0,0,0,0,0,0,0,0,0,0,0,0,0,0,0,0,0,0,0,0,0,0,0,0,0,0,0,0,0,0,0
"k__Bacteria|p__Actinobacteria|c__Actinobacteria|o__Corynebacteriales|f__Corynebacteriaceae|g__Corynebacterium|s__Corynebacterium_kroppenstedtii",0,0,0,0,0,0,0,0,0,0,0,0,0,0,0,0,0,0,0,0,0,0,0,0,0,0,0,0,0,0,0,0,0,0,0,0,0,0,0,0,0,0,0,0,0,0,0,0,0,0,0,0,0,0,0,0,0,0,0,0,0,0,0,0,0,0,0,0,0,0,0,0,0,0,0,0,0,0,0,0,0,0,0,0,0,0,0,0,0,0,0,0,0,0,0,0,0,0,0,0,0,0,0,0,0,0,0,0,0,0,0,0,0,0,0,0,0,0,0,0,0,0,0,0,0,0,0,0,0,0,0,0,0,0,0,0,0,0,0,0,0,0,0,0,0,0,0
"k__Bacteria|p__Proteobacteria|c__Alphaproteobacteria|o__Rhodobacterales|f__Rhodobacteraceae|g__Paracoccus|s__Paracoccus_versutus",0,0,0,0,0,0,0,0,0,0,0,0,0,0,0,0,0,0,0,0,0,0,0,0,0,0,0,0,0,0,0,0,0,0,0,0,0,0,0,0,0,0,0,0,0,0,0,0,0,0,0,0,0,0,0,0,0,0,0,0,0,0,0,0,0,0,0,0,0,0,0,0,0,0,0,0,0,0,0,0,0,0,0,0,0,0,0,0,0,0,0,0,0,0,0,0,0,0,0,0,0,0,0,0,0,0,0,0,0,0,0,0,0,0,0,0,0,0,0,0,0,0,0,0,0,0,0,0,0,0,0,0,0,0,0,0,0,0,0,0,0,0,0,0,0,0,0
"k__Bacteria|p__Firmicutes|c__Bacilli|o__Lactobacillales|f__Streptococcaceae|g__Streptococcus|s__Streptococcus_salivarius_CAG_79",0,0,0,0,0,0,0,0,0,0,0,0,0,0,0,0,0,0,0,0,0,0,0,0,0,0,0,0,0,0,0,0,0,0,0,0,0,0,0,0,0,0,0,0,0,0,0,0,0,0,0,0,0,0,0,0,0,0,0,0,0,0,0,0,0,0,0,0,0,0,0,0,0,0,0,0,0,0,0,0,0,0,0,0,0,0,0,0,0,0,0,0,0,0,0,0,0,0,0,0,0,0,0,0,0,0,0,0,0,0,0,0,0,0,0,0,0,0,0,0,0,0,0,0,0,0,0,0,0,0,0,0,0,0,0,0,0,0,0,0,0,0,0,0,0,0,0
"k__Bacteria|p__Proteobacteria|c__Alphaproteobacteria|o__Rhodobacterales|f__Rhodobacteraceae|g__Paracoccus|s__Paracoccus_pantotrophus",0,0,0,0,0,0,0,0,0,0,0,0,0,0,0,0,0,0,0,0,0,0,0,0,0,0,0,0,0,0,0,0,0,0,0,0,0,0,0,0,0,0,0,0,0,0,0,0,0,0,0,0,0,0,0,0,0,0,0,0,0,0,0,0,0,0,0,0,0,0,0,0,0,0,0,0,0,0,0,0,0,0,0,0,0,0,0,0,0,0,0,0,0,0,0,0,0,0,0,0,0,0,0,0,0,0,0,0,0,0,0,0,0,0,0,0,0,0,0,0,0,0,0,0,0,0,0,0,0,0,0,0,0,0,0,0,0,0,0,0,0,0,0,0,0,0,0
"k__Bacteria|p__Bacteroidetes|c__Bacteroidia|o__Bacteroidales|f__Barnesiellaceae|g__Coprobacter|s__Coprobacter_sp",0,0,0,0,0,0,0,0,0,0,0,0,0,0,0,0,0,0,0,1.24101,0,0,0.16921,2.06453,0,2.52713,0,0.16374,0,0,0,0,0,0,0,0,0,0,0,0,0,0,0,0,0,0,0,0,0,0,0,0,0,0,0,0,0,0,0,0,0,0,0,0,0.27556,0,0,0,0,2.41246,0,0.80214,0,0,0,0,0,0,0,0,0,0,0,0,0,0,0,0,0,0,0,0,0,0,0,0,0,0,0,0,0,0,0,0,0,0,0,0,0,0,0,0,0,0,0,0,0,0,0.00121,0,1.26552,0,0,0,0,0,0,0,0,0,0,0,0,0,0,0,0,0,0,0,1.58564,0,0,0,0,0,0
"k__Bacteria|p__Firmicutes|c__Negativicutes|o__Acidaminococcales|f__Acidaminococcaceae|g__Phascolarctobacterium|s__Phascolarctobacterium_succinatutens",0,0,0,0,0,0,0,0,0,0,0,0,0,0,0,0,0,0,0,0.83902,0,0,0,0,0,0,0,0,0,0,0,0,0,0,0,0,0,0,0,0,0,0,0,0,0,0,0,0,0,0,0.29668,0,0,0,0,0,0,0,0,0,0,0,0,0,0,0,0,0.05212,0,0,0,1.48789,0,0.617,0,0,0,0,0,0,0,0,0,0,0,0,0,0,0,0,0,0,0,0,0,0.29547,0,0,0,0,0,0,0,0,0,0,0,0,0,0,1.79892,0.31758,0,1.7657,0,3.62682,0,0,0,0,0,0,0,0,0,0,0,0,0,0,0,0,0,0,0,0,0,0,0,0,0,0,0,0,0,0,0
"k__Bacteria|p__Firmicutes|c__Clostridia|o__Clostridiales|f__Catabacteriaceae|g__Catabacter|s__Catabacter_hongkongensis",0,0,0,0,0,0,0,0,0,0,0,0,0,0,0,0,0,0,0,0.0165,0.0295,0,0,0,0,0.01821,0,0,0,0,0.0893,0,0,0,0,0,0,0,0,0,0,0,0,0,0,0,0,0,0,0,0,0,0,0,0,0.02442,0,0,0,0,0,0,0,0,0,0,0,0,0,0,0.00109,0,0,0,0,0,0.00144,0,0,0,0,0,0,0,0,0,0,0,0,0,0,0,0,0,0,0,0,0,0,0,0,0,0,0.0068,0,0,0,0,0,0,0,0,0,0,0,0,0,0,0,0,0,0.00164,0,0,0,0,0,0,0,0,0,0,0,0.01942,0,0,0,0,0,0,0,0,0,0,0,0,0
"k__Bacteria|p__Firmicutes|c__Clostridia|o__Clostridiales|f__Clostridiaceae|g__Clostridium|s__Clostridium_sp_D5",0,0,0,0,0,0,0,0,0,0,0,0,0,0,0,0,0,0,0,0.01466,0,0,0,0,0,0,0,0,0,0,0,0,0,0,0,0,0,0,0,0,0,0,0,0,0,0,0,0,0,0,0,0,0,0,0,0,0,0,0,0,0,0,0,0,0,0,0,0,0,0,0,0,0,0,0,0,0,0,0,0,0,0,0,0,0.00134,0,0,0,0,0,0,0,0,0,0,0,0,0,0,0,0,0,0,0,0,0,0,0,0,0,0,0,0,0,0,0,0.01707,0,0,0,0,0,0,0,0,0,0,0,0,0,0,0,0,0.02093,0,0,0,0,0,0,0,0,0,0,0,0,0
"k__Bacteria|p__Firmicutes|c__Tissierellia|o__Tissierellales|f__Peptoniphilaceae|g__Peptoniphilus|s__Peptoniphilus_sp_HMSC062D09",0,0,0,0,0,0,0,0,0,0,0,0,0,0,0,0,0,0,0,0.00056,0.00602,0,0,0,0,0,0,0,0,0,0.00025,0,0,0,0,0,0,0,0,0,0,0,0,0,0,0,0,0,0,0,0,0,0,0,0,0.00109,0,0,0,0,0,0,0,0,0,0,0,0,0,0,0,0,0,0,0,0,0,0,0,0,0,0,0,0,0.00511,0,0,0,0,0,0,0,0,0,0,0,0,0,0,0,0,0,0,0,0,0,0,0,0,0,0,0,0,0,0,0,0,0,0,0,0,0,0,0,0,0,0,0,0,0,0,0,0,0,0,0,0,0,0,0,0,0,0,0,0,0,0
"k__Bacteria|p__Firmicutes|c__Clostridia|o__Clostridiales|f__Eubacteriaceae|g__Eubacterium|s__Eubacterium_sp_OM08_24",0,0,0,0,0,0,0,0,0,0,0,0,0,0,0,0,0,0,0,0.00041,0,0,0.00731,0,0,0,0,0.00237,0,0,0,0,0,0,0,0,0,0,0,0,0,0,0,0,0,0,0,0,0,0,0,0,0,0,0,0,0,0,0,0,0,0,0,0,0,0,0,0,0,0,0,0.00028,0,0,0,0,0,0,0,0,0,0,0,0,0,0,0,0,0,0,0,0,0.00246,0,0,0,0,0,0,0,0,0,0,0,0,0,0,0,0,0,0.03166,0,0,0,0,0,0,0,0,0,0,0,0,0,0,0,0,0,0,0,0,0,0,0,0,0,0,0,0,0,0,0,0,0,0,0,0
"k__Bacteria|p__Firmicutes|c__Clostridia|o__Clostridiales|f__Ruminococcaceae|g__Anaerofilum|s__Anaerofilum_sp_An201",0,0,0,0,0,0,0,0,0,0,0,0,0,0,0,0,0,0,0,0,0.00064,0,0,0,0,0,0,0,0,0,0,0,0,0,0,0,0,0,0,0,0,0,0,0,0,0,0,0,0,0,0,0,0,0,0,0,0,0,0,0,0,0,0,0,0,0,0,0,0,0,0,0,0,0,0,0,0,0,0,0,0,0,0,0,0,0,0,0,0,0,0,0,0,0,0,0,0,0,0,0,0,0,0,0,0,0,0,0,0,0,0,0,0,0,0,0,0,0,0,0,0,0,0,0,0,0,0,0,0,0,0,0,0,0,0,0,0,0,0,0,0,0,0,0,0,0,0
"k__Bacteria|p__Actinobacteria|c__Actinobacteria|o__Corynebacteriales|f__Mycobacteriaceae|g__Mycobacteroides|s__Mycobacteroides_chelonae",0,0,0,0,0,0,0,0,0,0,0,0,0,0,0,0,0,0,0,0,0,0,0,0,0,0,0,0,0,0,0,0,0,0,0,0,0,0,0,0,0,0,0,0,0,0,0,0,0,0,0,0,0,0,0,0,0,0,0,0,0,0,0,0,0,0,0,0,0,0,0,0,0,0,0,0,0,0,0,0,0,0,0,0,0,0,0,0,0,0,0,0,0,0,0,0,0,0,0,0,0,0,0,0,0,0,0,0,0,0,0,0,0,0,0,0,0,0,0,0,0,0,0,0,0,0,0,0,0,0,0,0,0,0,0,0,0,0,0,0,0,0,0,0,0,0,0
"k__Bacteria|p__Proteobacteria|c__Betaproteobacteria|o__Neisseriales|f__Neisseriaceae|g__Neisseria|s__Neisseria_polysaccharea",0,0,0,0,0,0,0,0,0,0,0,0,0,0,0,0,0,0,0,0,0,0,0,0,0,0,0,0,0,0,0,0,0,0,0,0,0,0,0,0,0,0,0,0,0,0,0,0,0,0,0,0,0,0,0,0,0,0,0,0,0,0,0,0,0,0,0,0,0,0,0,0,0,0,0,0,0,0,0,0,0,0,0,0,0,0,0,0,0,0,0,0,0,0,0,0,0,0,0,0,0,0,0,0,0,0,0,0,0,0,0,0,0,0,0,0,0,0,0,0,0,0,0,0,0,0,0,0,0,0,0,0,0,0,0,0,0,0,0,0,0,0,0,0,0,0,0
"k__Bacteria|p__Proteobacteria|c__Gammaproteobacteria|o__Pasteurellales|f__Pasteurellaceae|g__Haemophilus|s__Haemophilus_sp_C1",0,0,0,0,0,0,0,0,0,0,0,0,0,0,0,0,0,0,0,0,0,0,0,0,0,0,0,0,0,0,0,0,0,0,0,0,0,0,0,0,0,0,0,0,0,0,0,0,0,0,0,0,0,0,0,0,0,0,0,0,0,0,0,0,0,0,0,0,0,0,0,0,0,0,0,0,0,0,0,0,0,0,0,0,0,0,0,0,0,0,0,0,0,0,0,0,0,0,0,0,0,0,0,0,0,0,0,0,0,0,0,0,0,0,0,0,0,0,0,0,0,0,0,0,0,0,0,0,0,0,0,0,0,0,0,0,0,0,0,0,0,0,0,0,0,0,0
"k__Bacteria|p__Actinobacteria|c__Actinobacteria|o__Bifidobacteriales|f__Bifidobacteriaceae|g__Bifidobacterium|s__Bifidobacterium_angulatum",0,0,0,0,0,0,0,0,0,0,0,0,0,0,0,0,0,0,0,0,0,0,0,0,0.19293,0,0,0,0,0,0,0,0,0,0,0,0,0,0,0,0,0,0,0,0,0,0,0,0,0,0,0,0,0,0,0,0,0,0,0,0,0,0,0.01358,0,0.02699,0,0,0,0,0,0,0,0,0,0,0,0,0,0,0,0,0,0,0,0,0,0,0,0,0,0,0,0,0,0,0,0,0,0,0,0,0,0,0,0,0,0,0,0,0,0,0,0,0,0,0,0,0.00674,0,0,0,0,0,0,0,0,0.0152,0,0,0,0,0,0,0,0,0,0,0,0,0,0,0,0,0,0,0
"k__Bacteria|p__Firmicutes|c__Negativicutes|o__Selenomonadales|f__Selenomonadaceae|g__Mitsuokella|s__Mitsuokella_multacida",0,0,0,0,0,0,0,0,0,0,0,0,0,0,0,0,0,0,0,0,0,0,0,0,0.1164,0,0,0,0,0,0,0,0,0,0,0,0,0,0,0,0,0,0,0,0,0,0,0,0,0,0,0,0,0,0,0,0,0,0,0,0,0,0,0,0,0.05422,0,0,0,0,0,0,0,0,0,0,0,0,0,0,0,0,0,0,0,0,0,0,0,0,0,0,0,0,0,0,0,0,0,0,0,0,0,0,0,0,0,0,0,0,0,0,0,0,0,0,0,0,0,0,0,0,0,0,0,0,0,0,0,0,0,0,0,0,0,0,0,0,0,0,0,0,0,0,0,0,0
"k__Bacteria|p__Firmicutes|c__Negativicutes|o__Veillonellales|f__Veillonellaceae|g__Megasphaera|s__Megasphaera_elsdenii",0,0,0,0,0,0,0,0,0,0,0,0,0,0,0,0,0,0,0,0,0,0,0,0,0.02162,0,0,0,0,0,0,0,0,0,0,0,0,0,0,0,0,0,0,0,0,0,0,0,0,0,0,0,0,0,0,0,0,0,0,0,0,0,0,0,0,0.01731,0,0,0,0,0,0,0,0,0,0,0,0,0,0,0,0,0,0,0,0,0,0,0,0,0,0,0,0,0,0,0,0,0,0,0,0,0,0,0,0,0,0,0,0,0,0,0,0,0,0,0,0,0,0,0,0,0,0,0,0,0,0,0,0,0,0,0,0,0,0,0,0,0,0,0,0,0,0,0,0,0
"k__Bacteria|p__Bacteroidetes|c__Bacteroidia|o__Bacteroidales|f__Porphyromonadaceae|g__Porphyromonas|s__Porphyromonas_sp_HMSC065F10",0,0,0,0,0,0,0,0,0,0,0,0,0,0,0,0,0,0,0,0,0,0,0,0,0.00173,0,0,0,0,0,0,0,0,0,0,0,0,0,0,0,0,0,0,0,0,0,0,0,0,0,0,0,0,0,0,0.0965,0,0,0,0,0,0,0,0,0,0,0,0,0,0,0,0,0,0,0,0,0,0,0,0,0,0,0,0,0.07881,0,0,0,0,0,0,0,0,0,0,0,0,0,0,0,0,0,0,0,0,0,0,0,0,0,0,0,0,0,0,0,0,0,0,0,0,0,0,0,0,0,0,0,0,0,0,0,0,0,0,0,0.00166,0,0,0,0,0,0,0,0,0,0
"k__Bacteria|p__Firmicutes|c__Clostridia|o__Clostridiales|f__Clostridiaceae|g__Clostridium|s__Clostridium_ventriculi",0,0,0,0,0,0,0,0,0,0,0,0,0,0,0,0,0,0,0,0,0,0,0,0,0.00083,0,0,0,0,0,0,0,0,0,0,0,0,0,0,0,0,0,0,0,0,0,0,0,0,0,0,0,0,0,0,0,0,0,0,0,0,0,0,0,0,0,0,0,0,0,0,0,0,0,0,0,0,0,0,0,0,0,0,0,0,0,0,0,0,0,0,0,0,0,0,0,0,0,0,0,0,0,0,0,0,0,0,0,0,0,0,0,0,0,0,0,0,0,0,0,0,0,0,0,0,0,0,0,0,0,0,0,0,0,0,0,0,0,0,0,0,0,0,0,0,0,0
"k__Bacteria|p__Firmicutes|c__Negativicutes|o__Selenomonadales|f__Selenomonadaceae|g__Mitsuokella|s__Mitsuokella_jalaludinii",0,0,0,0,0,0,0,0,0,0,0,0,0,0,0,0,0,0,0,0,0,0,0,0,0.00029,0,0,0,0,0,0,0,0,0,0,0,0,0,0,0,0,0,0,0,0,0,0,0,0,0,0,0,0,0,0,0,0,0,0,0,0,0,0,0,0,7e-04,0,0,0,0,0,0,0,0,0,0,0,0,0,0,0,0,0,0,0,0,0,0,0,0,0,0,0,0,0,0,0,0,0,0,0,0,0,0,0,0,0,0,0,0,0,0,0,0,0,0,0,0,0,0,0,0,0,0,0,0,0,0,0,0,0,0,0,0,0,0,0,0,0,0,0,0,0,0,0,0,0
"k__Bacteria|p__Actinobacteria|c__Actinobacteria|o__Actinomycetales|f__Actinomycetaceae|g__Actinomyces|s__Actinomyces_cardiffensis",0,0,0,0,0,0,0,0,0,0,0,0,0,0,0,0,0,0,0,0,0,0,0,0,0,0,0,0,0,0,0,0,0,0,0,0,0,0,0,0,0,0,0,0,0,0,0,0,0,0,0,0,0,0,0,0,0,0,0,0,0,0,0,0,0,0,0,0,0,0,0,0,0,0,0,0,0,0,0,0,0,0,0,0,0,0,0,0,0,0,0,0,0,0,0,0,0,0,0,0,0,0,0,0,0,0,0,0,0,0,0,0,0,0,0,0,0,0,0,0,0,0,0,0,0,0,0,0,0,0,0,0,0,0,0,0,0,0,0,0,0,0,0,0,0,0,0
"k__Bacteria|p__Firmicutes|c__Clostridia|o__Clostridiales|f__Ruminococcaceae|g__Flavonifractor|s__Flavonifractor_sp_An100",0,0,0,0,0,0,0,0,0,0,0,0,0,0,0,0,0,0,0,0,0,0,0,0,0,0.02384,0,0,0,0,0,0,0,0,0,0.00187,0,0,0,0,0,0,0.00339,0,0,0,0,0,0,0,0,0,0,0,0,0,0,0,0,0,0,0,0,0,0,0,0,0,0,0,0,0,0,0,0,0,0.0516,0,0,0,0,0,0,0,0,0,0,0,0,0,0,0,0,0.00429,0,0,0,0,0,0,0,0,0,0,0,0,0,0,0,0,0,0,0,0,0,0,0,0,0,0,0.00738,0,0,0,0,0,0,0,0,0,0,0,0,0,0,0,0,0,0,0,0,0,0,0,0,0,0
"k__Bacteria|p__Proteobacteria|c__Gammaproteobacteria|o__Pseudomonadales|f__Pseudomonadaceae|g__Pseudomonas|s__Pseudomonas_fluorescens_group",0,0,0,0,0,0,0,0,0,0,0,0,0,0,0,0,0,0,0,0,0,0,0,0,0,0,0,0,0,0,0,0,0,0,0,0,0,0,0,0,0,0,0,0,0,0,0,0,0,0,0,0,0,0,0,0,0,0,0,0,0,0,0,0,0,0,0,0,0,0,0,0,0,0,0,0,0,0,0,0,0,0,0,0,0,0,0,0,0,0,0,0,0,0,0,0,0,0,0,0,0,0,0,0,0,0,0,0,0,0,0,0,0,0,0,0,0,0,0,0,0,0,0,0,0,0,0,0,0,0,0,0,0,0,0,0,0,0,0,0,0,0,0,0,0,0,0
"k__Bacteria|p__Firmicutes|c__Bacilli|o__Bacillales|f__Listeriaceae|g__Brochothrix|s__Brochothrix_thermosphacta",0,0,0,0,0,0,0,0,0,0,0,0,0,0,0,0,0,0,0,0,0,0,0,0,0,0,0,0,0,0,0,0,0,0,0,0,0,0,0,0,0,0,0,0,0,0,0,0,0,0,0,0,0,0,0,0,0,0,0,0,0,0,0,0,0,0,0,0,0,0,0,0,0,0,0,0,0,0,0,0,0,0,0,0,0,0,0,0,0,0,0,0,0,0,0,0,0,0,0,0,0,0,0,0,0,0,0,0,0,0,0,0,0,0,0,0,0,0,0,0,0,0,0,0,0,0,0,0,0,0,0,0,0,0,0,0,0,0,0,0,0,0,0,0,0,0,0
"k__Bacteria|p__Firmicutes|c__Bacilli|o__Lactobacillales|f__Carnobacteriaceae|g__Carnobacterium|s__Carnobacterium_divergens",0,0,0,0,0,0,0,0,0,0,0,0,0,0,0,0,0,0,0,0,0,0,0,0,0,0,0,0,0,0,0,0,0,0,0,0,0,0,0,0,0,0,0,0,0,0,0,0,0,0,0,0,0,0,0,0,0,0,0,0,0,0,0,0,0,0,0,0,0,0,0,0,0,0,0,0,0,0,0,0,0,0,0,0,0,0,0,0,0,0,0,0,0,0,0,0,0,0,0,0,0,0,0,0,0,0,0,0,0,0,0,0,0,0,0,0,0,0,0,0,0,0,0,0,0,0,0,0,0,0,0,0,0,0,0,0,0,0,0,0,0,0,0,0,0,0,0
"k__Bacteria|p__Proteobacteria|c__Gammaproteobacteria|o__Pseudomonadales|f__Pseudomonadaceae|g__Pseudomonas|s__Pseudomonas_fragi",0,0,0,0,0,0,0,0,0,0,0,0,0,0,0,0,0,0,0,0,0,0,0,0,0,0,0,0,0,0,0,0,0,0,0,0,0,0,0,0,0,0,0,0,0,0,0,0,0,0,0,0,0,0,0,0,0,0,0,0,0,0,0,0,0,0,0,0,0,0,0,0,0,0,0,0,0,0,0,0,0,0,0,0,0,0,0,0,0,0,0,0,0,0,0,0,0,0,0,0,0,0,0,0,0,0,0,0,0,0,0,0,0,0,0,0,0,0,0,0,0,0,0,0,0,0,0,0,0,0,0,0,0,0,0,0,0,0,0,0,0,0,0,0,0,0,0
"k__Bacteria|p__Firmicutes|c__Bacilli|o__Lactobacillales|f__Carnobacteriaceae|g__Carnobacterium|s__Carnobacterium_maltaromaticum",0,0,0,0,0,0,0,0,0,0,0,0,0,0,0,0,0,0,0,0,0,0,0,0,0,0,0,0,0,0,0,0,0,0,0,0,0,0,0,0,0,0,0,0,0,0,0,0,0,0,0,0,0,0,0,0,0,0,0,0,0,0,0,0,0,0,0,0,0,0,0,0,0,0,0,0,0,0,0,0,0,0,0,0,0,0,0,0,0,0,0,0,0,0,0,0,0,0,0,0,0,0,0,0,0,0,0,0,0,0,0,0,0,0,0,0,0,0,0,0,0,0,0,0,0,0,0,0,0,0,0,0,0,0,0,0,0,0,0,0,0,0,0,0,0,0,0
"k__Bacteria|p__Proteobacteria|c__Gammaproteobacteria|o__Pseudomonadales|f__Moraxellaceae|g__Psychrobacter|s__Psychrobacter_sp_1501_2011",0,0,0,0,0,0,0,0,0,0,0,0,0,0,0,0,0,0,0,0,0,0,0,0,0,0,0,0,0,0,0,0,0,0,0,0,0,0,0,0,0,0,0,0,0,0,0,0,0,0,0,0,0,0,0,0,0,0,0,0,0,0,0,0,0,0,0,0,0,0,0,0,0,0,0,0,0,0,0,0,0,0,0,0,0,0,0,0,0,0,0,0,0,0,0,0,0,0,0,0,0,0,0,0,0,0,0,0,0,0,0,0,0,0,0,0,0,0,0,0,0,0,0,0,0,0,0,0,0,0,0,0,0,0,0,0,0,0,0,0,0,0,0,0,0,0,0
"k__Bacteria|p__Proteobacteria|c__Gammaproteobacteria|o__Enterobacterales|f__Yersiniaceae|g__Serratia|s__Serratia_proteamaculans",0,0,0,0,0,0,0,0,0,0,0,0,0,0,0,0,0,0,0,0,0,0,0,0,0,0,0,0,0,0,0,0,0,0,0,0,0,0,0,0,0,0,0,0,0,0,0,0,0,0,0,0,0,0,0,0,0,0,0,0,0,0,0,0,0,0,0,0,0,0,0,0,0,0,0,0,0,0,0,0,0,0,0,0,0,0,0,0,0,0,0,0,0,0,0,0,0,0,0,0,0,0,0,0,0,0,0,0,0,0,0,0,0,0,0,0,0,0,0,0,0,0,0,0,0,0,0,0,0,0,0,0,0,0,0,0,0,0,0,0,0,0,0,0,0,0,0
"k__Bacteria|p__Bacteroidetes|c__Bacteroidia|o__Bacteroidales|f__Bacteroidaceae|g__Bacteroides|s__Bacteroides_sp_CAG_443",0,0,0,0,0,0,0,0,0,0,0,0,0,0,0,0,0,0,0,0,0,0,0,0,0,0,0,0,20.26339,0,0,0,0,0,0,0,0,0,0,0,0,0,0,0,0,0,0,0,0,0,0,0,0,0,0,0,0,0,0,0,0,0,0,0,0,0,0,0,0,0,0,0,0,0,0,0,0,0,0,0,0,0,0,0,0,0,0,0,0,0,0,0,0,0,0,0,0,0,0,0,0,0,0,0,0,0,0,0,0,0,0,0,0,0,0,0,0,0,0,0,0,0,0,0,0,0,0,0,0,0,0,0,0,0,0,0,0,0,0,20.33647,0,0,0,0,0,0,0
"k__Bacteria|p__Actinobacteria|c__Actinobacteria|o__Bifidobacteriales|f__Bifidobacteriaceae|g__Aeriscardovia|s__Aeriscardovia_aeriphila",0,0,0,0,0,0,0,0,0,0,0,0,0,0,0,0,0,0,0,0,0,0,0,0,0,0,0,0,0.00271,0,0,0,0,0,0,0,0,0,0,0,0,0,0,0,0,0,0,0,0,0,0.00443,0,0,0,0,0,0,0,0,0,0.0016,0,0,0,0,0,0,0,0,0,0,0,0,0,0,6e-04,0,0.00243,0,0,0,0,0,0,0,0,0,0,0,0,0,0,0,0,0,0.00096,0,0,0,0,0,0,0,0,0,0,0,0,0,0,0,0,0,0,0,0,0,0,0.00382,0,0,0,0,0,0,0,0,0,0,0,0,0,0,0,0,0,0,0,0,0,0,0,0,0,0,0,0
"k__Bacteria|p__Firmicutes|c__Clostridia|o__Clostridiales|f__Ruminococcaceae|g__Subdoligranulum|s__Subdoligranulum_variabile",0,0,0,0,0,0,0,0,0,0,0,0,0,0,0,0,0,0,0,0,0,0,0,0,0,0,0,0,0.00015,0,0,0,0,0,0,0,0,0,0,0,0,0,0,0,0,0,0,0,0,0,0,0,0,0,0,0,0,0,0,0,0,0,0,0,0,0,0,0,0,0,0,0,0,0,0,0,0,0,0,0,0,0,0,0,0,0,0,0,0,0,0,0,0,0,0,0,0,0,0,0,0,0,0,0,0,0,0,0,0,0,0,0,0,0,0,0,0,0,0,0,0,0,0,0,0,0,0,0,0,0,0,0,0,0,0,0,0,0,0,0,0,0,0,0,0,0,0
"k__Bacteria|p__Proteobacteria|c__Alphaproteobacteria|o__Sphingomonadales|f__Sphingomonadaceae|g__Sphingomonas|s__Sphingomonas_koreensis",0,0,0,0,0,0,0,0,0,0,0,0,0,0,0,0,0,0,0,0,0,0,0,0,0,0,0,0,0,0,0,0,0,0,0,0,0,0,0,0,0,0,0,0,0,0,0,0,0,0,0,0,0,0,0,0,0,0,0,0,0,0,0,0,0,0,0,0,0,0,0,0,0,0,0,0,0,0,0,0,0,0,0,0,0,0,0,0,0,0,0,0,0,0,0,0,0,0,0,0,0,0,0,0,0,0,0,0,0,0,0,0,0,0,0,0,0,0,0,0,0,0,0,0,0,0,0,0,0,0,0,0,0,0,0,0,0,0,0,0,0,0,0,0,0,0,0
"k__Bacteria|p__Firmicutes|c__Clostridia|o__Clostridiales|f__Lachnospiraceae|g__Anaerostipes|s__Anaerostipes_caccae",0,0,0,0,0,0,0,0,0,0,0,0,0,0,0,0,0,0,0,0,0,0,0,0,0,0,0,0,0,0.00266,0,0,0,0,0,0,0,0,0,0,0,0,0,0,0,0,0,0,0,0,0,0,0,0,0,0,0,0,0,0,0,0,0,0,0,0,0,0,0,0,0,0,0.00439,0,0,0,0,0,0,0,0,0,0,0,0,0,0,0,0,0,0,0,0,0,0,0,0,0,0,0,0,0,0,0.00056,0,0,0,0,0,0,0,0,0,0,0,0,0,0,0,0,0,0,0,0,0,0,0,0,0,0,0,0,0,0.00077,0,0,0,0,0,0,0,0,0,0,0,0,0
"k__Bacteria|p__Firmicutes|c__Firmicutes_unclassified|o__Firmicutes_unclassified|f__Firmicutes_unclassified|g__Firmicutes_unclassified|s__Firmicutes_bacterium_CAG_424",0,0,0,0,0,0,0,0,0,0,0,0,0,0,0,0,0,0,0,0,0,0,0,0,0,0,0,0,0,0.00137,0,0,0.00916,0,0,0,0,0,0,0,0,0,0,0.04822,0,0,0,0,0,0,0,0,0,0,0.00313,0,0,0,0,0,0,0,0,0,0,0,0,0,0,0,0.00596,0,0,0,0,0,0,0,0,0,0,0,0,0,0,0,0,0,0,0,0,0,0,0,0,0,0,0,0,0,0,0,0,0.00199,0,0,0,0,0,0,0,0,0,0,0,0,0,0,0,0,0,0,0,0,0,0,0,0,0,0,0,0,0,0,0,0,0,0,0,0,0,0.00642,0,0,0,0,0
"k__Bacteria|p__Fusobacteria|c__Fusobacteriia|o__Fusobacteriales|f__Fusobacteriaceae|g__Fusobacterium|s__Fusobacterium_naviforme",0,0,0,0,0,0,0,0,0,0,0,0,0,0,0,0,0,0,0,0,0,0,0,0,0,0,0,0,0,0,0.00149,0,0,0,0,0,0,0,0,0,0,0,0,0,0,0,0,0,0,0,0,0,0,0,0,0,0,0,0,0,0,0,0,0,0,0,0,0,0,0,0,0,0,0,0,0,0,0,0,0,0,0,0,0,0,0,0,0,0,0,0,0,0,0,0,0,0,0,0,0,0,0,0,0,0,0,0,0,0,0,0,0,0,0,0,0,0,0,0,0,0,0,0,0,0,0,0,0,0,0,0,0,0,0,0,0,0,0,0,0,0,0,0,0,0,0,0
"k__Bacteria|p__Firmicutes|c__Clostridia|o__Clostridiales|f__Lachnospiraceae|g__Lachnoclostridium|s__Clostridium_hylemonae",0,0,0,0,0,0,0,0,0,0,0,0,0,0,0,0,0,0,0,0,0,0,0,0,0,0,0,0,0,0,0.00057,0,0,0,0,0,0,0,0,0,0,0,0,0,0,0,0,0,0,0,0,0,0,0,0,0,0,0,0,0,0,0,0,0,0,0,0,0,0,0,0,0,0,0,0,0,0,0,0,0,0,0,0,0,0.0266,0,0,0,0,0,0,0,0,0,0,0,0,0,0,0,0,0,0,0,0,0,0,0,0,0,0,0,0,0,0,0,0,0,0,0,0,0,0,0,0,0,0,0,0,0,0,0,0,0.01091,0,0,0,0,0,0,0,0,0,0,0,0,0
"k__Bacteria|p__Firmicutes|c__Negativicutes|o__Veillonellales|f__Veillonellaceae|g__Megasphaera|s__Megasphaera_sp_DISK_18",0,0,0,0,0,0,0,0,0,0,0,0,0,0,0,0,0,0,0,0,0,0,0,0,0,0,0,0,0,0,0,0.0198,0,0,0,0,0.00452,0,0,0,0,0,0,0,0,0,0,0,0,0,0,0,0,0,0,0,0,0,0,0,0,0,0,0,0,0,0,0,0,0,0,0,0,0,0,0,0,0,0,0,0,0,0,0,0,0,0,0,0,0,0,0,0,0,0,0,0,0,0,0,0,0,0,0,0,0,0,0,0,0,0,0,0,0,0,0,0,0,0.00533,0,0,0,0,0,0,0,0,0,0,0,0,0,0,0,0,0,0,0,0,0,0,0,0,0,0,0,0
"k__Bacteria|p__Firmicutes|c__Negativicutes|o__Veillonellales|f__Veillonellaceae|g__Megasphaera|s__Megasphaera_sp_MJR8396C",0,0,0,0,0,0,0,0,0,0,0,0,0,0,0,0,0,0,0,0,0,0,0,0,0,0,0,0,0,0,0,0.00074,0,0,0,0,0,0,0,0,0,0,0,0,0,0,0,0,0,0,0,0,0,0,0,0,0,0,0,0,0,0,0,0,0,0,0,0,0,0,0,0,0,0,0,0,0,0,0,0,0,0,0,0,0,0,0,0,0,0,0,0,0,0,0,0,0,0,0,0,0,0,0,0,0,0,0,0,0,0,0,0,0,0,0,0,0,0,0,0,0,0,0,0,0,0,0,0.22637,0,0,0,0,0,0,0,0,0,0,0,0,0,0,0,0,0,0,0
"k__Bacteria|p__Proteobacteria|c__Gammaproteobacteria|o__Pseudomonadales|f__Moraxellaceae|g__Moraxella|s__Moraxella_catarrhalis",0,0,0,0,0,0,0,0,0,0,0,0,0,0,0,0,0,0,0,0,0,0,0,0,0,0,0,0,0,0,0,0,0,0,0,0,0,0,0,0,0,0,0,0,0,0,0,0,0,0,0,0,0,0,0,0,0,0,0,0,0,0,0,0,0,0,0,0,0,0,0,0,0,0,0,0,0,0,0,0,0,0,0,0,0,0,0,0,0,0,0,0,0,0,0,0,0,0,0,0,0,0,0,0,0,0,0,0,0,0,0,0,0,0,0,0,0,0,0,0,0,0,0,0,0,0,0,0,0,0,0,0,0,0,0,0,0,0,0,0,0,0,0,0,0,0,0
"k__Bacteria|p__Proteobacteria|c__Gammaproteobacteria|o__Enterobacterales|f__Enterobacteriaceae|g__Klebsiella|s__Klebsiella_aerogenes",0,0,0,0,0,0,0,0,0,0,0,0,0,0,0,0,0,0,0,0,0,0,0,0,0,0,0,0,0,0,0,0,0,0,0,0,0,0,0,0,0,0,0,0,0,0,0,0,0,0,0,0,0,0,0,0,0,0,0,0,0,0,0,0,0,0,0,0,0,0,0,0,0,0,0,0,0,0,0,0,0,0,0,0,0,0,0,0,0,0,0,0,0,0,0,0,0,0,0,0,0,0,0,0,0,0,0,0,0,0,0,0,0,0,0,0,0,0,0,0,0,0,0,0,0,0,0,0,0,0,0,0,0,0,0,0,0,0,0,0,0,0,0,0,0,0,0
"k__Bacteria|p__Proteobacteria|c__Gammaproteobacteria|o__Enterobacterales|f__Morganellaceae|g__Proteus|s__Proteus_mirabilis",0,0,0,0,0,0,0,0,0,0,0,0,0,0,0,0,0,0,0,0,0,0,0,0,0,0,0,0,0,0,0,0,0,0,0,0,0,0,0,0,0,0,0,0,0,0,0,0,0,0,0,0,0,0,0,0,0,0,0,0,0,0,0,0,0,0,0,0,0,0,0,0,0,0,0,0,0,0,0,0,0,0,0,0,0,0,0,0,0,0,0,0,0,0,0,0,0,0,0,0,0,0,0,0,0,0,0,0,0,0,0,0,0,0,0,0,0,0,0,0,0,0,0,0,0,0,0,0,0,0,0,0,0,0,0,0,0,0,0,0,0,0,0,0,0,0,0
"k__Bacteria|p__Firmicutes|c__Bacilli|o__Bacillales|f__Staphylococcaceae|g__Staphylococcus|s__Staphylococcus_lugdunensis",0,0,0,0,0,0,0,0,0,0,0,0,0,0,0,0,0,0,0,0,0,0,0,0,0,0,0,0,0,0,0,0,0,0,0,0,0,0,0,0,0,0,0,0,0,0,0,0,0,0,0,0,0,0,0,0,0,0,0,0,0,0,0,0,0,0,0,0,0,0,0,0,0,0,0,0,0,0,0,0,0,0,0,0,0,0,0,0,0,0,0,0,0,0,0,0,0,0,0,0,0,0,0,0,0,0,0,0,0,0,0,0,0,0,0,0,0,0,0,0,0,0,0,0,0,0,0,0,0,0,0,0,0,0,0,0,0,0,0,0,0,0,0,0,0,0,0
"k__Bacteria|p__Firmicutes|c__Clostridia|o__Clostridiales|f__Clostridiaceae|g__Butyricicoccus|s__Butyricicoccus_pullicaecorum",0,0,0,0,0,0,0,0,0,0,0,0,0,0,0,0,0,0,0,0,0,0,0,0,0,0,0,0,0,0,0,0,0.00128,0,0,0,0,0,0,0,0,0,0,0,0,0,0,0,0,0,0,0,0,0,0,0,0,0,0,0,0,0,0,0,0,0,0,0,0,0,0,0,0,0,0,0,0,0,0,0,0,0,0,0,0.00126,0,0,0,0,0,0,0,0,0,0,0,0,0,0,0,0,0,0,0,0,0,0,0,0,0,0,0,0,0,0,0,0,0,0,0,0,0,0,0,0,0,0,0,0,0,0,0,0,0.00339,1e-04,0,0,0,0,0,0,0,0,0,0,0,0
"k__Eukaryota|p__Basidiomycota|c__Malasseziomycetes|o__Malasseziales|f__Malasseziaceae|g__Malassezia|s__Malassezia_sympodialis",0,0,0,0,0,0,0,0,0,0,0,0,0,0,0,0,0,0,0,0,0,0,0,0,0,0,0,0,0,0,0,0,0,0,0,0,0,0,0,0,0,0,0,0,0,0,0,0,0,0,0,0,0,0,0,0,0,0,0,0,0,0,0,0,0,0,0,0,0,0,0,0,0,0,0,0,0,0,0,0,0,0,0,0,0,0,0,0,0,0,0,0,0,0,0,0,0,0,0,0,0,0,0,0,0,0,0,0,0,0,0,0,0,0,0,0,0,0,0,0,0,0,0,0,0,0,0,0,0,0,0,0,0,0,0,0,0,0,0,0,0,0,0,0,0,0,0
"k__Bacteria|p__Actinobacteria|c__Actinobacteria|o__Corynebacteriales|f__Corynebacteriaceae|g__Corynebacterium|s__Corynebacterium_argentoratense",0,0,0,0,0,0,0,0,0,0,0,0,0,0,0,0,0,0,0,0,0,0,0,0,0,0,0,0,0,0,0,0,0,0,0,0,0,0,0,0,0,0,0,0,0,0,0,0,0,0,0,0,0,0,0,0,0,0,0,0,0,0,0,0,0,0,0,0,0,0,0,0,0,0,0,0,0,0,0,0,0,0,0,0,0,0,0,0,0,0,0,0,0,0,0,0,0,0,0,0,0,0,0,0,0,0,0,0,0,0,0,0,0,0,0,0,0,0,0,0,0,0,0,0,0,0,0,0,0,0,0,0,0,0,0,0,0,0,0,0,0,0,0,0,0,0,0
"k__Bacteria|p__Firmicutes|c__Bacilli|o__Lactobacillales|f__Leuconostocaceae|g__Leuconostoc|s__Leuconostoc_mesenteroides",0,0,0,0,0,0,0,0,0,0,0,0,0,0,0,0,0,0,0,0,0,0,0,0,0,0,0,0,0,0,0,0,0,0.01284,0,0,0,0,0,0,0,0,0,0,0,0,0,0,0,0,0,0,0,0,0,0,0,0,0,0,0,0,0,0,0,0,0,0,0,0,0,0,0,0,0,0,0,0,0,0,0,0,0,0,0,0,0,0,0,0,0,0,0,0,0,0,0,0,0,0,0,0,0,0,0,0,0,0,0,0,0,0,0,0,0,0,0,0,0,0,0,0,0,0,0,0,0,0,0,0,0,0,0,0,0,0,0,0,0,0,0,0,0,0,0,0,0
"k__Bacteria|p__Actinobacteria|c__Actinobacteria|o__Propionibacteriales|f__Propionibacteriaceae|g__Propionibacterium|s__Propionibacterium_sp_oral_taxon_192",0,0,0,0,0,0,0,0,0,0,0,0,0,0,0,0,0,0,0,0,0,0,0,0,0,0,0,0,0,0,0,0,0,0,0,0,0,0,0,0,0,0,0,0,0,0,0,0,0,0,0,0,0,0,0,0,0,0,0,0,0,0,0,0,0,0,0,0,0,0,0,0,0,0,0,0,0,0,0,0,0,0,0,0,0,0,0,0,0,0,0,0,0,0,0,0,0,0,0,0,0,0,0,0,0,0,0,0,0,0,0,0,0,0,0,0,0,0,0,0,0,0,0,0,0,0,0,0,0,0,0,0,0,0,0,0,0,0,0,0,0,0,0,0,0,0,0
"k__Bacteria|p__Bacteroidetes|c__Bacteroidia|o__Bacteroidales|f__Prevotellaceae|g__Prevotella|s__Prevotella_sp_CAG_617",0,0,0,0,0,0,0,0,0,0,0,0,0,0,0,0,0,0,0,0,0,0,0,0,0,0,0,0,0,0,0,0,0,0,5.82713,0,0,0,0,0,0,0,0,0,0,0,0,0,0,0,0,0,0,0,0,0,0,0,0,0,0,0,0,0,0,0,0,0,0,0,0,0,0,0,0,0,0,0,0,0,0,0,0,0,0,0,0,0,0,0,0,0,0,0,0,0,0,0,0,0,0,0,0,0,0,0,0,0,0,0,0,0,0,0,0,0,0,0,0,0,0,2.17977,0,0,0,0,0,0,0,0,0,0,0,0,0,0,0,0,0,0,0,0,0,0,0,0,0
"k__Bacteria|p__Bacteroidetes|c__Bacteroidia|o__Bacteroidales|f__Prevotellaceae|g__Prevotella|s__Prevotella_sp_CAG_1185",0,0,0,0,0,0,0,0,0,0,0,0,0,0,0,0,0,0,0,0,0,0,0,0,0,0,0,0,0,0,0,0,0,0,0.00483,0,0,0,0,0,0,0,0,0,0,0,0,0,0,0,0,0,0,0,0,0,0,0,0,0,0,0,0,0,0,0,0,0,0,0,0,0,0,0,0,0,0,0,0,0,0,0,0,0,0,0,0,0,0,0,0,0,0,0,0,0,0,0,0,0,0,0,0,0,0,0,0,0,0,0,0,0,0,0,0,0,0,0,0,0,0,0.00505,0,0,0,0,0,0,0,0,0,0,0,0,0,0,0,0,0,0,0,0,0,0,0,0,0
"k__Bacteria|p__Actinobacteria|c__Actinobacteria|o__Corynebacteriales|f__Corynebacteriales_unclassified|g__Lawsonella|s__Lawsonella_clevelandensis",0,0,0,0,0,0,0,0,0,0,0,0,0,0,0,0,0,0,0,0,0,0,0,0,0,0,0,0,0,0,0,0,0,0,0,0,0,0,0,0,0,0,0,0,0,0,0,0,0,0,0,0,0,0,0,0.0012,0,0,0,0,0,0,0,0,0,0,0,0,0,0,0,0,0,0,0,0,0,0,0,0,0,0,0,0,0,0,0,0,0,0,0,0,0,0,0,0,0,0,0,0,0,0,0,0,0,0,0,0,0,0,0,0,0,0,0,0,0,0,0,0,0,0,0,0,0,0,0,0,0,0,0,0,0,0,0,0,0,0,0,0,0,0,0,0,0,0,0
"k__Bacteria|p__Proteobacteria|c__Gammaproteobacteria|o__Enterobacterales|f__Enterobacteriaceae|g__Citrobacter|s__Citrobacter_portucalensis",0,0,0,0,0,0,0,0,0,0,0,0,0,0,0,0,0,0,0,0,0,0,0,0,0,0,0,0,0,0,0,0,0,0,0,0,0.10328,0,0,0,0,0,0,0,0,0,0,0,0,0,0,0,0,0,0,0,0,0,0,0,0,0,0,0,0,0,0,0,0,0,0,0,0,0,0,0,0,0,0,0,0,0,0,0,0,0,0,0,0,0,0,0,0,0,0,0,0,0,0,0,0,0,0,0,0,0,0,0,0,0,0,0,0,0,0,0,0,0,0,0,0,0,0,0,0,0,0,0,0,0,0,0,0,0,0,0,0,0,0,0,0,0,0,0,0,0,0
"k__Bacteria|p__Proteobacteria|c__Gammaproteobacteria|o__Enterobacterales|f__Enterobacteriaceae|g__Citrobacter|s__Citrobacter_youngae",0,0,0,0,0,0,0,0,0,0,0,0,0,0,0,0,0,0,0,0,0,0,0,0,0,0,0,0,0,0,0,0,0,0,0,0,0.03538,0,0,0,0,0,0,0,0,0.00357,0,0,0,0,0,0,0,0,0,0,0,0,0,0,0,0,0,0,0,0,0,0,0,0,0,0,0,0,0,0,0,0,0,0,0,0,0,0,0,0,0,0,0,0,0,0,0,0,0,0,0,0,0,0,0,0,0,0,0,0,0,0,0,0,0,0,0,0,0,0,0,0,0,0,0,0,0,0,0,0,0,0,0,0,0,0,0,0,0,0,0,0,0,0,0,0,0,0,0,0,0
"k__Bacteria|p__Proteobacteria|c__Gammaproteobacteria|o__Enterobacterales|f__Enterobacteriaceae|g__Klebsiella|s__Klebsiella_quasipneumoniae",0,0,0,0,0,0,0,0,0,0,0,0,0,0,0,0,0,0,0,0,0,0,0,0,0,0,0,0,0,0,0,0,0,0,0,0,0.00594,0,0,0,0,0,0,0,0,0,0,0,0,0,0,0.00933,0,0,0,0,0,0,0,0,0,0.01131,0,0,0,0,0,0,0,0,0,0,0,0,0,0,0,0,0,0,0,0,0,0,0,0,0,0,0.00211,0,0,0,0,0,0,0,0,0,0,0,0,0,0,0,0,0,0,0,0,0,0,0,0,0,0,0,0,0,0.04026,0,0,0,0,0,0,0,0,0,0,0,0,0,0,0,0,0,0,0,0,0,0,0,0,0,0,0,0
"k__Bacteria|p__Firmicutes|c__Clostridia|o__Clostridiales|f__Clostridiaceae|g__Clostridium|s__Clostridium_sp_7_2_43FAA",0,0,0,0,0,0,0,0,0,0,0,0,0,0,0,0,0,0,0,0,0,0,0,0,0,0,0,0,0,0,0,0,0,0,0,0,4e-04,0,0,0,0,0,0,0,0,0,0,0,0,0,0,0,0,0,0,0,0,0,0,0,0,0,0,0,0,0,0,0,0,0,0,0,0,0,0,0,0,0,0,0,0,0,0,0,0,0,0,0,0,0,0,0,0,0,0,0,0,0,0,0,0,0,0,0,0,0,0,0,0,0,0,0,0,0,0,0,0,0,0,0,0,0,0,0,0,0,0,0,0,0,0,0,0,0,0,0,0,0,0,0,0,0,0,0,0,0,0
"k__Bacteria|p__Firmicutes|c__Bacilli|o__Bacillales|f__Staphylococcaceae|g__Staphylococcus|s__Staphylococcus_pseudintermedius",0,0,0,0,0,0,0,0,0,0,0,0,0,0,0,0,0,0,0,0,0,0,0,0,0,0,0,0,0,0,0,0,0,0,0,0,0,0,0,0,0,0,0,0,0,0,0,0,0,0,0,0,0,0,0,0,0,0,0,0,0,0,0,0,0,0,0,0,0,0,0,0,0,0,0,0,0,0,0,0,0,0,0,0,0,0,0,0,0,0,0,0,0,0,0,0,0,0,0,0,0,0,0,0,0,0,0,0,0,0,0,0,0,0,0,0,0,0,0,0,0,0,0,0,0,0,0,0,0,0,0,0,0,0,0,0,0,0,0,0,0,0,0,0,0,0,0
"k__Bacteria|p__Proteobacteria|c__Hydrogenophilalia|o__Hydrogenophilales|f__Hydrogenophilaceae|g__Tepidiphilus|s__Tepidiphilus_thermophilus",0,0,0,0,0,0,0,0,0,0,0,0,0,0,0,0,0,0,0,0,0,0,0,0,0,0,0,0,0,0,0,0,0,0,0,0,0,0,0,0,0,0,0,0,0,0,0,0,0,0,0,0,0,0,0,0,0,0,0,0,0,0,0,0,0,0,0,0,0,0,0,0,0,0,0,0,0,0,0,0,0,0,0,0,0,0,0,0,0,0,0,0,0,0,0,0,0,0,0,0,0,0,0,0,0,0,0,0,0,0,0,0,0,0,0,0,0,0,0,0,0,0,0,0,0,0,0,0,0,0,0,0,0,0,0,0,0,0,0,0,0,0,0,0,0,0,0
"k__Bacteria|p__Fusobacteria|c__Fusobacteriia|o__Fusobacteriales|f__Fusobacteriaceae|g__Fusobacterium|s__Fusobacterium_necrophorum",0,0,0,0,0,0,0,0,0,0,0,0,0,0,0,0,0,0,0,0,0,0,0,0,0,0,0,0,0,0,0,0,0,0,0,0,0,0,0,0,0,0,0,0,0,0,0,0,0,0,0,0,0,0,0,0,0,0,0,0,0,0,0,0,0,0,0,0,0,0,0,0,0,0,0,0,0,0,0,0,0,0,0,0,0,0,0,0,0,0,0,0,0,0,0,0,0,0,0,0,0,0,0,0,0,0,0,0,0,0,0,0,0,0,0,0,0,0,0,0,0,0,0,0,0,0,0,0,0,0,0,0,0,0,0,0,0,0,0,0,0,0,0,0,0,0,0
"k__Bacteria|p__Spirochaetes|c__Spirochaetia|o__Brachyspirales|f__Brachyspiraceae|g__Brachyspira|s__Brachyspira_sp_CAG_700",0,0,0,0,0,0,0,0,0,0,0,0,0,0,0,0,0,0,0,0,0,0,0,0,0,0,0,0,0,0,0,0,0,0,0,0,0,0,0.78405,0,0,0,0,0,0,0,0,0,0,0,0,0,0,0,0,0,0,0,0,0,0,0,0,0,0,0,0,0,0,0,0,0,0,0,0,0,0,0,0,0,0,0,0,0,0,0,0,0,0,0,0,0,0,0,0,0,0,0,0,0,0,0,0,0,0,0,0,0,0,0,0,0,0,0,0,0,0,0,0,0,0,0,0,0,0,0,0,0,0,0,0,0.53063,0,0,0,0,0,0,0,0,0,0,0,0,0,0,0
"k__Bacteria|p__Bacteroidetes|c__Flavobacteriia|o__Flavobacteriales|f__Flavobacteriaceae|g__Elizabethkingia|s__Elizabethkingia_miricola",0,0,0,0,0,0,0,0,0,0,0,0,0,0,0,0,0,0,0,0,0,0,0,0,0,0,0,0,0,0,0,0,0,0,0,0,0,0,0,0,0,0,0,0,0,0,0,0,0,0,0,0,0,0,0,0,0,0,0,0,0,0,0,0,0,0,0,0,0,0,0,0,0,0,0,0,0,0,0,0,0,0,0,0,0,0,0,0,0,0,0,0,0,0,0,0,0,0,0,0,0,0,0,0,0,0,0,0,0,0,0,0,0,0,0,0,0,0,0,0,0,0,0,0,0,0,0,0,0,0,0,0,0,0,0,0,0,0,0,0,0,0,0,0,0,0,0
"k__Bacteria|p__Bacteroidetes|c__Bacteroidia|o__Bacteroidales|f__Tannerellaceae|g__Parabacteroides|s__Parabacteroides_gordonii",0,0,0,0,0,0,0,0,0,0,0,0,0,0,0,0,0,0,0,0,0,0,0,0,0,0,0,0,0,0,0,0,0,0,0,0,0,0,0,0,0,0,0,0.15441,0,0,0,0,0,0,0,0,0,0,0,0,0,0,0,0,0,0,0,0,0,0,0,0,0,0,0,0,0.0836,0,0,0,0,0,0,0,0,0,0,0,0,0,0,0,0,0,0,0,0,0,0,0.00073,0,0,0,0,0,0,0,0,0,0,0,0,0,0,0,0,0,0,0,0,0,0,0,0,0,0,0,0,0,0,0,0,0,0,0,0,0,0,0,0,0,0,0,0,0,0,0,0,0,0,0
"k__Bacteria|p__Firmicutes|c__Negativicutes|o__Acidaminococcales|f__Acidaminococcaceae|g__Phascolarctobacterium|s__Phascolarctobacterium_sp_CAG_266",0,0,0,0,0,0,0,0,0,0,0,0,0,0,0,0,0,0,0,0,0,0,0,0,0,0,0,0,0,0,0,0,0,0,0,0,0,0,0,0,0,0,0,0,0.11325,0,0,0,0,0,0,0,0,0,0.12103,0,0,0,0,0,0,0,0,0,0,0,0,0,0,0,0,0,0,0,0,0.80174,0,0,0,0,0,0,0,0,0,0,0,0,0,0,0,0,0,0,0,0,0,0,0,0,0,0,0,0,0,0,0,0,0.32526,0,0,0,0.39947,0,0,0,0,0,0,0,0,0,0,0,0,0,0,0,0,0,0,0,0,0,0,0,0,0,0,0,0,0,0,0,0,0,0
"k__Bacteria|p__Actinobacteria|c__Actinobacteria|o__Corynebacteriales|f__Corynebacteriaceae|g__Corynebacterium|s__Corynebacterium_kefirresidentii",0,0,0,0,0,0,0,0,0,0,0,0,0,0,0,0,0,0,0,0,0,0,0,0,0,0,0,0,0,0,0,0,0,0,0,0,0,0,0,0,0,0,0,0,0,0,0,0,0,0,0,0,0,0,0,0,0,0,0,0,0,0,0,0,0,0,0,0,0,0,0,0,0,0,0,0,0,0,0,0,0,0,0,0,0,0,0,0,0,0,0,0,0,0,0,0,0,0,0,0,0,0,0,0,0,0,0,0,0,0,0,0,0,0,0,0,0,0,0,0,0,0,0,0,0,0,0,0,0,0,0,0,0,0,0,0,0,0,0,0,0,0,0,0,0,0,0
"k__Bacteria|p__Firmicutes|c__Clostridia|o__Clostridiales|f__Ruminococcaceae|g__Anaerotruncus|s__Anaerotruncus_sp_CAG_528",0,0,0,0,0,0,0,0,0,0,0,0,0,0,0,0,0,0,0,0,0,0,0,0,0,0,0,0,0,0,0,0,0,0,0,0,0,0,0,0,0,0,0,0,0,18.75581,0,0,0,0,0,0,0,0,0,0,0,0,0,0,0,0,0,0,0,0,0,0,0,0,0,0,0,0,0,0,0,0,0,0,0,0,0,0,0,0,0,0,0,0,0,0,0,0,0,0,0,0,0,0,0,0,0,0,0,0,0,0,0,0,0,0,0,0,0,0,0,0,0,0,0,0,0,0,0,0,0,0,0,0,0,0,0,0,0,0,0,0,0,0,0,0,0,0,0,0,0
"k__Bacteria|p__Firmicutes|c__Bacilli|o__Lactobacillales|f__Enterococcaceae|g__Enterococcus|s__Enterococcus_faecalis",0,0,0,0,0,0,0,0,0,0,0,0,0,0,0,0,0,0,0,0,0,0,0,0,0,0,0,0,0,0,0,0,0,0,0,0,0,0,0,0,0,0,0,0,0,0.12116,0,0,0,0,0,0,0,0,0,0,0,0,0,0,0,0,0,0,0,0,0,0,0,0,0,0,0,0,0,0,0,0,0,0,0,0,0,0,0,0,0,0,0,0,0,0,0,0,0,0,0,0,0,0,0,0,0,0,0,0,0,0,0,0,0,0,0,0,0,0,0,0,0,0,0,0,0,0,0,0,0,0,0,0,0,0,0,0,0,0,0,0,0,0,0,0,0,0,0,0,0
"k__Bacteria|p__Proteobacteria|c__Gammaproteobacteria|o__Enterobacterales|f__Enterobacteriaceae|g__Citrobacter|s__Citrobacter_europaeus",0,0,0,0,0,0,0,0,0,0,0,0,0,0,0,0,0,0,0,0,0,0,0,0,0,0,0,0,0,0,0,0,0,0,0,0,0,0,0,0,0,0,0,0,0,0.03413,0,0,0,0,0,0,0,0,0,0,0,0,0,0,0,0,0,0,0,0,0,0,0,0,0,0,0,0,0,0,0,0,0,0,0,0,0,0,0,0,0,0,0,0,0,0,0,0,0,0,0,0,0,0,0,0,0,0,0,0,0,0,0,0,0,0,0,0,0,0,0,0,0,0,0,0,0,0,0,0,0,0,0,0,0,0,0,0,0,0,0,0,0,0,0,0,0,0,0,0,0
"k__Bacteria|p__Firmicutes|c__Clostridia|o__Clostridiales|f__Lachnospiraceae|g__Lachnoclostridium|s__Lachnoclostridium_sp_An118",0,0,0,0,0,0,0,0,0,0,0,0,0,0,0,0,0,0,0,0,0,0,0,0,0,0,0,0,0,0,0,0,0,0,0,0,0,0,0,0,0,0,0,0,0,0.01652,0,0,0,0,0,0,0,0,0,0,0,0,0,0,0,0,0,0,0,0,0,0,0,0,0,0,0,0,0,0,0,0,0,0,0,0,0,0,0,0,0,0,0,0,0,0,0,0,0,0,0,0,0,0,0,0,0,0,0,0,0,0,0,0,0,0,0,0,0,0,0,0,0,0,0,0,0,0,0,0,0,0,0,0,0,0,0,0,0,0,0,0,0,0,0,0,0,0,0,0,0
"k__Bacteria|p__Firmicutes|c__Bacilli|o__Lactobacillales|f__Enterococcaceae|g__Enterococcus|s__Enterococcus_gallinarum",0,0,0,0,0,0,0,0,0,0,0,0,0,0,0,0,0,0,0,0,0,0,0,0,0,0,0,0,0,0,0,0,0,0,0,0,0,0,0,0,0,0,0,0,0,0.00145,0,0,0,0,0,0,0,0,0,0,0,0,0,0,0,0,0,0,0,0,0,0,0,0,0,0,0,0,0,0,0,0,0,0,0,0,0,0,0,0,0,0,0,0,0,0,0,0,0,0,0,0,0,0,0,0,0,0,0,0,0,0,0,0,0,0,0,0,0,0,0,0,0,0,0,0,0,0,0,0,0,0,0,0,0,0,0,0,0,0,0,0,0,0,0,0,0,0,0,0,0
"k__Bacteria|p__Proteobacteria|c__Gammaproteobacteria|o__Enterobacterales|f__Enterobacteriaceae|g__Klebsiella|s__Klebsiella_oxytoca",0,0,0,0,0,0,0,0,0,0,0,0,0,0,0,0,0,0,0,0,0,0,0,0,0,0,0,0,0,0,0,0,0,0,0,0,0,0,0,0,0,0,0,0,0,0,0,0,0,0,0,0,0,0,0,0,0,0,0,0,0,0,0,0,0,0,0,0,0,0,0,0,0,0,0,0,0,0,0,0,0,0,0,0,0,0,0,0,0,0,0,0,0,0,0,0,0,0,0,0,0,0,0,0,0,0,0,0,0,0,0,0,0,0,0,0,0,0,0,0,0,0,0,0,0,0,0,0,0,0,0,0,0,0,0,0,0,0,0,0,0,0,0,0,0,0,0
"k__Bacteria|p__Firmicutes|c__Negativicutes|o__Veillonellales|f__Veillonellaceae|g__Negativicoccus|s__Negativicoccus_succinicivorans",0,0,0,0,0,0,0,0,0,0,0,0,0,0,0,0,0,0,0,0,0,0,0,0,0,0,0,0,0,0,0,0,0,0,0,0,0,0,0,0,0,0,0,0,0,0,0,0,0,0,0,0,0,0,0,0,0,0,0,0,0,0,0,0,0,0,0,0,0,0,0,0,0,0,0,0,0,0,0,0,0,0,0,0,0.01158,0,0,0,0,0,0,0,0,0,0,0,0,0,0,0,0,0,0,0,0,0,0,0,0,0,0,0,0,0,0,0,0,0,0,0,0,0,0,0,0,0,0,0,0,0,0,0,0,0,0,0,0,0,0,0,0,0,0,0,0,0,0
"k__Bacteria|p__Proteobacteria|c__Betaproteobacteria|o__Neisseriales|f__Neisseriaceae|g__Kingella|s__Kingella_potus",0,0,0,0,0,0,0,0,0,0,0,0,0,0,0,0,0,0,0,0,0,0,0,0,0,0,0,0,0,0,0,0,0,0,0,0,0,0,0,0,0,0,0,0,0,0,0,0,0,0,0,0,0,0,0,0,0,0,0,0,0,0,0,0,0,0,0,0,0,0,0,0,0,0,0,0,0,0,0,0,0,0,0,0,0,0,0,0,0,0,0,0,0,0,0,0,0,0,0,0,0,0,0,0,0,0,0,0,0,0,0,0,0,0,0,0,0,0,0,0,0,0,0,0,0,0,0,0,0,0,0,0,0,0,0,0,0,0,0,0,0,0,0,0,0,0,0
"k__Bacteria|p__Actinobacteria|c__Actinobacteria|o__Corynebacteriales|f__Corynebacteriaceae|g__Corynebacterium|s__Corynebacterium_singulare",0,0,0,0,0,0,0,0,0,0,0,0,0,0,0,0,0,0,0,0,0,0,0,0,0,0,0,0,0,0,0,0,0,0,0,0,0,0,0,0,0,0,0,0,0,0,0,0,0,0,0,0,0,0,0,0,0,0,0,0,0,0,0,0,0,0,0,0,0,0,0,0,0,0,0,0,0,0,0,0,0,0,0,0,0,0,0,0,0,0,0,0,0,0,0,0,0,0,0,0,0,0,0,0,0,0,0,0,0,0,0,0,0,0,0,0,0,0,0,0,0,0,0,0,0,0,0,0,0,0,0,0,0,0,0,0,0,0,0,0,0,0,0,0,0,0,0
"k__Bacteria|p__Bacteroidetes|c__Bacteroidia|o__Bacteroidales|f__Bacteroidaceae|g__Bacteroides|s__Bacteroides_sp_OM05_12",0,0,0,0,0,0,0,0,0,0,0,0,0,0,0,0,0,0,0,0,0,0,0,0,0,0,0,0,0,0,0,0,0,0,0,0,0,0,0,0,0,0,0,0,0,0,0,0,0.19825,0,0,0,0,0,0,0,0,0,0,0,0,0,0,0,0,0,0,0,0,0,0,0,0,0,0,0,0,0,0,0,0,0,0,0,0,0,0,0,0,0,0,0,0,0,0,0,0,0,0,0.65505,0,0,0,0,0,0,0,0,0,0,0,0,0,0,0,0,0,0,0,0,0,0,0,0,0,0,0,0,0,0,0,0,0,0,0,0,0,0,0,0,0,0,0,0,0,0,0
"k__Bacteria|p__Actinobacteria|c__Actinobacteria|o__Bifidobacteriales|f__Bifidobacteriaceae|g__Bifidobacterium|s__Bifidobacterium_animalis",0,0,0,0,0,0,0,0,0,0,0,0,0,0,0,0,0,0,0,0,0,0,0,0,0,0,0,0,0,0,0,0,0,0,0,0,0,0,0,0,0,0,0,0,0,0,0,0,0,0,0.00303,0,0,0,0,0,0,0,0,0,0,0,0,0,0,0,0,0,0,0,0,0,0,0,0,0,0,0.04442,0,0,0,0,0,0,0,0,0,0,0,0,0,0,0,0,0,0,0,0,0,0,0,0,0,0,0,0,0,0,0,0,0,0,0,0,0,0,0,0,0,0,0,0,0,0,0,0,0,0,0,0,0,0,0,0,0,0,0,0,0,0,0,0,0,0,0,0,0
"k__Bacteria|p__Proteobacteria|c__Gammaproteobacteria|o__Xanthomonadales|f__Xanthomonadaceae|g__Stenotrophomonas|s__Stenotrophomonas_maltophilia",0,0,0,0,0,0,0,0,0,0,0,0,0,0,0,0,0,0,0,0,0,0,0,0,0,0,0,0,0,0,0,0,0,0,0,0,0,0,0,0,0,0,0,0,0,0,0,0,0,0,0,0,0,0,0,0,0,0,0,0,0,0,0,0,0,0,0,0,0,0,0,0,0,0,0,0,0,0,0,0,0,0,0,0,0,0,0,0,0,0,0,0,0,0,0,0,0,0,0,0,0,0,0,0,0,0,0,0,0,0,0,0,0,0,0,0,0,0,0,0,0,0,0,0,0,0,0,0,0,0,0,0,0,0,0,0,0,0,0,0,0,0,0,0,0,0,0
"k__Bacteria|p__Firmicutes|c__Bacilli|o__Bacillales|f__Staphylococcaceae|g__Staphylococcus|s__Staphylococcus_saprophyticus",0,0,0,0,0,0,0,0,0,0,0,0,0,0,0,0,0,0,0,0,0,0,0,0,0,0,0,0,0,0,0,0,0,0,0,0,0,0,0,0,0,0,0,0,0,0,0,0,0,0,0,0,0,0,0,0,0,0,0,0,0,0,0,0,0,0,0,0,0,0,0,0,0,0,0,0,0,0,0,0,0,0,0,0,0,0,0,0,0,0,0,0,0,0,0,0,0,0,0,0,0,0,0,0,0,0,0,0,0,0,0,0,0,0,0,0,0,0,0,0,0,0,0,0,0,0,0,0,0,0,0,0,0,0,0,0,0,0,0,0,0,0,0,0,0,0,0
"k__Bacteria|p__Bacteroidetes|c__Bacteroidia|o__Bacteroidales|f__Bacteroidaceae|g__Bacteroides|s__Bacteroides_sp_D2",0,0,0,0,0,0,0,0,0,0,0,0,0,0,0,0,0,0,0,0,0,0,0,0,0,0,0,0,0,0,0,0,0,0,0,0,0,0,0,0,0,0,0,0,0,0,0,0,0,0,0,0,0.00304,0,0,0,0,0,0,0,0.00251,0,0,0,0,0,0,0,0,0,0,0,0,0,0,0,0,0,0,0,0,0,0,0,0,0,0,0,0,0,0,0.02498,0,0,0,0,0,0,0,0,0,0,0.01486,0,0,0,0,0,0,0,0,0,0,0,0,0,0,0,0,0,0,0,0,0,0,0,0,0,0,0,0,0,0,0,0,0,0,0,0,0,0,0,0,0,0,0,0
"k__Bacteria|p__Firmicutes|c__Clostridia|o__Clostridiales|f__Eubacteriaceae|g__Eubacterium|s__Eubacterium_coprostanoligenes",0,0,0,0,0,0,0,0,0,0,0,0,0,0,0,0,0,0,0,0,0,0,0,0,0,0,0,0,0,0,0,0,0,0,0,0,0,0,0,0,0,0,0,0,0,0,0,0,0,0,0,0,0,0.08088,0,0,0,0,0,0,0,0,0,0,0,0,0,0,0,0,0,0,0,0,0,0,0,0,0,0,0,0,0,0,0,0,0,0,0,0,0,0,0,0,0,0,0,0,0,0,0,0,0,0,0,0,0,0,0,0,0,0,0,0,0,0,0,0,0,0,0,0,0,0,0,0,0,0,0,0,0,0,0,0,0,0,0,0,0,0,0,0,0,0,0,0.00726,0
"k__Bacteria|p__Proteobacteria|c__Gammaproteobacteria|o__Aeromonadales|f__Succinivibrionaceae|g__Anaerobiospirillum|s__Anaerobiospirillum_thomasii",0,0,0,0,0,0,0,0,0,0,0,0,0,0,0,0,0,0,0,0,0,0,0,0,0,0,0,0,0,0,0,0,0,0,0,0,0,0,0,0,0,0,0,0,0,0,0,0,0,0,0,0,0,0.01014,0,0,0,0,0,0,0,0,0,0,0,0,0,0,0,0,0,0,0,0,0,0,0,0,0,0,0,0,0,0,0,0,0,0,0,0,0,0,0,0,0,0,0,0,0,0,0,0,0,0,0,0,0,0,0,0,0,0,0,0,0,0,0,0,0,0,0,0,0,0,0,0,0,0,0,0,0,0,0,0,0,0,0,0,0,0,0,0,0,0,0,0,0
"k__Bacteria|p__Fusobacteria|c__Fusobacteriia|o__Fusobacteriales|f__Fusobacteriaceae|g__Fusobacterium|s__Fusobacterium_mortiferum",0,0,0,0,0,0,0,0,0,0,0,0,0,0,0,0,0,0,0,0,0,0,0,0,0,0,0,0,0,0,0,0,0,0,0,0,0,0,0,0,0,0,0,0,0,0,0,0,0,0,0,0,0,0,0.42399,0,0,0,0,0,0,0,0,0,0,0,0,0,0,0,0,0,0,0,0,0,0,0,0,0,0,0,0,0,0,0,0,0,0,0,0,0,0,0,0,0,0,0,0,0,0,0,0,0,0,0,0,0,0,0,0,0,0,0,0,0,0,0,0,0,0,0,0,0,0,0,0,0,0,0,0,0,0,0,0,0,0,0,0,0,0,0,0,0,0,0,0
"k__Bacteria|p__Proteobacteria|c__Epsilonproteobacteria|o__Campylobacterales|f__Helicobacteraceae|g__Helicobacter|s__Helicobacter_pylori",0,0,0,0,0,0,0,0,0,0,0,0,0,0,0,0,0,0,0,0,0,0,0,0,0,0,0,0,0,0,0,0,0,0,0,0,0,0,0,0,0,0,0,0,0,0,0,0,0,0,0,0,0,0,0.00191,0.00943,0,0,0,0,0,0,0,0,0,0,0,0,0,0,0,0,0,0,0,0,0,0,0,0,0,0,0,0,0,0,0,0,0,0,0,0,0,0,0,0,0,0,0,0,0,0,0,0,0,0,0,0,0,0,0,0,0,0,0,0,0,0,0,0,0,0,0,0,0,0,0,0,0,0,0,0,0,0,0,0,0,0,0,0,0,0,0,0,0,0,0
"k__Bacteria|p__Firmicutes|c__Clostridia|o__Clostridiales|f__Peptostreptococcaceae|g__Peptostreptococcaceae_unclassified|s__Clostridium_hiranonis",0,0,0,0,0,0,0,0,0,0,0,0,0,0,0,0,0,0,0,0,0,0,0,0,0,0,0,0,0,0,0,0,0,0,0,0,0,0,0,0,0,0,0,0,0,0,0,0,0,0,0,0,0,0,0.00028,0,0,0,0,0,0,0,0,0,0,0,0,0,0,0,0,0,0,0,0,0,0,0,0,0,0,0,0,0,0,0,0,0,0,0,0,0,0,0,0,0,0,0,0,0,0,0,0,0,0,0,0,0,0,0,0,0,0,0,0,0,0,0,0,0,0,0,0,0,0,0,0,0,0,0,0,0,0,0,0,0,0,0,0,0,0,0,0,0,0,0,0
"k__Bacteria|p__Firmicutes|c__Negativicutes|o__Veillonellales|f__Veillonellaceae|g__Veillonella|s__Veillonella_denticariosi",0,0,0,0,0,0,0,0,0,0,0,0,0,0,0,0,0,0,0,0,0,0,0,0,0,0,0,0,0,0,0,0,0,0,0,0,0,0,0,0,0,0,0,0,0,0,0,0,0,0,0,0,0,0,0,0,0,0,0,0,0,0,0,0,0,0,0,0,0,0,0,0,0,0,0,0,0,0,0,0,0,0,0,0,0,0,0,0,0,0,0,0,0,0,0,0,0,0,0,0,0,0,0,0,0,0,0,0,0,0,0,0,0,0,0,0,0,0,0,0,0,0,0,0,0,0,0,0,0,0,0,0,0,0,0,0,0,0,0,0,0,0,0,0,0,0,0
"k__Bacteria|p__Firmicutes|c__Clostridia|o__Clostridiales|f__Peptostreptococcaceae|g__Peptostreptococcus|s__Peptostreptococcus_anaerobius",0,0,0,0,0,0,0,0,0,0,0,0,0,0,0,0,0,0,0,0,0,0,0,0,0,0,0,0,0,0,0,0,0,0,0,0,0,0,0,0,0,0,0,0,0,0,0,0,0,0,0,0,0,0,0,0,0,0,0,0,0,0,0,0,0,0,0,0,0,0,0,0,0,0,0,0,0,0,0,0,0,0,0,0,0,0,0,0,0,0,0,0,0,0,0,0,0,0,0,0,0,0,0,0,0,0,0,0,0,0,0,0,0,0,0,0,0,0,0,0,0,0,0,0,0,0,0,0,0,0,0,0,0,0,0,0,0,0,0,0,0,0,0,0,0,0,0
"k__Bacteria|p__Firmicutes|c__Clostridia|o__Clostridiales|f__Peptostreptococcaceae|g__Peptostreptococcus|s__Peptostreptococcus_sp_MV1",0,0,0,0,0,0,0,0,0,0,0,0,0,0,0,0,0,0,0,0,0,0,0,0,0,0,0,0,0,0,0,0,0,0,0,0,0,0,0,0,0,0,0,0,0,0,0,0,0,0,0,0,0,0,0,0,0,0,0,0,0,0,0,0,0,0,0,0,0,0,0,0,0,0,0,0,0,0,0,0,0,0,0,0,0,0,0,0,0,0,0,0,0,0,0,0,0,0,0,0,0,0,0,0,0,0,0,0,0,0,0,0,0,0,0,0,0,0,0,0,0,0,0,0,0,0,0,0,0,0,0,0,0,0,0,0,0,0,0,0,0,0,0,0,0,0,0
"k__Bacteria|p__Firmicutes|c__Clostridia|o__Clostridiales|f__Peptostreptococcaceae|g__Criibacterium|s__Criibacterium_bergeronii",0,0,0,0,0,0,0,0,0,0,0,0,0,0,0,0,0,0,0,0,0,0,0,0,0,0,0,0,0,0,0,0,0,0,0,0,0,0,0,0,0,0,0,0,0,0,0,0,0,0,0,0,0,0,0,0,0,0,0,0,0,0,0,0,0,0,0,0,0,0,0,0,0,0,0,0,0,0,0,0,0,0,0,0,0,0,0,0,0,0,0,0,0,0,0,0,0,0,0,0,0,0,0,0,0,0,0,0,0,0,0,0,0,0,0,0,0,0,0,0,0,0,0,0,0,0,0,0,0,0,0,0,0,0,0,0,0,0,0,0,0,0,0,0,0,0,0
"k__Bacteria|p__Firmicutes|c__Clostridia|o__Clostridiales|f__Lachnospiraceae|g__Blautia|s__Blautia_coccoides",0,0,0,0,0,0,0,0,0,0,0,0,0,0,0,0,0,0,0,0,0,0,0,0,0,0,0,0,0,0,0,0,0,0,0,0,0,0,0,0,0,0,0,0,0,0,0,0,0,0,0,0,0,0,0,0.00863,0,0,0,0,0,0,0,0,0,0,0,0,0,0,0,0,0,0,0,0,0,0,0,0,0,0,0,0,0,0,0,0,0,0,0,0,0,0,0,0,0.00036,0,0,0,0,0,0,0,0,0,0,0,0,0,0,0,0,0,0,0,0,0,0,0,0,0,0,0,0,0,0,0,0.00152,0,0,0,0,0,0,0,0,0,0,0,0,0,0,0,0,0,0
"k__Bacteria|p__Firmicutes|c__Tissierellia|o__Tissierellales|f__Peptoniphilaceae|g__Anaerococcus|s__Anaerococcus_vaginalis",0,0,0,0,0,0,0,0,0,0,0,0,0,0,0,0,0,0,0,0,0,0,0,0,0,0,0,0,0,0,0,0,0,0,0,0,0,0,0,0,0,0,0,0,0,0,0,0,0,0,0,0,0,0,0,0.00425,0,0,0,0,0,0,0,0,0,0,0,0,0,0,0,0,0,0,0,0,0,0,0,0,0,0,0,0,0.03948,0,0,0,0,0,0,0,0,0,0,0,0,0,0,0,0,0,0,0,0,0,0,0,0,0,0,0,0,0,0,0,0,0,0,0,0,0,0,0,0,0,0,0,0,0,0,0,0,0,0,0,0,0,0,0,0,0,0,0,0,0,0
"k__Bacteria|p__Actinobacteria|c__Actinobacteria|o__Bifidobacteriales|f__Bifidobacteriaceae|g__Bifidobacterium|s__Bifidobacterium_dentium",0,0,0,0,0,0,0,0,0,0,0,0,0,0,0,0,0,0,0,0,0,0,0,0,0,0,0,0,0,0,0,0,0,0,0,0,0,0,0,0,0,0,0,0,0,0,0,0,0,0,0,0,0,0,0,0,0,0.00449,0,0,0,0,0,0,0,0,0,0,0,0,0,0,0,0,0,0,0.00102,0,0,0,0,0,0,0,0,0,0,0,0,0,0,0,0,0,0,0,0,0,0,0,0,0,0,0,0,0,0,0,0,0,0,0,0,0,0,0,0,0,0,0,0,0,0,0,0,0,0,0,0,0,0,0,0.00496,0,0,0,0,0,0,0,0,0,0,0,0,0,0
"k__Bacteria|p__Firmicutes|c__Bacilli|o__Lactobacillales|f__Lactobacillaceae|g__Lactobacillus|s__Lactobacillus_delbrueckii",0,0,0,0,0,0,0,0,0,0,0,0,0,0,0,0,0,0,0,0,0,0,0,0,0,0,0,0,0,0,0,0,0,0,0,0,0,0,0,0,0,0,0,0,0,0,0,0,0,0,0,0,0,0,0,0,0,0,0,0,0,0.00726,0,0,0,0,0,0,0,0,0,0,0,0,0,0,0,0,0,0,0,0,0,0,0,0,0,0,0,0,0,0,0,0,0,0,0,0,0,0,0,0,0,0,0,0,0,0,0,0,0,0,0,0,0,0,0,0,0,0,0,0,0,0,0,0,0,0,0,0,0,0,0,0,0,0,0,0,0,0,0,0,0,0,0,0,0
"k__Eukaryota|p__Eukaryota_unclassified|c__Eukaryota_unclassified|o__Eukaryota_unclassified|f__Eukaryota_unclassified|g__Blastocystis|s__Blastocystis_sp_subtype_1",0,0,0,0,0,0,0,0,0,0,0,0,0,0,0,0,0,0,0,0,0,0,0,0,0,0,0,0,0,0,0,0,0,0,0,0,0,0,0,0,0,0,0,0,0,0,0,0,0,0,0,0,0,0,0,0,0,0.17437,0,0,0,0,0,0,0,0,0,0,0,0,0,0,0,0,0,0,0,0,0,0,0,0,0,0,0,0,0,0,0,0,0,0,0,0,0,0,0,0,0,0,0,0,0,0,0,0,0,0,0,0,0,0,0,0,0,0,0,0,0,0,0,0,0,0,0,0,0,0,0,0,0,0,0,0,0,0,0,0,0,0,0,0,0,0,0,0,0
"k__Bacteria|p__Firmicutes|c__Bacilli|o__Bacillales|f__Staphylococcaceae|g__Staphylococcus|s__Staphylococcus_hominis",0,0,0,0,0,0,0,0,0,0,0,0,0,0,0,0,0,0,0,0,0,0,0,0,0,0,0,0,0,0,0,0,0,0,0,0,0,0,0,0,0,0,0,0,0,0,0,0,0,0,0,0,0,0,0,0,0,0,0,0,0,0,0,0,0,0,0,0,0,0,0,0,0,0,0,0,0,0,0,0,0,0,0,0,0,0,0,0,0,0,0,0,0,0,0,0,0,0,0,0,0,0,0,0,0,0,0,0,0,0,0,0,0,0,0,0,0,0,0,0,0,0,0,0,0,0,0,0,0,0,0,0,0,0,0,0,0,0,0,0,0,0,0,0,0,0,0
"k__Bacteria|p__Actinobacteria|c__Actinobacteria|o__Corynebacteriales|f__Corynebacteriaceae|g__Corynebacterium|s__Corynebacterium_amycolatum",0,0,0,0,0,0,0,0,0,0,0,0,0,0,0,0,0,0,0,0,0,0,0,0,0,0,0,0,0,0,0,0,0,0,0,0,0,0,0,0,0,0,0,0,0,0,0,0,0,0,0,0,0,0,0,0,0,0,0,0,0,0,0,0,0,0,0,0,0,0,0,0,0,0,0,0,0,0,0,0,0,0,0,0,0,0,0,0,0,0,0,0,0,0,0,0,0,0,0,0,0,0,0,0,0,0,0,0,0,0,0,0,0,0,0,0,0,0,0,0,0,0,0,0,0,0,0,0,0,0,0,0,0,0,0,0,0,0,0,0,0,0,0,0,0,0,0
"k__Bacteria|p__Firmicutes|c__Bacilli|o__Lactobacillales|f__Carnobacteriaceae|g__Agitococcus|s__Agitococcus_lubricus",0,0,0,0,0,0,0,0,0,0,0,0,0,0,0,0,0,0,0,0,0,0,0,0,0,0,0,0,0,0,0,0,0,0,0,0,0,0,0,0,0,0,0,0,0,0,0,0,0,0,0,0,0,0,0,0,0,0,0,0,0,0,0,0,0,0,0,0,0,0,0,0,0,0,0,0,0,0,0,0,0,0,0,0,0,0,0,0,0,0,0,0,0,0,0,0,0,0,0,0,0,0,0,0,0,0,0,0,0,0,0,0,0,0,0,0,0,0,0,0,0,0,0,0,0,0,0,0,0,0,0,0,0,0,0,0,0,0,0,0,0,0,0,0,0,0,0
"k__Bacteria|p__Firmicutes|c__Bacilli|o__Bacillales|f__Listeriaceae|g__Listeria|s__Listeria_monocytogenes",0,0,0,0,0,0,0,0,0,0,0,0,0,0,0,0,0,0,0,0,0,0,0,0,0,0,0,0,0,0,0,0,0,0,0,0,0,0,0,0,0,0,0,0,0,0,0,0,0,0,0,0,0,0,0,0,0,0,0,0,0,0,0,0,0,0,0,0,0,0,0,0,0,0,0,0,0,0,0,0,0,0,0,0,0,0,0,0,0,0,0,0,0,0,0,0,0,0,0,0,0,0,0,0,0,0,0,0,0,0,0,0,0,0,0,0,0,0,0,0,0,0,0,0,0,0,0,0,0,0,0,0,0,0,0,0,0,0,0,0,0,0,0,0,0,0,0
"k__Bacteria|p__Bacteroidetes|c__Bacteroidia|o__Bacteroidales|f__Bacteroidaceae|g__Bacteroides|s__Bacteroides_caecimuris",0,0,0,0,0,0,0,0,0,0,0,0,0,0,0,0,0,0,0,0,0,0,0,0,0,0,0,0,0,0,0,0,0,0,0,0,0,0,0,0,0,0,0,0,0,0,0,0,0,0,0,0,0,0,0,0,0,0,0,0,0,0,0,0.10411,0,0,0,0,0,0,0,0,0,0,0,0,0,0,0,0,0,0,0,0,0,0,0,0,0,0,0,0,0,0,0,0,0,0,0,0,0,0,0,0,0,0,0,0,0,0,0,0,0,0,0,0,0,0,0,0,0,0,0,0,0,0,0,0,0,0,0,0,0,0,0,0,0,0,0,0,0,0,0,0,0,0,0
"k__Bacteria|p__Proteobacteria|c__Gammaproteobacteria|o__Pseudomonadales|f__Moraxellaceae|g__Acinetobacter|s__Acinetobacter_junii",0,0,0,0,0,0,0,0,0,0,0,0,0,0,0,0,0,0,0,0,0,0,0,0,0,0,0,0,0,0,0,0,0,0,0,0,0,0,0,0,0,0,0,0,0,0,0,0,0,0,0,0,0,0,0,0,0,0,0,0,0,0,0,0,0,0,0,0,0,0,0,0,0,0,0,0,0,0,0,0,0,0,0,0,0,0,0,0,0,0,0,0,0,0,0,0,0,0,0,0,0,0,0,0,0,0,0,0,0,0,0,0,0,0,0,0,0,0,0,0,0,0,0,0,0,0,0,0,0,0,0,0,0,0,0,0,0,0,0,0,0,0,0,0,0,0,0
"k__Bacteria|p__Proteobacteria|c__Gammaproteobacteria|o__Pseudomonadales|f__Moraxellaceae|g__Acinetobacter|s__Acinetobacter_lwoffii",0,0,0,0,0,0,0,0,0,0,0,0,0,0,0,0,0,0,0,0,0,0,0,0,0,0,0,0,0,0,0,0,0,0,0,0,0,0,0,0,0,0,0,0,0,0,0,0,0,0,0,0,0,0,0,0,0,0,0,0,0,0,0,0,0,0,0,0,0,0,0,0,0,0,0,0,0,0,0,0,0,0,0,0,0,0,0,0,0,0,0,0,0,0,0,0,0,0,0,0,0,0,0,0,0,0,0,0,0,0,0,0,0,0,0,0,0,0,0,0,0,0,0,0,0,0,0,0,0,0,0,0,0,0,0,0,0,0,0,0,0,0,0,0,0,0,0
"k__Bacteria|p__Actinobacteria|c__Actinobacteria|o__Micrococcales|f__Dermabacteraceae|g__Dermabacter|s__Dermabacter_hominis",0,0,0,0,0,0,0,0,0,0,0,0,0,0,0,0,0,0,0,0,0,0,0,0,0,0,0,0,0,0,0,0,0,0,0,0,0,0,0,0,0,0,0,0,0,0,0,0,0,0,0,0,0,0,0,0,0,0,0,0,0,0,0,0,0,0,0,0,0,0,0,0,0,0,0,0,0,0,0,0,0,0,0,0,0,0,0,0,0,0,0,0,0,0,0,0,0,0,0,0,0,0,0,0,0,0,0,0,0,0,0,0,0,0,0,0,0,0,0,0,0,0,0,0,0,0,0,0,0,0,0,0,0,0,0,0,0,0,0,0,0,0,0,0,0,0,0
"k__Bacteria|p__Actinobacteria|c__Actinobacteria|o__Micrococcales|f__Micrococcaceae|g__Micrococcus|s__Micrococcus_lylae",0,0,0,0,0,0,0,0,0,0,0,0,0,0,0,0,0,0,0,0,0,0,0,0,0,0,0,0,0,0,0,0,0,0,0,0,0,0,0,0,0,0,0,0,0,0,0,0,0,0,0,0,0,0,0,0,0,0,0,0,0,0,0,0,0,0,0,0,0,0,0,0,0,0,0,0,0,0,0,0,0,0,0,0,0,0,0,0,0,0,0,0,0,0,0,0,0,0,0,0,0,0,0,0,0,0,0,0,0,0,0,0,0,0,0,0,0,0,0,0,0,0,0,0,0,0,0,0,0,0,0,0,0,0,0,0,0,0,0,0,0,0,0,0,0,0,0
"k__Bacteria|p__Actinobacteria|c__Actinobacteria|o__Corynebacteriales|f__Corynebacteriaceae|g__Corynebacterium|s__Corynebacterium_sp_HMSC08A12",0,0,0,0,0,0,0,0,0,0,0,0,0,0,0,0,0,0,0,0,0,0,0,0,0,0,0,0,0,0,0,0,0,0,0,0,0,0,0,0,0,0,0,0,0,0,0,0,0,0,0,0,0,0,0,0,0,0,0,0,0,0,0,0,0,0,0,0,0,0,0,0,0,0,0,0,0,0,0,0,0,0,0,0,0,0,0,0,0,0,0,0,0,0,0,0,0,0,0,0,0,0,0,0,0,0,0,0,0,0,0,0,0,0,0,0,0,0,0,0,0,0,0,0,0,0,0,0,0,0,0,0,0,0,0,0,0,0,0,0,0,0,0,0,0,0,0
"k__Bacteria|p__Actinobacteria|c__Actinobacteria|o__Corynebacteriales|f__Corynebacteriaceae|g__Corynebacterium|s__Corynebacterium_hadale",0,0,0,0,0,0,0,0,0,0,0,0,0,0,0,0,0,0,0,0,0,0,0,0,0,0,0,0,0,0,0,0,0,0,0,0,0,0,0,0,0,0,0,0,0,0,0,0,0,0,0,0,0,0,0,0,0,0,0,0,0,0,0,0,0,0,0,0,0,0,0,0,0,0,0,0,0,0,0,0,0,0,0,0,0,0,0,0,0,0,0,0,0,0,0,0,0,0,0,0,0,0,0,0,0,0,0,0,0,0,0,0,0,0,0,0,0,0,0,0,0,0,0,0,0,0,0,0,0,0,0,0,0,0,0,0,0,0,0,0,0,0,0,0,0,0,0
"k__Bacteria|p__Synergistetes|c__Synergistia|o__Synergistales|f__Synergistaceae|g__Pyramidobacter|s__Pyramidobacter_piscolens",0,0,0,0,0,0,0,0,0,0,0,0,0,0,0,0,0,0,0,0,0,0,0,0,0,0,0,0,0,0,0,0,0,0,0,0,0,0,0,0,0,0,0,0,0,0,0,0,0,0,0,0,0,0,0,0,0,0,0,0,0,0,0,0,0,0.00619,0,0,0,0,0,0,0,0,0,0,0,0,0,0,0,0,0,0,0,0,0,0,0,0,0,0,0,0,0,0,0,0,0,0,0,0,0,0,0,0.00389,0,0,0,0,0,0,0,0,0,0,0,0,0,0,0,0,0,0,0,0,0,0,0,0,0,0,0,0,0,0,0,0,0,0,0,0,0,0,0,0,0
"k__Bacteria|p__Actinobacteria|c__Actinobacteria|o__Corynebacteriales|f__Corynebacteriaceae|g__Corynebacterium|s__Corynebacterium_simulans",0,0,0,0,0,0,0,0,0,0,0,0,0,0,0,0,0,0,0,0,0,0,0,0,0,0,0,0,0,0,0,0,0,0,0,0,0,0,0,0,0,0,0,0,0,0,0,0,0,0,0,0,0,0,0,0,0,0,0,0,0,0,0,0,0,0,0,0,0,0,0,0,0,0,0,0,0,0,0,0,0,0,0,0,0,0,0,0,0,0,0,0,0,0,0,0,0,0,0,0,0,0,0,0,0,0,0,0,0,0,0,0,0,0,0,0,0,0,0,0,0,0,0,0,0,0,0,0,0,0,0,0,0,0,0,0,0,0,0,0,0,0,0,0,0,0,0
"k__Bacteria|p__Proteobacteria|c__Betaproteobacteria|o__Burkholderiales|f__Comamonadaceae|g__Comamonas|s__Comamonas_kerstersii",0,0,0,0,0,0,0,0,0,0,0,0,0,0,0,0,0,0,0,0,0,0,0,0,0,0,0,0,0,0,0,0,0,0,0,0,0,0,0,0,0,0,0,0,0,0,0,0,0,0,0,0,0,0,0,0,0,0,0,0,0,0,0,0,0,0,0,0,0,0.01464,0,0,0,0,0,0,0,0,0,0,0,0,0,0,0,0,0,0,0,0,0,0,0,0,0,0,0,0,0,0,0,0,0,0,0,0,0,0,0,0,0,0,0,0,0,0,0,0,0,0,0,0,0,0,0,0,0,0,0,0,0,0,0,0,0,0,0,0,0,0,0,0,0,0,0,0,0
"k__Bacteria|p__Actinobacteria|c__Actinobacteria|o__Bifidobacteriales|f__Bifidobacteriaceae|g__Bifidobacterium|s__Bifidobacterium_breve",0,0,0,0,0,0,0,0,0,0,0,0,0,0,0,0,0,0,0,0,0,0,0,0,0,0,0,0,0,0,0,0,0,0,0,0,0,0,0,0,0,0,0,0,0,0,0,0,0,0,0,0,0,0,0,0,0,0,0,0,0,0,0,0,0,0,0,0,0,0,0.08727,0,0,0,0,0,0,0,0,0,0,0,0,0,0.00779,0,0,0,0,0,0,0,0,0,0,0,0,0,0,0,0,0,0,0,0,0,0,0,0,0,0,0,0,0,0,0,0,0,0,0,0,0,0,0,0,0,0,0,0,0,0,0,0,0,0,0,0,0,0,0,0,0,0,0,0,0,0
"k__Bacteria|p__Proteobacteria|c__Gammaproteobacteria|o__Enterobacterales|f__Enterobacteriaceae|g__Enterobacter|s__Enterobacter_cloacae_complex",0,0,0,0,0,0,0,0,0,0,0,0,0,0,0,0,0,0,0,0,0,0,0,0,0,0,0,0,0,0,0,0,0,0,0,0,0,0,0,0,0,0,0,0,0,0,0,0,0,0,0,0,0,0,0,0,0,0,0,0,0,0,0,0,0,0,0,0,0,0,0,0.00277,0,0,0,0,0,0,0,0,0,0,0,0,0,0,0,0,0,0,0,0,0,0,0,0,0,0,0,0,0,0,0,0,0,0,0,0,0,0,0,0,0,0,0,0,0,0,0,0,0,0,0,0,0,0,0,0,0,0.00393,0,0,0,0,0,0,0,0,0,0,0,0,0,0,0,0,0
"k__Bacteria|p__Proteobacteria|c__Gammaproteobacteria|o__Enterobacterales|f__Enterobacteriaceae|g__Enterobacter|s__Enterobacter_bugandensis",0,0,0,0,0,0,0,0,0,0,0,0,0,0,0,0,0,0,0,0,0,0,0,0,0,0,0,0,0,0,0,0,0,0,0,0,0,0,0,0,0,0,0,0,0,0,0,0,0,0,0,0,0,0,0,0,0,0,0,0,0,0,0,0,0,0,0,0,0,0,0,0.00065,0,0,0,0,0,0,0,0,0,0,0,0,0,0,0,0,0,0,0,0,0,0,0,0,0,0,0,0,0,0,0,0,0,0,0,0,0,0,0,0,0,0,0,0,0,0,0,0,0,0,0,0,0,0,0,0,0,0,0,0,0,0,0,0,0,0,0,0,0,0,0,0,0,0,0
"k__Bacteria|p__Actinobacteria|c__Actinobacteria|o__Actinomycetales|f__Actinomycetaceae|g__Actinomyces|s__Actinomyces_turicensis",0,0,0,0,0,0,0,0,0,0,0,0,0,0,0,0,0,0,0,0,0,0,0,0,0,0,0,0,0,0,0,0,0,0,0,0,0,0,0,0,0,0,0,0,0,0,0,0,0,0,0,0,0,0,0,0,0,0,0,0,0,0,0,0,0,0,0,0,0,0,0,0,0,0.00308,0,0,0,0,0,0,0,0,0,0,0.00891,0,0,0,0,0,0,0,0,0,0,0,0,0,0,0,0,0,0,0,0,0,0,0,0,0,0,0,0,0,0,0,0,0,0,0,0,0,0,0,0,0,0,0,0,0,0,0,0,0,0,0,0,0,0,0,0,0,0,0,0,0,0
"k__Bacteria|p__Firmicutes|c__Bacilli|o__Bacillales|f__Staphylococcaceae|g__Staphylococcus|s__Staphylococcus_haemolyticus",0,0,0,0,0,0,0,0,0,0,0,0,0,0,0,0,0,0,0,0,0,0,0,0,0,0,0,0,0,0,0,0,0,0,0,0,0,0,0,0,0,0,0,0,0,0,0,0,0,0,0,0,0,0,0,0,0,0,0,0,0,0,0,0,0,0,0,0,0,0,0,0,0,0,0,0,0,0,0,0,0,0,0,0,0,0,0,0,0,0,0,0,0,0,0,0,0,0,0,0,0,0,0,0,0,0,0,0,0,0,0,0,0,0,0,0,0,0,0,0,0,0,0,0,0,0,0,0,0,0,0,0,0,0,0,0,0,0,0,0,0,0,0,0,0,0,0
"k__Bacteria|p__Proteobacteria|c__Betaproteobacteria|o__Burkholderiales|f__Burkholderiaceae|g__Burkholderia|s__Burkholderia_cenocepacia",0,0,0,0,0,0,0,0,0,0,0,0,0,0,0,0,0,0,0,0,0,0,0,0,0,0,0,0,0,0,0,0,0,0,0,0,0,0,0,0,0,0,0,0,0,0,0,0,0,0,0,0,0,0,0,0,0,0,0,0,0,0,0,0,0,0,0,0,0,0,0,0,0,0,0,0,0,0,0,0,0,0,0,0,0,0,0,0,0,0,0,0,0,0,0,0,0,0,0,0,0,0,0,0,0,0,0,0,0,0,0,0,0,0,0,0,0,0,0,0,0,0,0,0,0,0,0,0,0,0,0,0,0,0,0,0,0,0,0,0,0,0,0,0,0,0,0
"k__Bacteria|p__Proteobacteria|c__Betaproteobacteria|o__Burkholderiales|f__Burkholderiaceae|g__Burkholderia|s__Burkholderia_pyrrocinia",0,0,0,0,0,0,0,0,0,0,0,0,0,0,0,0,0,0,0,0,0,0,0,0,0,0,0,0,0,0,0,0,0,0,0,0,0,0,0,0,0,0,0,0,0,0,0,0,0,0,0,0,0,0,0,0,0,0,0,0,0,0,0,0,0,0,0,0,0,0,0,0,0,0,0,0,0,0,0,0,0,0,0,0,0,0,0,0,0,0,0,0,0,0,0,0,0,0,0,0,0,0,0,0,0,0,0,0,0,0,0,0,0,0,0,0,0,0,0,0,0,0,0,0,0,0,0,0,0,0,0,0,0,0,0,0,0,0,0,0,0,0,0,0,0,0,0
"k__Bacteria|p__Synergistetes|c__Synergistia|o__Synergistales|f__Synergistaceae|g__Jonquetella|s__Jonquetella_anthropi",0,0,0,0,0,0,0,0,0,0,0,0,0,0,0,0,0,0,0,0,0,0,0,0,0,0,0,0,0,0,0,0,0,0,0,0,0,0,0,0,0,0,0,0,0,0,0,0,0,0,0,0,0,0,0,0,0,0,0,0,0,0,0,0,0,0,0,0,0,0,0,0,0,0,0,0,0,0,0,0,0,0,0,0,0,0,0,0,0,0,0,0,0,0,0,0,0,0,0,0,0,0,0,0,0,0,0,0,0,0,0,0,0,0,0,0,0,0,0,0,0,0,0,0,0,0,0,0,0,0,0,0,0,0,0,0,0,0,0,0,0,0,0,0,0,0,0
"k__Bacteria|p__Bacteroidetes|c__Bacteroidia|o__Bacteroidales|f__Bacteroidaceae|g__Bacteroides|s__Bacteroides_stercorirosoris",0,0,0,0,0,0,0,0,0,0,0,0,0,0,0,0,0,0,0,0,0,0,0,0,0,0,0,0,0,0,0,0,0,0,0,0,0,0,0,0,0,0,0,0,0,0,0,0,0,0,0,0,0,0,0,0,0,0,0,0,0,0,0,0,0,0,0,0,0,0,0,0,0,0,0,0.07307,0,0,0,0,0,0,0,0,0,0,0,0,0,0,0,0,0,0,0,0,0,0,0,0,0,0,0,0,0,0,0,0,0,0,0,0,0,0,0,0,0,0,0,0,0,0,0,0,0,0,0,0,0,0,0,0,0,0,0,0,0,0,0,0,0,0,0,0,0,0,0
"k__Bacteria|p__Bacteroidetes|c__Bacteroidia|o__Bacteroidales|f__Bacteroidaceae|g__Bacteroides|s__Bacteroides_oleiciplenus",0,0,0,0,0,0,0,0,0,0,0,0,0,0,0,0,0,0,0,0,0,0,0,0,0,0,0,0,0,0,0,0,0,0,0,0,0,0,0,0,0,0,0,0,0,0,0,0,0,0,0,0,0,0,0,0,0,0,0,0,0,0,0,0,0,0,0,0,0,0,0,0,0,0,0,0.00073,0,0,0,0,0,0,0,0,0,0,0,0,0,0,0,0,0,0,0,0,0,0,0,0,0,0,0,0,0,0,0,0,0,0,0,0,0,0,0,0,0,0,0,0,0,0,0,0,0,0,0,0,0,0,0,0,0,0,0,0,0,0,0,0,0,0,0,0,0,0,0
"k__Bacteria|p__Actinobacteria|c__Actinobacteria|o__Corynebacteriales|f__Corynebacteriaceae|g__Corynebacterium|s__Corynebacterium_afermentans",0,0,0,0,0,0,0,0,0,0,0,0,0,0,0,0,0,0,0,0,0,0,0,0,0,0,0,0,0,0,0,0,0,0,0,0,0,0,0,0,0,0,0,0,0,0,0,0,0,0,0,0,0,0,0,0,0,0,0,0,0,0,0,0,0,0,0,0,0,0,0,0,0,0,0,0,0,0,0,0,0,0,0,0,0,0,0,0,0,0,0,0,0,0,0,0,0,0,0,0,0,0,0,0,0,0,0,0,0,0,0,0,0,0,0,0,0,0,0,0,0,0,0,0,0,0,0,0,0,0,0,0,0,0,0,0,0,0,0,0,0,0,0,0,0,0,0
"k__Bacteria|p__Firmicutes|c__Bacilli|o__Lactobacillales|f__Lactobacillaceae|g__Lactobacillus|s__Lactobacillus_curvatus",0,0,0,0,0,0,0,0,0,0,0,0,0,0,0,0,0,0,0,0,0,0,0,0,0,0,0,0,0,0,0,0,0,0,0,0,0,0,0,0,0,0,0,0,0,0,0,0,0,0,0,0,0,0,0,0,0,0,0,0,0,0,0,0,0,0,0,0,0,0,0,0,0,0,0,0,0,0,0,0,0,0,0,0,0,0,0,0,0,0,0,0,0,0,0,0,0,0,0,0,0,0,0,0,0,0,0,0,0,0,0,0,0,0,0,0,0,0,0,0,0,0,0,0,0,0,0,0,0,0,0,0,0,0,0,0,0,0,0,0,0,0,0,0,0,0,0
"k__Bacteria|p__Firmicutes|c__Clostridia|o__Clostridiales|f__Peptostreptococcaceae|g__Clostridioides|s__Clostridioides_difficile",0,0,0,0,0,0,0,0,0,0,0,0,0,0,0,0,0,0,0,0,0,0,0,0,0,0,0,0,0,0,0,0,0,0,0,0,0,0,0,0,0,0,0,0,0,0,0,0,0,0,0,0,0,0,0,0,0,0,0,0,0,0,0,0,0,0,0,0,0,0,0,0,0,0,0,0,0.00197,0,0,0,0,0,0,0,0,0,0,0,0,0,0,0,0,0,0,0,0,0,0,0,0,0,0,0,0,0,0,0,0,0,0,0,0,0,0,0,0,0,0,0,0,0,0,0,0,0,0,0,0.00043,0,0,0,0,0,0,0,0,0,0,0,0,0,0,0,0,0,0
"k__Bacteria|p__Firmicutes|c__Bacilli|o__Lactobacillales|f__Lactobacillaceae|g__Lactobacillus|s__Lactobacillus_plantarum",0,0,0,0,0,0,0,0,0,0,0,0,0,0,0,0,0,0,0,0,0,0,0,0,0,0,0,0,0,0,0,0,0,0,0,0,0,0,0,0,0,0,0,0,0,0,0,0,0,0,0,0,0,0,0,0,0,0,0,0,0,0,0,0,0,0,0,0,0,0,0,0,0,0,0,0,0,0,0,0,0,0,0,0,0,0,0,0,0,0,0,0,0,0,0,0,0,0,0,0,0,0,0,0,0,0,0,0,0,0,0,0,0,0,0,0,0,0,0,0,0,0,0,0,0,0,0,0,0,0,0,0,0,0,0,0,0,0,0,0,0,0,0,0,0,0,0
"k__Eukaryota|p__Ascomycota|c__Saccharomycetes|o__Saccharomycetales|f__Debaryomycetaceae|g__Candida|s__Candida_dubliniensis",0,0,0,0,0,0,0,0,0,0,0,0,0,0,0,0,0,0,0,0,0,0,0,0,0,0,0,0,0,0,0,0,0,0,0,0,0,0,0,0,0,0,0,0,0,0,0,0,0,0,0,0,0,0,0,0,0,0,0,0,0,0,0,0,0,0,0,0,0,0,0,0,0,0,0,0,0,0,0,0,0,0,0,0,0,0,0,0,0,0,0,0,0,0,0,0,0,0,0,0,0,0,0,0,0,0,0,0,0,0,0,0,0,0,0,0,0,0,0,0,0,0,0,0,0,0,0,0,0,0,0,0,0,0,0,0,0,0,0,0,0,0,0,0,0,0,0
"k__Bacteria|p__Firmicutes|c__Bacilli|o__Lactobacillales|f__Lactobacillaceae|g__Lactobacillus|s__Lactobacillus_fermentum",0,0,0,0,0,0,0,0,0,0,0,0,0,0,0,0,0,0,0,0,0,0,0,0,0,0,0,0,0,0,0,0,0,0,0,0,0,0,0,0,0,0,0,0,0,0,0,0,0,0,0,0,0,0,0,0,0,0,0,0,0,0,0,0,0,0,0,0,0,0,0,0,0,0,0,0,0,0.00348,0,0,0,0,0,0,0,0,0,0,0,0,0,0,0,0,0,0,0,0,0,0,0,0,0,0,0,0,0,0,0,0,0,0,0,0,0,0,0,0,0,0,0,0,0,0,0,0,0,0,0,0,0,0,0,0,0,0,0,0,0,0,0,0,0,0,0,0,0
"k__Bacteria|p__Proteobacteria|c__Gammaproteobacteria|o__Enterobacterales|f__Hafniaceae|g__Hafnia|s__Hafnia_paralvei",0,0,0,0,0,0,0,0,0,0,0,0,0,0,0,0,0,0,0,0,0,0,0,0,0,0,0,0,0,0,0,0,0,0,0,0,0,0,0,0,0,0,0,0,0,0,0,0,0,0,0,0,0,0,0,0,0,0,0,0,0,0,0,0,0,0,0,0,0,0,0,0,0,0,0,0,0,0.02018,0,0,0,0,0,0,0,0,0,0,0,0,0,0,0,0,0,0,0,0,0,0,0,0,0,0,0,0,0,0,0,0,0,0,0,0,0,0,0,0,0,0,0,0,0,0,0,0,0,0,0,0,0,0,0,0,0,0,0,0,0,0,0,0,0,0,0,0,0
"k__Bacteria|p__Candidatus_Melainabacteria|c__Candidatus_Melainabacteria_unclassified|o__Candidatus_Gastranaerophilales|f__Candidatus_Gastranaerophilales_unclassified|g__Candidatus_Gastranaerophilales_unclassified|s__Candidatus_Gastranaerophilales_bacterium",0,0,0,0,0,0,0,0,0,0,0,0,0,0,0,0,0,0,0,0,0,0,0,0,0,0,0,0,0,0,0,0,0,0,0,0,0,0,0,0,0,0,0,0,0,0,0,0,0,0,0,0,0,0,0,0,0,0,0,0,0,0,0,0,0,0,0,0,0,0,0,0,0,0,0,0,0,0,0.023,0,0,0,0,0,0,0,0,0,0,0,0,0,0,0,0,0,0,0,0,0,0,0,0,0,0,0,0,0,0,0,0,0,0,0,0,0,0,0,0,0,0,0,0,0,0,0,0,0,0,0,0,0,0,0,0,0,0,0,0,0,0,0,0,0,0,0,0
"k__Bacteria|p__Actinobacteria|c__Actinobacteria|o__Micrococcales|f__Micrococcaceae|g__Kocuria|s__Kocuria_indica",0,0,0,0,0,0,0,0,0,0,0,0,0,0,0,0,0,0,0,0,0,0,0,0,0,0,0,0,0,0,0,0,0,0,0,0,0,0,0,0,0,0,0,0,0,0,0,0,0,0,0,0,0,0,0,0,0,0,0,0,0,0,0,0,0,0,0,0,0,0,0,0,0,0,0,0,0,0,0,0,0,0,0,0,0,0,0,0,0,0,0,0,0,0,0,0,0,0,0,0,0,0,0,0,0,0,0,0,0,0,0,0,0,0,0,0,0,0,0,0,0,0,0,0,0,0,0,0,0,0,0,0,0,0,0,0,0,0,0,0,0,0,0,0,0,0,0
"k__Bacteria|p__Firmicutes|c__Bacilli|o__Lactobacillales|f__Streptococcaceae|g__Streptococcus|s__Streptococcus_agalactiae",0,0,0,0,0,0,0,0,0,0,0,0,0,0,0,0,0,0,0,0,0,0,0,0,0,0,0,0,0,0,0,0,0,0,0,0,0,0,0,0,0,0,0,0,0,0,0,0,0,0,0,0,0,0,0,0,0,0,0,0,0,0,0,0,0,0,0,0,0,0,0,0,0,0,0,0,0,0,0,0,0,0,0,0,0,0,0,0,0,0,0,0,0,0,0,0,0,0,0,0,0,0,0,0,0,0,0,0,0,0,0,0,0,0,0,0,0,0,0,0,0,0,0,0,0,0,0,0,0,0,0,0,0,0,0,0,0,0,0,0,0,0,0,0,0,0,0
"k__Bacteria|p__Firmicutes|c__Bacilli|o__Lactobacillales|f__Enterococcaceae|g__Enterococcus|s__Enterococcus_dispar",0,0,0,0,0,0,0,0,0,0,0,0,0,0,0,0,0,0,0,0,0,0,0,0,0,0,0,0,0,0,0,0,0,0,0,0,0,0,0,0,0,0,0,0,0,0,0,0,0,0,0,0,0,0,0,0,0,0,0,0,0,0,0,0,0,0,0,0,0,0,0,0,0,0,0,0,0,0,0,0,0,0,0,0,0.00218,0,0,0,0,0,0,0,0,0,0,0,0,0,0,0,0,0,0,0,0,0,0,0,0,0,0,0,0,0,0,0,0,0,0,0,0,0,0,0,0,0,0,0,0,0,0,0,0,0.01155,0,0,0,0,0,0,0,0,0,0,0,0,0
"k__Bacteria|p__Firmicutes|c__Firmicutes_unclassified|o__Firmicutes_unclassified|f__Firmicutes_unclassified|g__Firmicutes_unclassified|s__Firmicutes_bacterium_CAG_646",0,0,0,0,0,0,0,0,0,0,0,0,0,0,0,0,0,0,0,0,0,0,0,0,0,0,0,0,0,0,0,0,0,0,0,0,0,0,0,0,0,0,0,0,0,0,0,0,0,0,0,0,0,0,0,0,0,0,0,0,0,0,0,0,0,0,0,0,0,0,0,0,0,0,0,0,0,0,0,0,0,0,0,0,0,0.1046,0,0,0,0,0,0,0,0,0,0,0,0,0,0,0,0,0,0,0,0,0,0,0,0,0,0,0,0,0,0,0,0,0,0,0,0,0,0,0,0,0,0,0,0,0,0,0,0,0.28232,0,0,0,0,0,0,0,0,0,0,0,0
"k__Bacteria|p__Firmicutes|c__Tissierellia|o__Tissierellales|f__Peptoniphilaceae|g__Peptoniphilus|s__Peptoniphilus_sp_DNF00840",0,0,0,0,0,0,0,0,0,0,0,0,0,0,0,0,0,0,0,0,0,0,0,0,0,0,0,0,0,0,0,0,0,0,0,0,0,0,0,0,0,0,0,0,0,0,0,0,0,0,0,0,0,0,0,0,0,0,0,0,0,0,0,0,0,0,0,0,0,0,0,0,0,0,0,0,0,0,0,0,0,0,0,0,0,0,0,0,0,0,0,0,0,0,0,0,0,0,0,0,0,0,0,0,0,0,0,0,0,0,0,0,0,0,0,0,0,0,0,0,0,0,0,0,0,0,0,0,0,0,0,0,0,0,0,0,0,0,0,0,0,0,0,0,0,0,0
"k__Bacteria|p__Bacteroidetes|c__Bacteroidia|o__Bacteroidales|f__Bacteroidales_unclassified|g__Bacteroidales_unclassified|s__Bacteroidales_bacterium_KA00251",0,0,0,0,0,0,0,0,0,0,0,0,0,0,0,0,0,0,0,0,0,0,0,0,0,0,0,0,0,0,0,0,0,0,0,0,0,0,0,0,0,0,0,0,0,0,0,0,0,0,0,0,0,0,0,0,0,0,0,0,0,0,0,0,0,0,0,0,0,0,0,0,0,0,0,0,0,0,0,0,0,0,0,0,0,0,0,0,0,0,0,0,0,0,0,0,0,0,0,0,0,0,0,0,0,0,0,0,0,0,0,0,0,0,0,0,0,0,0,0,0,0,0,0,0,0,0,0,0,0,0,0,0,0,0,0,0,0,0,0,0,0,0,0,0,0,0
"k__Bacteria|p__Tenericutes|c__Mollicutes|o__Mycoplasmatales|f__Mycoplasmataceae|g__Ureaplasma|s__Ureaplasma_urealyticum",0,0,0,0,0,0,0,0,0,0,0,0,0,0,0,0,0,0,0,0,0,0,0,0,0,0,0,0,0,0,0,0,0,0,0,0,0,0,0,0,0,0,0,0,0,0,0,0,0,0,0,0,0,0,0,0,0,0,0,0,0,0,0,0,0,0,0,0,0,0,0,0,0,0,0,0,0,0,0,0,0,0,0,0,0,0,0,0,0,0,0,0,0,0,0,0,0,0,0,0,0,0,0,0,0,0,0,0,0,0,0,0,0,0,0,0,0,0,0,0,0,0,0,0,0,0,0,0,0,0,0,0,0,0,0,0,0,0,0,0,0,0,0,0,0,0,0
"k__Bacteria|p__Firmicutes|c__Negativicutes|o__Veillonellales|f__Veillonellaceae|g__Veillonella|s__Veillonella_montpellierensis",0,0,0,0,0,0,0,0,0,0,0,0,0,0,0,0,0,0,0,0,0,0,0,0,0,0,0,0,0,0,0,0,0,0,0,0,0,0,0,0,0,0,0,0,0,0,0,0,0,0,0,0,0,0,0,0,0,0,0,0,0,0,0,0,0,0,0,0,0,0,0,0,0,0,0,0,0,0,0,0,0,0,0,0,0,0,0,0,0,0,0,0,0,0,0,0,0,0,0,0,0,0,0,0,0,0,0,0,0,0,0,0,0,0,0,0,0,0,0,0,0,0,0,0,0,0,0,0,0,0,0,0,0,0,0,0,0,0,0,0,0,0,0,0,0,0,0
"k__Bacteria|p__Actinobacteria|c__Actinobacteria|o__Actinomycetales|f__Actinomycetaceae|g__Actinomyces|s__Actinomyces_urogenitalis",0,0,0,0,0,0,0,0,0,0,0,0,0,0,0,0,0,0,0,0,0,0,0,0,0,0,0,0,0,0,0,0,0,0,0,0,0,0,0,0,0,0,0,0,0,0,0,0,0,0,0,0,0,0,0,0,0,0,0,0,0,0,0,0,0,0,0,0,0,0,0,0,0,0,0,0,0,0,0,0,0,0,0,0,0,0,0,0,0,0,0,0,0,0,0,0,0,0,0,0,0,0,0,0,0,0,0,0,0,0,0,0,0,0,0,0,0,0,0,0,0,0,0,0,0,0,0,0,0,0,0,0,0,0,0,0,0,0,0,0,0,0,0,0,0,0,0
"k__Bacteria|p__Actinobacteria|c__Actinobacteria|o__Actinomycetales|f__Actinomycetaceae|g__Actinomyces|s__Actinomyces_radingae",0,0,0,0,0,0,0,0,0,0,0,0,0,0,0,0,0,0,0,0,0,0,0,0,0,0,0,0,0,0,0,0,0,0,0,0,0,0,0,0,0,0,0,0,0,0,0,0,0,0,0,0,0,0,0,0,0,0,0,0,0,0,0,0,0,0,0,0,0,0,0,0,0,0,0,0,0,0,0,0,0,0,0,0,0,0,0,0,0,0,0,0,0,0,0,0,0,0,0,0,0,0,0,0,0,0,0,0,0,0,0,0,0,0,0,0,0,0,0,0,0,0,0,0,0,0,0,0,0,0,0,0,0,0,0,0,0,0,0,0,0,0,0,0,0,0,0
"k__Bacteria|p__Firmicutes|c__Negativicutes|o__Veillonellales|f__Veillonellaceae|g__Megasphaera|s__Megasphaera_sp_BV3C16_1",0,0,0,0,0,0,0,0,0,0,0,0,0,0,0,0,0,0,0,0,0,0,0,0,0,0,0,0,0,0,0,0,0,0,0,0,0,0,0,0,0,0,0,0,0,0,0,0,0,0,0,0,0,0,0,0,0,0,0,0,0,0,0,0,0,0,0,0,0,0,0,0,0,0,0,0,0,0,0,0,0,0,0,0,0,0,0,0,0,0,0,0,0,0,0,0,0,0,0,0,0,0,0,0,0,0,0,0,0,0,0,0,0,0,0,0,0,0,0,0,0,0,0,0,0,0,0,0,0,0,0,0,0,0,0,0,0,0,0,0,0,0,0,0,0,0,0
"k__Bacteria|p__Actinobacteria|c__Actinobacteria|o__Bifidobacteriales|f__Bifidobacteriaceae|g__Bifidobacterium|s__Bifidobacterium_scardovii",0,0,0,0,0,0,0,0,0,0,0,0,0,0,0,0,0,0,0,0,0,0,0,0,0,0,0,0,0,0,0,0,0,0,0,0,0,0,0,0,0,0,0,0,0,0,0,0,0,0,0,0,0,0,0,0,0,0,0,0,0,0,0,0,0,0,0,0,0,0,0,0,0,0,0,0,0,0,0,0,0,0,0,0,0,0,0,0,0,0,0,0,0,0,0,0,0,0,0,0,0,0,0,0,0,0,0,0,0,0,0,0,0,0,0,0,0,0,0,0,0,0,0,0,0,0,0,0,0,0,0,0,0,0,0,0,0,0,0,0,0,0,0,0,0,0,0
"k__Bacteria|p__Firmicutes|c__Bacilli|o__Bacillales|f__Staphylococcaceae|g__Staphylococcus|s__Staphylococcus_warneri",0,0,0,0,0,0,0,0,0,0,0,0,0,0,0,0,0,0,0,0,0,0,0,0,0,0,0,0,0,0,0,0,0,0,0,0,0,0,0,0,0,0,0,0,0,0,0,0,0,0,0,0,0,0,0,0,0,0,0,0,0,0,0,0,0,0,0,0,0,0,0,0,0,0,0,0,0,0,0,0,0,0,0,0,0,0,0,0,0,0,0,0,0,0,0,0,0,0,0,0,0,0,0,0,0,0,0,0,0,0,0,0,0,0,0,0,0,0,0,0,0,0,0,0,0,0,0,0,0,0,0,0,0,0,0,0,0,0,0,0,0,0,0,0,0,0,0
"k__Bacteria|p__Firmicutes|c__Negativicutes|o__Veillonellales|f__Veillonellaceae|g__Veillonella|s__Veillonella_sp_CAG_933",0,0,0,0,0,0,0,0,0,0,0,0,0,0,0,0,0,0,0,0,0,0,0,0,0,0,0,0,0,0,0,0,0,0,0,0,0,0,0,0,0,0,0,0,0,0,0,0,0,0,0,0,0,0,0,0,0,0,0,0,0,0,0,0,0,0,0,0,0,0,0,0,0,0,0,0,0,0,0,0,0,0,0,0,0,0,0,0,0,0,0,0,0,0,0,0,0,0,0,0,0.00439,0,0,0,0,0,0,0,0,0,0,0,0,0,0,0,0,0,0,0,0,0,0,0,0,0,0,0,0,0,0,0,0,0,0,0,0,0,0,0,0,0,0,0,0,0,0
"k__Bacteria|p__Firmicutes|c__Clostridia|o__Clostridiales|f__Lachnospiraceae|g__Lachnospiraceae_unclassified|s__Lachnospiraceae_bacterium_2_1_46FAA",0,0,0,0,0,0,0,0,0,0,0,0,0,0,0,0,0,0,0,0,0,0,0,0,0,0,0,0,0,0,0,0,0,0,0,0,0,0,0,0,0,0,0,0,0,0,0,0,0,0,0,0,0,0,0,0,0,0,0,0,0,0,0,0,0,0,0,0,0,0,0,0,0,0,0,0,0,0,0,0,0,0,0,0,0,0,0,0,0,0,0,0,0,0,0,0,0,0,0,0,0.00223,0,0,0,0,0,0,0,0,0,0,0,0,0,0,0,0,0,0,0,0,0,0,0,0,0,0,0,0,0,0,0,0,0,0,0,0,0,0,0,0,0,0,0,0,0,0
"k__Bacteria|p__Firmicutes|c__Clostridia|o__Clostridiales|f__Clostridiaceae|g__Clostridium|s__Clostridium_neonatale",0,0,0,0,0,0,0,0,0,0,0,0,0,0,0,0,0,0,0,0,0,0,0,0,0,0,0,0,0,0,0,0,0,0,0,0,0,0,0,0,0,0,0,0,0,0,0,0,0,0,0,0,0,0,0,0,0,0,0,0,0,0,0,0,0,0,0,0,0,0,0,0,0,0,0,0,0,0,0,0,0,0,0,0,0,0,0,0,0,0,0,0,0,0,0,0,0,0,0,0,0.00027,0,0,0,0,0,0,0,0,0,0,0,0,0,0,0,0,0,0,0,0,0,0,0,0,0,0,0,0,0,0,0,0,0,0,0,0,0,0,0,0,0,0,0,0,0,0
"k__Bacteria|p__Firmicutes|c__Bacilli|o__Lactobacillales|f__Lactobacillaceae|g__Lactobacillus|s__Lactobacillus_algidus",0,0,0,0,0,0,0,0,0,0,0,0,0,0,0,0,0,0,0,0,0,0,0,0,0,0,0,0,0,0,0,0,0,0,0,0,0,0,0,0,0,0,0,0,0,0,0,0,0,0,0,0,0,0,0,0,0,0,0,0,0,0,0,0,0,0,0,0,0,0,0,0,0,0,0,0,0,0,0,0,0,0,0,0,0,0,0,0,0,0,0,0,0,0,0,0,0,0,0,0,0,0.00095,0,0,0,0,0,0,0,0,0,0,0,0,0,0,0,0,0,0,0,0,0,0,0,0,0,0,0,0,0,0,0,0,0,0,0,0,0,0,0,0,0,0,0,0,0
"k__Bacteria|p__Firmicutes|c__Bacilli|o__Lactobacillales|f__Lactobacillaceae|g__Lactobacillus|s__Lactobacillus_reuteri",0,0,0,0,0,0,0,0,0,0,0,0,0,0,0,0,0,0,0,0,0,0,0,0,0,0,0,0,0,0,0,0,0,0,0,0,0,0,0,0,0,0,0,0,0,0,0,0,0,0,0,0,0,0,0,0,0,0,0,0,0,0,0,0,0,0,0,0,0,0,0,0,0,0,0,0,0,0,0,0,0,0,0,0,0,0,0,0,0,0,0,0,0,0,0,0,0,0,0,0,0,0,0,0,0.00077,0,0,0,0,0,0,0,0,0,0,0,0,0,0,0,0,0,0,0,0,0,0,0,0,0,0,0,0,0,0,0,0,0,0,0,0,0,0,0,0,0,0
"k__Bacteria|p__Proteobacteria|c__Gammaproteobacteria|o__Pseudomonadales|f__Moraxellaceae|g__Moraxella|s__Moraxella_lacunata",0,0,0,0,0,0,0,0,0,0,0,0,0,0,0,0,0,0,0,0,0,0,0,0,0,0,0,0,0,0,0,0,0,0,0,0,0,0,0,0,0,0,0,0,0,0,0,0,0,0,0,0,0,0,0,0,0,0,0,0,0,0,0,0,0,0,0,0,0,0,0,0,0,0,0,0,0,0,0,0,0,0,0,0,0,0,0,0,0,0,0,0,0,0,0,0,0,0,0,0,0,0,0,0,0,0,0,0,0,0,0,0,0,0,0,0,0,0,0,0,0,0,0,0,0,0,0,0,0,0,0,0,0,0,0,0,0,0,0,0,0,0,0,0,0,0,0
"k__Bacteria|p__Firmicutes|c__Bacilli|o__Bacillales|f__Staphylococcaceae|g__Staphylococcus|s__Staphylococcus_pasteuri",0,0,0,0,0,0,0,0,0,0,0,0,0,0,0,0,0,0,0,0,0,0,0,0,0,0,0,0,0,0,0,0,0,0,0,0,0,0,0,0,0,0,0,0,0,0,0,0,0,0,0,0,0,0,0,0,0,0,0,0,0,0,0,0,0,0,0,0,0,0,0,0,0,0,0,0,0,0,0,0,0,0,0,0,0,0,0,0,0,0,0,0,0,0,0,0,0,0,0,0,0,0,0,0,0,0,0,0,0,0,0,0,0,0,0,0,0,0,0,0,0,0,0,0,0,0,0,0,0,0,0,0,0,0,0,0,0,0,0,0,0,0,0,0,0,0,0
"k__Bacteria|p__Proteobacteria|c__Gammaproteobacteria|o__Enterobacterales|f__Erwiniaceae|g__Pantoea|s__Pantoea_ananatis",0,0,0,0,0,0,0,0,0,0,0,0,0,0,0,0,0,0,0,0,0,0,0,0,0,0,0,0,0,0,0,0,0,0,0,0,0,0,0,0,0,0,0,0,0,0,0,0,0,0,0,0,0,0,0,0,0,0,0,0,0,0,0,0,0,0,0,0,0,0,0,0,0,0,0,0,0,0,0,0,0,0,0,0,0,0,0,0,0,0,0,0,0,0,0,0,0,0,0,0,0,0,0,0,0,0,0,0,0,0,0,0,0,0,0,0,0,0,0,0,0,0,0,0,0,0,0,0,0,0,0,0,0,0,0,0,0,0,0,0,0,0,0,0,0,0,0
"k__Bacteria|p__Actinobacteria|c__Actinobacteria|o__Bifidobacteriales|f__Bifidobacteriaceae|g__Parascardovia|s__Parascardovia_denticolens",0,0,0,0,0,0,0,0,0,0,0,0,0,0,0,0,0,0,0,0,0,0,0,0,0,0,0,0,0,0,0,0,0,0,0,0,0,0,0,0,0,0,0,0,0,0,0,0,0,0,0,0,0,0,0,0,0,0,0,0,0,0,0,0,0,0,0,0,0,0,0,0,0,0,0,0,0,0,0,0,0,0,0,0,0,0,0,0,0,0,0,0,0,0,0,0,0,0,0,0,0,0,0,0,0,0,0,0,0,0,0,0,0,0,0,0,0,0,0,0,0,0,0,0,0,0,0,0,0,0,0,0,0,0,0,0,0,0,0,0,0,0,0,0,0,0,0
"k__Bacteria|p__Proteobacteria|c__Alphaproteobacteria|o__Caulobacterales|f__Caulobacteraceae|g__Brevundimonas|s__Brevundimonas_diminuta",0,0,0,0,0,0,0,0,0,0,0,0,0,0,0,0,0,0,0,0,0,0,0,0,0,0,0,0,0,0,0,0,0,0,0,0,0,0,0,0,0,0,0,0,0,0,0,0,0,0,0,0,0,0,0,0,0,0,0,0,0,0,0,0,0,0,0,0,0,0,0,0,0,0,0,0,0,0,0,0,0,0,0,0,0,0,0,0,0,0,0,0,0,0,0,0,0,0,0,0,0,0,0,0,0,0,0,0,0,0,0,0,0,0,0,0,0,0,0,0,0,0,0,0,0,0,0,0,0,0,0,0,0,0,0,0,0,0,0,0,0,0,0,0,0,0,0
"k__Bacteria|p__Proteobacteria|c__Gammaproteobacteria|o__Enterobacterales|f__Erwiniaceae|g__Mixta|s__Mixta_calida",0,0,0,0,0,0,0,0,0,0,0,0,0,0,0,0,0,0,0,0,0,0,0,0,0,0,0,0,0,0,0,0,0,0,0,0,0,0,0,0,0,0,0,0,0,0,0,0,0,0,0,0,0,0,0,0,0,0,0,0,0,0,0,0,0,0,0,0,0,0,0,0,0,0,0,0,0,0,0,0,0,0,0,0,0,0,0,0,0,0,0,0,0,0,0,0,0,0,0,0,0,0,0,0,0,0,0,0,0,0,0,0,0,0,0,0,0,0,0,0,0,0,0,0,0,0,0,0,0,0,0,0,0,0,0,0,0,0,0,0,0,0,0,0,0,0,0
"k__Bacteria|p__Proteobacteria|c__Gammaproteobacteria|o__Pseudomonadales|f__Moraxellaceae|g__Acinetobacter|s__Acinetobacter_ursingii",0,0,0,0,0,0,0,0,0,0,0,0,0,0,0,0,0,0,0,0,0,0,0,0,0,0,0,0,0,0,0,0,0,0,0,0,0,0,0,0,0,0,0,0,0,0,0,0,0,0,0,0,0,0,0,0,0,0,0,0,0,0,0,0,0,0,0,0,0,0,0,0,0,0,0,0,0,0,0,0,0,0,0,0,0,0,0,0,0,0,0,0,0,0,0,0,0,0,0,0,0,0,0,0,0,0,0,0,0,0,0,0,0,0,0,0,0,0,0,0,0,0,0,0,0,0,0,0,0,0,0,0,0,0,0,0,0,0,0,0,0,0,0,0,0,0,0
"k__Bacteria|p__Actinobacteria|c__Actinobacteria|o__Corynebacteriales|f__Corynebacteriaceae|g__Corynebacterium|s__Corynebacterium_striatum",0,0,0,0,0,0,0,0,0,0,0,0,0,0,0,0,0,0,0,0,0,0,0,0,0,0,0,0,0,0,0,0,0,0,0,0,0,0,0,0,0,0,0,0,0,0,0,0,0,0,0,0,0,0,0,0,0,0,0,0,0,0,0,0,0,0,0,0,0,0,0,0,0,0,0,0,0,0,0,0,0,0,0,0,0,0,0,0,0,0,0,0,0,0,0,0,0,0,0,0,0,0,0,0,0,0,0,0,0,0,0,0,0,0,0,0,0,0,0,0,0,0,0,0,0,0,0,0,0,0,0,0,0,0,0,0,0,0,0,0,0,0,0,0,0,0,0
"k__Bacteria|p__Proteobacteria|c__Gammaproteobacteria|o__Pseudomonadales|f__Moraxellaceae|g__Acinetobacter|s__Acinetobacter_parvus",0,0,0,0,0,0,0,0,0,0,0,0,0,0,0,0,0,0,0,0,0,0,0,0,0,0,0,0,0,0,0,0,0,0,0,0,0,0,0,0,0,0,0,0,0,0,0,0,0,0,0,0,0,0,0,0,0,0,0,0,0,0,0,0,0,0,0,0,0,0,0,0,0,0,0,0,0,0,0,0,0,0,0,0,0,0,0,0,0,0,0,0,0,0,0,0,0,0,0,0,0,0,0,0,0,0,0,0,0,0,0,0,0,0,0,0,0,0,0,0,0,0,0,0,0,0,0,0,0,0,0,0,0,0,0,0,0,0,0,0,0,0,0,0,0,0,0
"k__Bacteria|p__Proteobacteria|c__Alphaproteobacteria|o__Rhodospirillales|f__Acetobacteraceae|g__Roseomonas|s__Roseomonas_mucosa",0,0,0,0,0,0,0,0,0,0,0,0,0,0,0,0,0,0,0,0,0,0,0,0,0,0,0,0,0,0,0,0,0,0,0,0,0,0,0,0,0,0,0,0,0,0,0,0,0,0,0,0,0,0,0,0,0,0,0,0,0,0,0,0,0,0,0,0,0,0,0,0,0,0,0,0,0,0,0,0,0,0,0,0,0,0,0,0,0,0,0,0,0,0,0,0,0,0,0,0,0,0,0,0,0,0,0,0,0,0,0,0,0,0,0,0,0,0,0,0,0,0,0,0,0,0,0,0,0,0,0,0,0,0,0,0,0,0,0,0,0,0,0,0,0,0,0
"k__Bacteria|p__Proteobacteria|c__Gammaproteobacteria|o__Pseudomonadales|f__Moraxellaceae|g__Acinetobacter|s__Acinetobacter_bereziniae",0,0,0,0,0,0,0,0,0,0,0,0,0,0,0,0,0,0,0,0,0,0,0,0,0,0,0,0,0,0,0,0,0,0,0,0,0,0,0,0,0,0,0,0,0,0,0,0,0,0,0,0,0,0,0,0,0,0,0,0,0,0,0,0,0,0,0,0,0,0,0,0,0,0,0,0,0,0,0,0,0,0,0,0,0,0,0,0,0,0,0,0,0,0,0,0,0,0,0,0,0,0,0,0,0,0,0,0,0,0,0,0,0,0,0,0,0,0,0,0,0,0,0,0,0,0,0,0,0,0,0,0,0,0,0,0,0,0,0,0,0,0,0,0,0,0,0
"k__Bacteria|p__Proteobacteria|c__Alphaproteobacteria|o__Rhodobacterales|f__Rhodobacteraceae|g__Paracoccus|s__Paracoccus_sanguinis",0,0,0,0,0,0,0,0,0,0,0,0,0,0,0,0,0,0,0,0,0,0,0,0,0,0,0,0,0,0,0,0,0,0,0,0,0,0,0,0,0,0,0,0,0,0,0,0,0,0,0,0,0,0,0,0,0,0,0,0,0,0,0,0,0,0,0,0,0,0,0,0,0,0,0,0,0,0,0,0,0,0,0,0,0,0,0,0,0,0,0,0,0,0,0,0,0,0,0,0,0,0,0,0,0,0,0,0,0,0,0,0,0,0,0,0,0,0,0,0,0,0,0,0,0,0,0,0,0,0,0,0,0,0,0,0,0,0,0,0,0,0,0,0,0,0,0
"k__Bacteria|p__Firmicutes|c__Bacilli|o__Lactobacillales|f__Lactobacillaceae|g__Lactobacillus|s__Lactobacillus_mucosae",0,0,0,0,0,0,0,0,0,0,0,0,0,0,0,0,0,0,0,0,0,0,0,0,0,0,0,0,0,0,0,0,0,0,0,0,0,0,0,0,0,0,0,0,0,0,0,0,0,0,0,0,0,0,0,0,0,0,0,0,0,0,0,0,0,0,0,0,0,0,0,0,0,0,0,0,0,0,0,0,0,0,0,0,0,0,0,0,0,0,0,0,0,0,0,0,0,0,0,0,0,0,0,0,0,0,0,0.00066,0,0,0,0,0,0,0,0,0,0,0,0,0,0,0,0,0,0,0,0,0,0,0,0,0,0,0,0,0,0,0,0,0,0,0,0,0,0,0
"k__Bacteria|p__Proteobacteria|c__Betaproteobacteria|o__Burkholderiales|f__Comamonadaceae|g__Acidovorax|s__Acidovorax_caeni",0,0,0,0,0,0,0,0,0,0,0,0,0,0,0,0,0,0,0,0,0,0,0,0,0,0,0,0,0,0,0,0,0,0,0,0,0,0,0,0,0,0,0,0,0,0,0,0,0,0,0,0,0,0,0,0,0,0,0,0,0,0,0,0,0,0,0,0,0,0,0,0,0,0,0,0,0,0,0,0,0,0,0,0,0,0,0,0,0,0,0,0,0,0,0,0,0,0,0,0,0,0,0,0,0,0,0,0,0,0,0,0,0,0,0,0,0,0,0,0,0,0,0,0,0,0,0,0,0,0,0,0,0,0,0,0,0,0,0,0,0,0,0,0,0,0,0
"k__Bacteria|p__Bacteroidetes|c__Bacteroidia|o__Bacteroidales|f__Porphyromonadaceae|g__Porphyromonas|s__Porphyromonas_cangingivalis",0,0,0,0,0,0,0,0,0,0,0,0,0,0,0,0,0,0,0,0,0,0,0,0,0,0,0,0,0,0,0,0,0,0,0,0,0,0,0,0,0,0,0,0,0,0,0,0,0,0,0,0,0,0,0,0,0,0,0,0,0,0,0,0,0,0,0,0,0,0,0,0,0,0,0,0,0,0,0,0,0,0,0,0,0,0,0,0,0,0,0,0,0,0,0,0,0,0,0,0,0,0,0,0,0,0,0,0,0,0,0,0,0,0,0,0,0,0,0,0,0,0,0,0,0,0,0,0,0,0,0,0,0,0,0,0,0,0,0,0,0,0,0,0,0,0,0
"k__Bacteria|p__Bacteroidetes|c__Bacteroidia|o__Bacteroidales|f__Porphyromonadaceae|g__Porphyromonas|s__Porphyromonas_gulae",0,0,0,0,0,0,0,0,0,0,0,0,0,0,0,0,0,0,0,0,0,0,0,0,0,0,0,0,0,0,0,0,0,0,0,0,0,0,0,0,0,0,0,0,0,0,0,0,0,0,0,0,0,0,0,0,0,0,0,0,0,0,0,0,0,0,0,0,0,0,0,0,0,0,0,0,0,0,0,0,0,0,0,0,0,0,0,0,0,0,0,0,0,0,0,0,0,0,0,0,0,0,0,0,0,0,0,0,0,0,0,0,0,0,0,0,0,0,0,0,0,0,0,0,0,0,0,0,0,0,0,0,0,0,0,0,0,0,0,0,0,0,0,0,0,0,0
"k__Bacteria|p__Bacteroidetes|c__Bacteroidia|o__Bacteroidales|f__Porphyromonadaceae|g__Porphyromonas|s__Porphyromonas_gingivicanis",0,0,0,0,0,0,0,0,0,0,0,0,0,0,0,0,0,0,0,0,0,0,0,0,0,0,0,0,0,0,0,0,0,0,0,0,0,0,0,0,0,0,0,0,0,0,0,0,0,0,0,0,0,0,0,0,0,0,0,0,0,0,0,0,0,0,0,0,0,0,0,0,0,0,0,0,0,0,0,0,0,0,0,0,0,0,0,0,0,0,0,0,0,0,0,0,0,0,0,0,0,0,0,0,0,0,0,0,0,0,0,0,0,0,0,0,0,0,0,0,0,0,0,0,0,0,0,0,0,0,0,0,0,0,0,0,0,0,0,0,0,0,0,0,0,0,0
"k__Bacteria|p__Firmicutes|c__Bacilli|o__Bacillales|f__Staphylococcaceae|g__Staphylococcus|s__Staphylococcus_cohnii",0,0,0,0,0,0,0,0,0,0,0,0,0,0,0,0,0,0,0,0,0,0,0,0,0,0,0,0,0,0,0,0,0,0,0,0,0,0,0,0,0,0,0,0,0,0,0,0,0,0,0,0,0,0,0,0,0,0,0,0,0,0,0,0,0,0,0,0,0,0,0,0,0,0,0,0,0,0,0,0,0,0,0,0,0,0,0,0,0,0,0,0,0,0,0,0,0,0,0,0,0,0,0,0,0,0,0,0,0,0,0,0,0,0,0,0,0,0,0,0,0,0,0,0,0,0,0,0,0,0,0,0,0,0,0,0,0,0,0,0,0,0,0,0,0,0,0
"k__Bacteria|p__Proteobacteria|c__Betaproteobacteria|o__Neisseriales|f__Neisseriaceae|g__Neisseria|s__Neisseria_dumasiana",0,0,0,0,0,0,0,0,0,0,0,0,0,0,0,0,0,0,0,0,0,0,0,0,0,0,0,0,0,0,0,0,0,0,0,0,0,0,0,0,0,0,0,0,0,0,0,0,0,0,0,0,0,0,0,0,0,0,0,0,0,0,0,0,0,0,0,0,0,0,0,0,0,0,0,0,0,0,0,0,0,0,0,0,0,0,0,0,0,0,0,0,0,0,0,0,0,0,0,0,0,0,0,0,0,0,0,0,0,0,0,0,0,0,0,0,0,0,0,0,0,0,0,0,0,0,0,0,0,0,0,0,0,0,0,0,0,0,0,0,0,0,0,0,0,0,0
"k__Bacteria|p__Firmicutes|c__Bacilli|o__Lactobacillales|f__Lactobacillaceae|g__Lactobacillus|s__Lactobacillus_rhamnosus",0,0,0,0,0,0,0,0,0,0,0,0,0,0,0,0,0,0,0,0,0,0,0,0,0,0,0,0,0,0,0,0,0,0,0,0,0,0,0,0,0,0,0,0,0,0,0,0,0,0,0,0,0,0,0,0,0,0,0,0,0,0,0,0,0,0,0,0,0,0,0,0,0,0,0,0,0,0,0,0,0,0,0,0,0,0,0,0,0,0,0,0,0,0,0,0,0,0,0,0,0,0,0,0,0,0,0,0,0.01152,0,0,0,0,0,0,0,0,0,0,0,0,0,0,0,0,0,0,0,0,0,0,0,0,0,0,0,0,0,0,0,0,0,0,0,0,0,0
"k__Bacteria|p__Fusobacteria|c__Fusobacteriia|o__Fusobacteriales|f__Fusobacteriaceae|g__Fusobacterium|s__Fusobacterium_gonidiaformans",0,0,0,0,0,0,0,0,0,0,0,0,0,0,0,0,0,0,0,0,0,0,0,0,0,0,0,0,0,0,0,0,0,0,0,0,0,0,0,0,0,0,0,0,0,0,0,0,0,0,0,0,0,0,0,0,0,0,0,0,0,0,0,0,0,0,0,0,0,0,0,0,0,0,0,0,0,0,0,0,0,0,0,0,0,0,0,0,0,0,0,0,0,0,0,0,0,0,0,0,0,0,0,0,0,0,0,0,0,0,0,0,0,0,0,0,0,0,0,0,0,0,0,0,0,0,0,0,0,0,0,0,0,0,0,0,0,0,0,0,0,0,0,0,0,0,0
"k__Bacteria|p__Bacteroidetes|c__Bacteroidia|o__Bacteroidales|f__Bacteroidaceae|g__Bacteroides|s__Bacteroides_zoogleoformans",0,0,0,0,0,0,0,0,0,0,0,0,0,0,0,0,0,0,0,0,0,0,0,0,0,0,0,0,0,0,0,0,0,0,0,0,0,0,0,0,0,0,0,0,0,0,0,0,0,0,0,0,0,0,0,0,0,0,0,0,0,0,0,0,0,0,0,0,0,0,0,0,0,0,0,0,0,0,0,0,0,0,0,0,0,0,0,0,0,0,0,0,0,0,0,0,0,0,0,0,0,0,0,0,0,0,0,0,0,0,0,0,0,0,0,0,0,0,0,0,0,0,0,0,0,0,0,0,0,0,0,0,0,0,0,0,0,0,0,0,0,0,0,0,0,0,0
"k__Bacteria|p__Synergistetes|c__Synergistia|o__Synergistales|f__Synergistaceae|g__Cloacibacillus|s__Cloacibacillus_porcorum",0,0,0,0,0,0,0,0,0,0,0,0,0,0,0,0,0,0,0,0,0,0,0,0,0,0,0,0,0,0,0,0,0,0,0,0,0,0,0,0,0,0,0,0,0,0,0,0,0,0,0,0,0,0,0,0,0,0,0,0,0,0,0,0,0,0,0,0,0,0,0,0,0,0,0,0,0,0,0,0,0,0,0,0,0,0,0,0,0,0,0,0,0,0,0,0,0,0,0,0,0,0,0,0,0,0,0,0,0,0,0,0,0,0,0,0,0,0,0,0,0,0,0,0,0.00656,0,0,0,0,0,0,0,0,0,0,0,0,0,0,0,0,0,0,0,0,0,0
"k__Bacteria|p__Firmicutes|c__Bacilli|o__Lactobacillales|f__Leuconostocaceae|g__Leuconostoc|s__Leuconostoc_garlicum",0,0,0,0,0,0,0,0,0,0,0,0,0,0,0,0,0,0,0,0,0,0,0,0,0,0,0,0,0,0,0,0,0,0,0,0,0,0,0,0,0,0,0,0,0,0,0,0,0,0,0,0,0,0,0,0,0,0,0,0,0,0,0,0,0,0,0,0,0,0,0,0,0,0,0,0,0,0,0,0,0,0,0,0,0,0,0,0,0,0,0,0,0,0,0,0,0,0,0,0,0,0,0,0,0,0,0,0,0,0,0,0,0,0,0,0,0,0,0,0,0,0,0,0,0,0,0,0,0.00076,0,0,0,0,0,0,0,0,0,0,0,0,0,0,0,0,0,0
"k__Bacteria|p__Firmicutes|c__Negativicutes|o__Veillonellales|f__Veillonellaceae|g__Dialister|s__Dialister_succinatiphilus",0,0,0,0,0,0,0,0,0,0,0,0,0,0,0,0,0,0,0,0,0,0,0,0,0,0,0,0,0,0,0,0,0,0,0,0,0,0,0,0,0,0,0,0,0,0,0,0,0,0,0,0,0,0,0,0,0,0,0,0,0,0,0,0,0,0,0,0,0,0,0,0,0,0,0,0,0,0,0,0,0,0,0,0,0,0,0,0,0,0,0,0,0,0,0,0,0,0,0,0,0,0,0,0,0,0,0,0,0,0,0,0,0,0,0,0,0,0,0,0,0,0,0,0,0,0,0,0,0,2.44765,0,0,0,0,0,0,0,0,0,0,0,0,0,0,0,0,0
"k__Bacteria|p__Firmicutes|c__Clostridia|o__Clostridiales|f__Ruminococcaceae|g__Gemmiger|s__Gemmiger_sp_An194",0,0,0,0,0,0,0,0,0,0,0,0,0,0,0,0,0,0,0,0,0,0,0,0,0,0,0,0,0,0,0,0,0,0,0,0,0,0,0,0,0,0,0,0,0,0,0,0,0,0,0,0,0,0,0,0,0,0,0,0,0,0,0,0,0,0,0,0,0,0,0,0,0,0,0,0,0,0,0,0,0,0,0,0,0,0,0,0,0,0,0,0,0,0,0,0,0,0,0,0,0,0,0,0,0,0,0,0,0,0,0,0,0,0,0,0,0,0,0,0,0,0,0,0,0,0,0,0,0,0,0,0,0,8e-04,0,0,0,0,0,0,0,0,0,0,0,0,0
"k__Bacteria|p__Actinobacteria|c__Actinobacteria|o__Corynebacteriales|f__Mycobacteriaceae|g__Mycolicibacterium|s__Mycolicibacterium_mucogenicum",0,0,0,0,0,0,0,0,0,0,0,0,0,0,0,0,0,0,0,0,0,0,0,0,0,0,0,0,0,0,0,0,0,0,0,0,0,0,0,0,0,0,0,0,0,0,0,0,0,0,0,0,0,0,0,0,0,0,0,0,0,0,0,0,0,0,0,0,0,0,0,0,0,0,0,0,0,0,0,0,0,0,0,0,0,0,0,0,0,0,0,0,0,0,0,0,0,0,0,0,0,0,0,0,0,0,0,0,0,0,0,0,0,0,0,0,0,0,0,0,0,0,0,0,0,0,0,0,0,0,0,0,0,0,0,0,0,0,0,0,0,0,0,0,0,0,0
"k__Bacteria|p__Proteobacteria|c__Betaproteobacteria|o__Burkholderiales|f__Oxalobacteraceae|g__Massilia|s__Massilia_timonae",0,0,0,0,0,0,0,0,0,0,0,0,0,0,0,0,0,0,0,0,0,0,0,0,0,0,0,0,0,0,0,0,0,0,0,0,0,0,0,0,0,0,0,0,0,0,0,0,0,0,0,0,0,0,0,0,0,0,0,0,0,0,0,0,0,0,0,0,0,0,0,0,0,0,0,0,0,0,0,0,0,0,0,0,0,0,0,0,0,0,0,0,0,0,0,0,0,0,0,0,0,0,0,0,0,0,0,0,0,0,0,0,0,0,0,0,0,0,0,0,0,0,0,0,0,0,0,0,0,0,0,0,0,0,0,0,0,0,0,0,0,0,0,0,0,0,0
"k__Bacteria|p__Proteobacteria|c__Alphaproteobacteria|o__Sphingomonadales|f__Sphingomonadaceae|g__Sphingobium|s__Sphingobium_yanoikuyae",0,0,0,0,0,0,0,0,0,0,0,0,0,0,0,0,0,0,0,0,0,0,0,0,0,0,0,0,0,0,0,0,0,0,0,0,0,0,0,0,0,0,0,0,0,0,0,0,0,0,0,0,0,0,0,0,0,0,0,0,0,0,0,0,0,0,0,0,0,0,0,0,0,0,0,0,0,0,0,0,0,0,0,0,0,0,0,0,0,0,0,0,0,0,0,0,0,0,0,0,0,0,0,0,0,0,0,0,0,0,0,0,0,0,0,0,0,0,0,0,0,0,0,0,0,0,0,0,0,0,0,0,0,0,0,0,0,0,0,0,0,0,0,0,0,0,0
"k__Bacteria|p__Proteobacteria|c__Betaproteobacteria|o__Burkholderiales|f__Oxalobacteraceae|g__Herbaspirillum|s__Herbaspirillum_sp",0,0,0,0,0,0,0,0,0,0,0,0,0,0,0,0,0,0,0,0,0,0,0,0,0,0,0,0,0,0,0,0,0,0,0,0,0,0,0,0,0,0,0,0,0,0,0,0,0,0,0,0,0,0,0,0,0,0,0,0,0,0,0,0,0,0,0,0,0,0,0,0,0,0,0,0,0,0,0,0,0,0,0,0,0,0,0,0,0,0,0,0,0,0,0,0,0,0,0,0,0,0,0,0,0,0,0,0,0,0,0,0,0,0,0,0,0,0,0,0,0,0,0,0,0,0,0,0,0,0,0,0,0,0,0,0,0,0,0,0,0,0,0,0,0,0,0
"k__Bacteria|p__Cyanobacteria|c__Cyanobacteria_unclassified|o__Synechococcales|f__Synechococcaceae|g__Synechococcus|s__Synechococcus_sp_JA_2_3B_a_2_13",0,0,0,0,0,0,0,0,0,0,0,0,0,0,0,0,0,0,0,0,0,0,0,0,0,0,0,0,0,0,0,0,0,0,0,0,0,0,0,0,0,0,0,0,0,0,0,0,0,0,0,0,0,0,0,0,0,0,0,0,0,0,0,0,0,0,0,0,0,0,0,0,0,0,0,0,0,0,0,0,0,0,0,0,0,0,0,0,0,0,0,0,0,0,0,0,0,0,0,0,0,0,0,0,0,0,0,0,0,0,0,0,0,0,0,0,0,0,0,0,0,0,0,0,0,0,0,0,0,0,0,0,0,0,0,0,0,0,0,0,0,0,0,0,0,0,0
"k__Bacteria|p__Chloroflexi|c__Chloroflexia|o__Chloroflexales|f__Roseiflexaceae|g__Roseiflexus|s__Roseiflexus_sp_RS_1",0,0,0,0,0,0,0,0,0,0,0,0,0,0,0,0,0,0,0,0,0,0,0,0,0,0,0,0,0,0,0,0,0,0,0,0,0,0,0,0,0,0,0,0,0,0,0,0,0,0,0,0,0,0,0,0,0,0,0,0,0,0,0,0,0,0,0,0,0,0,0,0,0,0,0,0,0,0,0,0,0,0,0,0,0,0,0,0,0,0,0,0,0,0,0,0,0,0,0,0,0,0,0,0,0,0,0,0,0,0,0,0,0,0,0,0,0,0,0,0,0,0,0,0,0,0,0,0,0,0,0,0,0,0,0,0,0,0,0,0,0,0,0,0,0,0,0
"k__Bacteria|p__Firmicutes|c__Bacilli|o__Lactobacillales|f__Streptococcaceae|g__Streptococcus|s__Streptococcus_lutetiensis",0,0,0,0,0,0,0,0,0,0,0,0,0,0,0,0,0,0,0,0,0,0,0,0,0,0,0,0,0,0,0,0,0,0,0,0,0,0,0,0,0,0,0,0,0,0,0,0,0,0,0,0,0,0,0,0,0,0,0,0,0,0,0,0,0,0,0,0,0,0,0,0,0,0,0,0,0,0,0,0,0,0,0,0,0,0,0,0,0,0,0,0,0,0,0,0,0,0,0,0,0,0,0,0,0,0,0,0,0,0,0,0,0,0,0,0,0,0,0,0,0,0,0,0,0,0,0,0,0,0,0,0,0,0,0,0,0,0,0,0,0,0,0,0,0.00471,0,0
